<?xml version="1.0" encoding="UTF-8"?>
<gpx version="1.1" creator="sparki-nav-replay-fixtures" xmlns="http://www.topografix.com/GPX/1/1">
  <trk>
    <name>Klim Eyserbosweg rit Dylan+René</name>
    <trkseg>
      <trkpt lat="50.8586630" lon="5.8357430"><time>2026-07-22T19:24:44.919Z</time></trkpt>
      <trkpt lat="50.8585840" lon="5.8358250"><time>2026-07-22T19:24:45.824Z</time></trkpt>
      <trkpt lat="50.8584400" lon="5.8359590"><time>2026-07-22T19:24:47.219Z</time></trkpt>
      <trkpt lat="50.8584120" lon="5.8359850"><time>2026-07-22T19:24:47.646Z</time></trkpt>
      <trkpt lat="50.8583290" lon="5.8360570"><time>2026-07-22T19:24:49.850Z</time></trkpt>
      <trkpt lat="50.8581520" lon="5.8362060"><time>2026-07-22T19:24:55.530Z</time></trkpt>
      <trkpt lat="50.8577310" lon="5.8366090"><time>2026-07-22T19:25:01.489Z</time></trkpt>
      <trkpt lat="50.8576780" lon="5.8365230"><time>2026-07-22T19:25:02.669Z</time></trkpt>
      <trkpt lat="50.8576170" lon="5.8364870"><time>2026-07-22T19:25:03.772Z</time></trkpt>
      <trkpt lat="50.8573490" lon="5.8364510"><time>2026-07-22T19:25:08.331Z</time></trkpt>
      <trkpt lat="50.8570910" lon="5.8364430"><time>2026-07-22T19:25:16.215Z</time></trkpt>
      <trkpt lat="50.8569410" lon="5.8362940"><time>2026-07-22T19:25:23.661Z</time></trkpt>
      <trkpt lat="50.8564730" lon="5.8355050"><time>2026-07-22T19:25:42.386Z</time></trkpt>
      <trkpt lat="50.8562020" lon="5.8351090"><time>2026-07-22T19:25:53.203Z</time></trkpt>
      <trkpt lat="50.8559270" lon="5.8347880"><time>2026-07-22T19:26:04.146Z</time></trkpt>
      <trkpt lat="50.8557160" lon="5.8345990"><time>2026-07-22T19:26:08.850Z</time></trkpt>
      <trkpt lat="50.8552310" lon="5.8342000"><time>2026-07-22T19:26:23.164Z</time></trkpt>
      <trkpt lat="50.8550890" lon="5.8341030"><time>2026-07-22T19:26:27.693Z</time></trkpt>
      <trkpt lat="50.8548990" lon="5.8339920"><time>2026-07-22T19:26:33.492Z</time></trkpt>
      <trkpt lat="50.8546190" lon="5.8340090"><time>2026-07-22T19:26:40.559Z</time></trkpt>
      <trkpt lat="50.8543810" lon="5.8339660"><time>2026-07-22T19:26:47.955Z</time></trkpt>
      <trkpt lat="50.8536420" lon="5.8341630"><time>2026-07-22T19:27:14.658Z</time></trkpt>
      <trkpt lat="50.8535540" lon="5.8341280"><time>2026-07-22T19:27:17.114Z</time></trkpt>
      <trkpt lat="50.8533770" lon="5.8339670"><time>2026-07-22T19:27:21.259Z</time></trkpt>
      <trkpt lat="50.8529870" lon="5.8338120"><time>2026-07-22T19:27:31.873Z</time></trkpt>
      <trkpt lat="50.8528130" lon="5.8338430"><time>2026-07-22T19:27:35.263Z</time></trkpt>
      <trkpt lat="50.8526970" lon="5.8339090"><time>2026-07-22T19:27:37.807Z</time></trkpt>
      <trkpt lat="50.8524990" lon="5.8342350"><time>2026-07-22T19:27:44.982Z</time></trkpt>
      <trkpt lat="50.8522190" lon="5.8344660"><time>2026-07-22T19:27:51.306Z</time></trkpt>
      <trkpt lat="50.8518730" lon="5.8345660"><time>2026-07-22T19:27:58.418Z</time></trkpt>
      <trkpt lat="50.8510530" lon="5.8350620"><time>2026-07-22T19:28:20.084Z</time></trkpt>
      <trkpt lat="50.8509570" lon="5.8350750"><time>2026-07-22T19:28:22.993Z</time></trkpt>
      <trkpt lat="50.8507930" lon="5.8349830"><time>2026-07-22T19:28:27.030Z</time></trkpt>
      <trkpt lat="50.8506910" lon="5.8348200"><time>2026-07-22T19:28:29.717Z</time></trkpt>
      <trkpt lat="50.8504650" lon="5.8343450"><time>2026-07-22T19:28:38.359Z</time></trkpt>
      <trkpt lat="50.8503210" lon="5.8341720"><time>2026-07-22T19:28:46.441Z</time></trkpt>
      <trkpt lat="50.8500740" lon="5.8339950"><time>2026-07-22T19:28:59.092Z</time></trkpt>
      <trkpt lat="50.8496120" lon="5.8337320"><time>2026-07-22T19:29:20.904Z</time></trkpt>
      <trkpt lat="50.8491120" lon="5.8333460"><time>2026-07-22T19:29:37.507Z</time></trkpt>
      <trkpt lat="50.8488920" lon="5.8331280"><time>2026-07-22T19:29:41.533Z</time></trkpt>
      <trkpt lat="50.8482470" lon="5.8323410"><time>2026-07-22T19:29:54.578Z</time></trkpt>
      <trkpt lat="50.8478070" lon="5.8318220"><time>2026-07-22T19:30:07.177Z</time></trkpt>
      <trkpt lat="50.8475000" lon="5.8312760"><time>2026-07-22T19:30:14.885Z</time></trkpt>
      <trkpt lat="50.8470350" lon="5.8303330"><time>2026-07-22T19:30:29.201Z</time></trkpt>
      <trkpt lat="50.8466450" lon="5.8289500"><time>2026-07-22T19:30:53.360Z</time></trkpt>
      <trkpt lat="50.8463630" lon="5.8286730"><time>2026-07-22T19:31:04.124Z</time></trkpt>
      <trkpt lat="50.8457740" lon="5.8276500"><time>2026-07-22T19:31:30.411Z</time></trkpt>
      <trkpt lat="50.8456670" lon="5.8274790"><time>2026-07-22T19:31:34.541Z</time></trkpt>
      <trkpt lat="50.8449930" lon="5.8261370"><time>2026-07-22T19:31:56.953Z</time></trkpt>
      <trkpt lat="50.8450800" lon="5.8258890"><time>2026-07-22T19:31:59.682Z</time></trkpt>
      <trkpt lat="50.8450990" lon="5.8256510"><time>2026-07-22T19:32:02.081Z</time></trkpt>
      <trkpt lat="50.8450570" lon="5.8253280"><time>2026-07-22T19:32:05.839Z</time></trkpt>
      <trkpt lat="50.8449180" lon="5.8247770"><time>2026-07-22T19:32:12.793Z</time></trkpt>
      <trkpt lat="50.8449100" lon="5.8246030"><time>2026-07-22T19:32:14.870Z</time></trkpt>
      <trkpt lat="50.8449400" lon="5.8243980"><time>2026-07-22T19:32:17.648Z</time></trkpt>
      <trkpt lat="50.8451850" lon="5.8236410"><time>2026-07-22T19:32:32.553Z</time></trkpt>
      <trkpt lat="50.8449920" lon="5.8235060"><time>2026-07-22T19:32:37.035Z</time></trkpt>
      <trkpt lat="50.8445800" lon="5.8229580"><time>2026-07-22T19:32:47.716Z</time></trkpt>
      <trkpt lat="50.8444360" lon="5.8228740"><time>2026-07-22T19:32:50.645Z</time></trkpt>
      <trkpt lat="50.8445630" lon="5.8221520"><time>2026-07-22T19:32:58.571Z</time></trkpt>
      <trkpt lat="50.8445480" lon="5.8219080"><time>2026-07-22T19:33:01.362Z</time></trkpt>
      <trkpt lat="50.8444250" lon="5.8210090"><time>2026-07-22T19:33:11.867Z</time></trkpt>
      <trkpt lat="50.8444820" lon="5.8209760"><time>2026-07-22T19:33:12.840Z</time></trkpt>
      <trkpt lat="50.8444070" lon="5.8198550"><time>2026-07-22T19:33:23.126Z</time></trkpt>
      <trkpt lat="50.8443790" lon="5.8185420"><time>2026-07-22T19:33:31.702Z</time></trkpt>
      <trkpt lat="50.8440630" lon="5.8173040"><time>2026-07-22T19:33:42.039Z</time></trkpt>
      <trkpt lat="50.8438720" lon="5.8164510"><time>2026-07-22T19:33:49.233Z</time></trkpt>
      <trkpt lat="50.8437210" lon="5.8156720"><time>2026-07-22T19:33:55.960Z</time></trkpt>
      <trkpt lat="50.8436540" lon="5.8150950"><time>2026-07-22T19:34:01.034Z</time></trkpt>
      <trkpt lat="50.8436550" lon="5.8146310"><time>2026-07-22T19:34:05.258Z</time></trkpt>
      <trkpt lat="50.8438800" lon="5.8125660"><time>2026-07-22T19:34:23.896Z</time></trkpt>
      <trkpt lat="50.8439450" lon="5.8113130"><time>2026-07-22T19:34:34.235Z</time></trkpt>
      <trkpt lat="50.8439780" lon="5.8110780"><time>2026-07-22T19:34:36.066Z</time></trkpt>
      <trkpt lat="50.8436170" lon="5.8101870"><time>2026-07-22T19:34:42.766Z</time></trkpt>
      <trkpt lat="50.8433390" lon="5.8097590"><time>2026-07-22T19:34:46.350Z</time></trkpt>
      <trkpt lat="50.8430200" lon="5.8094170"><time>2026-07-22T19:34:49.754Z</time></trkpt>
      <trkpt lat="50.8419190" lon="5.8084470"><time>2026-07-22T19:35:02.151Z</time></trkpt>
      <trkpt lat="50.8416410" lon="5.8081090"><time>2026-07-22T19:35:05.883Z</time></trkpt>
      <trkpt lat="50.8414650" lon="5.8078080"><time>2026-07-22T19:35:08.177Z</time></trkpt>
      <trkpt lat="50.8411020" lon="5.8067990"><time>2026-07-22T19:35:15.931Z</time></trkpt>
      <trkpt lat="50.8409700" lon="5.8063160"><time>2026-07-22T19:35:19.293Z</time></trkpt>
      <trkpt lat="50.8409480" lon="5.8061760"><time>2026-07-22T19:35:20.251Z</time></trkpt>
      <trkpt lat="50.8409390" lon="5.8058350"><time>2026-07-22T19:35:22.571Z</time></trkpt>
      <trkpt lat="50.8410170" lon="5.8047360"><time>2026-07-22T19:35:30.595Z</time></trkpt>
      <trkpt lat="50.8410370" lon="5.8031590"><time>2026-07-22T19:35:43.010Z</time></trkpt>
      <trkpt lat="50.8412300" lon="5.7998510"><time>2026-07-22T19:36:01.976Z</time></trkpt>
      <trkpt lat="50.8412400" lon="5.7994630"><time>2026-07-22T19:36:04.108Z</time></trkpt>
      <trkpt lat="50.8412570" lon="5.7988700"><time>2026-07-22T19:36:08.526Z</time></trkpt>
      <trkpt lat="50.8412390" lon="5.7981270"><time>2026-07-22T19:36:16.815Z</time></trkpt>
      <trkpt lat="50.8412730" lon="5.7977550"><time>2026-07-22T19:36:21.778Z</time></trkpt>
      <trkpt lat="50.8413290" lon="5.7973620"><time>2026-07-22T19:36:25.162Z</time></trkpt>
      <trkpt lat="50.8414200" lon="5.7969640"><time>2026-07-22T19:36:27.383Z</time></trkpt>
      <trkpt lat="50.8416810" lon="5.7962020"><time>2026-07-22T19:36:31.761Z</time></trkpt>
      <trkpt lat="50.8423750" lon="5.7938250"><time>2026-07-22T19:36:47.598Z</time></trkpt>
      <trkpt lat="50.8424800" lon="5.7933960"><time>2026-07-22T19:36:51.484Z</time></trkpt>
      <trkpt lat="50.8427280" lon="5.7921540"><time>2026-07-22T19:37:03.878Z</time></trkpt>
      <trkpt lat="50.8428090" lon="5.7914810"><time>2026-07-22T19:37:09.979Z</time></trkpt>
      <trkpt lat="50.8428450" lon="5.7907890"><time>2026-07-22T19:37:15.426Z</time></trkpt>
      <trkpt lat="50.8428960" lon="5.7904210"><time>2026-07-22T19:37:17.918Z</time></trkpt>
      <trkpt lat="50.8430080" lon="5.7898850"><time>2026-07-22T19:37:21.181Z</time></trkpt>
      <trkpt lat="50.8432770" lon="5.7883620"><time>2026-07-22T19:37:30.050Z</time></trkpt>
      <trkpt lat="50.8422260" lon="5.7874710"><time>2026-07-22T19:37:40.247Z</time></trkpt>
      <trkpt lat="50.8406080" lon="5.7869120"><time>2026-07-22T19:38:06.641Z</time></trkpt>
      <trkpt lat="50.8383510" lon="5.7860800"><time>2026-07-22T19:38:30.915Z</time></trkpt>
      <trkpt lat="50.8382880" lon="5.7860850"><time>2026-07-22T19:38:32.381Z</time></trkpt>
      <trkpt lat="50.8382220" lon="5.7861560"><time>2026-07-22T19:38:34.642Z</time></trkpt>
      <trkpt lat="50.8381830" lon="5.7862690"><time>2026-07-22T19:38:36.868Z</time></trkpt>
      <trkpt lat="50.8378410" lon="5.7860530"><time>2026-07-22T19:38:44.151Z</time></trkpt>
      <trkpt lat="50.8371950" lon="5.7857490"><time>2026-07-22T19:38:50.065Z</time></trkpt>
      <trkpt lat="50.8370080" lon="5.7856250"><time>2026-07-22T19:38:51.801Z</time></trkpt>
      <trkpt lat="50.8360520" lon="5.7844610"><time>2026-07-22T19:39:02.269Z</time></trkpt>
      <trkpt lat="50.8359840" lon="5.7843680"><time>2026-07-22T19:39:03.232Z</time></trkpt>
      <trkpt lat="50.8351950" lon="5.7832490"><time>2026-07-22T19:39:11.938Z</time></trkpt>
      <trkpt lat="50.8340230" lon="5.7810700"><time>2026-07-22T19:39:27.372Z</time></trkpt>
      <trkpt lat="50.8339200" lon="5.7808520"><time>2026-07-22T19:39:30.063Z</time></trkpt>
      <trkpt lat="50.8339140" lon="5.7808310"><time>2026-07-22T19:39:30.302Z</time></trkpt>
      <trkpt lat="50.8338580" lon="5.7806380"><time>2026-07-22T19:39:32.170Z</time></trkpt>
      <trkpt lat="50.8338500" lon="5.7803990"><time>2026-07-22T19:39:33.698Z</time></trkpt>
      <trkpt lat="50.8338970" lon="5.7793710"><time>2026-07-22T19:39:40.455Z</time></trkpt>
      <trkpt lat="50.8339290" lon="5.7789310"><time>2026-07-22T19:39:42.930Z</time></trkpt>
      <trkpt lat="50.8339590" lon="5.7784970"><time>2026-07-22T19:39:45.138Z</time></trkpt>
      <trkpt lat="50.8339630" lon="5.7782520"><time>2026-07-22T19:39:46.458Z</time></trkpt>
      <trkpt lat="50.8339270" lon="5.7778430"><time>2026-07-22T19:39:48.338Z</time></trkpt>
      <trkpt lat="50.8339500" lon="5.7772100"><time>2026-07-22T19:39:51.047Z</time></trkpt>
      <trkpt lat="50.8339200" lon="5.7764760"><time>2026-07-22T19:39:54.146Z</time></trkpt>
      <trkpt lat="50.8338930" lon="5.7763710"><time>2026-07-22T19:39:54.621Z</time></trkpt>
      <trkpt lat="50.8337960" lon="5.7761740"><time>2026-07-22T19:39:55.665Z</time></trkpt>
      <trkpt lat="50.8336800" lon="5.7760250"><time>2026-07-22T19:39:56.652Z</time></trkpt>
      <trkpt lat="50.8335030" lon="5.7758980"><time>2026-07-22T19:39:57.970Z</time></trkpt>
      <trkpt lat="50.8333150" lon="5.7758940"><time>2026-07-22T19:39:59.359Z</time></trkpt>
      <trkpt lat="50.8330360" lon="5.7759890"><time>2026-07-22T19:40:01.787Z</time></trkpt>
      <trkpt lat="50.8329620" lon="5.7759780"><time>2026-07-22T19:40:02.323Z</time></trkpt>
      <trkpt lat="50.8328800" lon="5.7758970"><time>2026-07-22T19:40:03.039Z</time></trkpt>
      <trkpt lat="50.8321170" lon="5.7746060"><time>2026-07-22T19:40:29.999Z</time></trkpt>
      <trkpt lat="50.8316540" lon="5.7740090"><time>2026-07-22T19:40:53.290Z</time></trkpt>
      <trkpt lat="50.8314870" lon="5.7737750"><time>2026-07-22T19:41:03.110Z</time></trkpt>
      <trkpt lat="50.8311050" lon="5.7732170"><time>2026-07-22T19:41:24.217Z</time></trkpt>
      <trkpt lat="50.8309660" lon="5.7730150"><time>2026-07-22T19:41:30.724Z</time></trkpt>
      <trkpt lat="50.8308610" lon="5.7728640"><time>2026-07-22T19:41:37.211Z</time></trkpt>
      <trkpt lat="50.8307390" lon="5.7727030"><time>2026-07-22T19:41:44.339Z</time></trkpt>
      <trkpt lat="50.8304730" lon="5.7724810"><time>2026-07-22T19:41:52.929Z</time></trkpt>
      <trkpt lat="50.8302000" lon="5.7722780"><time>2026-07-22T19:42:01.340Z</time></trkpt>
      <trkpt lat="50.8300510" lon="5.7721670"><time>2026-07-22T19:42:06.871Z</time></trkpt>
      <trkpt lat="50.8299730" lon="5.7721140"><time>2026-07-22T19:42:09.563Z</time></trkpt>
      <trkpt lat="50.8297470" lon="5.7719900"><time>2026-07-22T19:42:15.774Z</time></trkpt>
      <trkpt lat="50.8291370" lon="5.7717420"><time>2026-07-22T19:42:28.782Z</time></trkpt>
      <trkpt lat="50.8282540" lon="5.7713580"><time>2026-07-22T19:42:48.986Z</time></trkpt>
      <trkpt lat="50.8283450" lon="5.7706670"><time>2026-07-22T19:42:55.034Z</time></trkpt>
      <trkpt lat="50.8286140" lon="5.7683100"><time>2026-07-22T19:43:12.116Z</time></trkpt>
      <trkpt lat="50.8283050" lon="5.7682260"><time>2026-07-22T19:43:16.742Z</time></trkpt>
      <trkpt lat="50.8281370" lon="5.7681810"><time>2026-07-22T19:43:18.725Z</time></trkpt>
      <trkpt lat="50.8279270" lon="5.7681250"><time>2026-07-22T19:43:21.353Z</time></trkpt>
      <trkpt lat="50.8275730" lon="5.7680260"><time>2026-07-22T19:43:25.009Z</time></trkpt>
      <trkpt lat="50.8271700" lon="5.7679400"><time>2026-07-22T19:43:28.378Z</time></trkpt>
      <trkpt lat="50.8269960" lon="5.7679470"><time>2026-07-22T19:43:29.721Z</time></trkpt>
      <trkpt lat="50.8264130" lon="5.7679560"><time>2026-07-22T19:43:34.236Z</time></trkpt>
      <trkpt lat="50.8263840" lon="5.7679190"><time>2026-07-22T19:43:34.596Z</time></trkpt>
      <trkpt lat="50.8263670" lon="5.7679100"><time>2026-07-22T19:43:34.788Z</time></trkpt>
      <trkpt lat="50.8263390" lon="5.7678970"><time>2026-07-22T19:43:35.138Z</time></trkpt>
      <trkpt lat="50.8263450" lon="5.7678570"><time>2026-07-22T19:43:35.505Z</time></trkpt>
      <trkpt lat="50.8263570" lon="5.7677070"><time>2026-07-22T19:43:37.456Z</time></trkpt>
      <trkpt lat="50.8263360" lon="5.7675020"><time>2026-07-22T19:43:40.129Z</time></trkpt>
      <trkpt lat="50.8263650" lon="5.7672830"><time>2026-07-22T19:43:42.793Z</time></trkpt>
      <trkpt lat="50.8264300" lon="5.7668060"><time>2026-07-22T19:43:47.019Z</time></trkpt>
      <trkpt lat="50.8265020" lon="5.7664780"><time>2026-07-22T19:43:49.925Z</time></trkpt>
      <trkpt lat="50.8264660" lon="5.7664640"><time>2026-07-22T19:43:50.468Z</time></trkpt>
      <trkpt lat="50.8264530" lon="5.7664580"><time>2026-07-22T19:43:50.667Z</time></trkpt>
      <trkpt lat="50.8264370" lon="5.7664510"><time>2026-07-22T19:43:50.913Z</time></trkpt>
      <trkpt lat="50.8264070" lon="5.7664380"><time>2026-07-22T19:43:51.392Z</time></trkpt>
      <trkpt lat="50.8263930" lon="5.7664320"><time>2026-07-22T19:43:51.619Z</time></trkpt>
      <trkpt lat="50.8263800" lon="5.7664270"><time>2026-07-22T19:43:51.833Z</time></trkpt>
      <trkpt lat="50.8263590" lon="5.7664180"><time>2026-07-22T19:43:52.168Z</time></trkpt>
      <trkpt lat="50.8262860" lon="5.7666180"><time>2026-07-22T19:43:54.235Z</time></trkpt>
      <trkpt lat="50.8262790" lon="5.7666620"><time>2026-07-22T19:43:54.496Z</time></trkpt>
      <trkpt lat="50.8262400" lon="5.7666620"><time>2026-07-22T19:43:54.832Z</time></trkpt>
      <trkpt lat="50.8262050" lon="5.7666990"><time>2026-07-22T19:43:55.174Z</time></trkpt>
      <trkpt lat="50.8261840" lon="5.7666950"><time>2026-07-22T19:43:55.337Z</time></trkpt>
      <trkpt lat="50.8259610" lon="5.7666700"><time>2026-07-22T19:43:57.018Z</time></trkpt>
      <trkpt lat="50.8257530" lon="5.7665860"><time>2026-07-22T19:43:58.694Z</time></trkpt>
      <trkpt lat="50.8256270" lon="5.7663920"><time>2026-07-22T19:44:00.170Z</time></trkpt>
      <trkpt lat="50.8255450" lon="5.7661170"><time>2026-07-22T19:44:01.907Z</time></trkpt>
      <trkpt lat="50.8254390" lon="5.7657170"><time>2026-07-22T19:44:04.503Z</time></trkpt>
      <trkpt lat="50.8252990" lon="5.7653130"><time>2026-07-22T19:44:06.955Z</time></trkpt>
      <trkpt lat="50.8251360" lon="5.7649610"><time>2026-07-22T19:44:09.084Z</time></trkpt>
      <trkpt lat="50.8249840" lon="5.7646900"><time>2026-07-22T19:44:10.802Z</time></trkpt>
      <trkpt lat="50.8245290" lon="5.7639350"><time>2026-07-22T19:44:15.453Z</time></trkpt>
      <trkpt lat="50.8243090" lon="5.7636350"><time>2026-07-22T19:44:17.428Z</time></trkpt>
      <trkpt lat="50.8242720" lon="5.7635670"><time>2026-07-22T19:44:17.805Z</time></trkpt>
      <trkpt lat="50.8241950" lon="5.7632320"><time>2026-07-22T19:44:19.295Z</time></trkpt>
      <trkpt lat="50.8241410" lon="5.7631260"><time>2026-07-22T19:44:19.870Z</time></trkpt>
      <trkpt lat="50.8237740" lon="5.7627750"><time>2026-07-22T19:44:22.713Z</time></trkpt>
      <trkpt lat="50.8236760" lon="5.7625860"><time>2026-07-22T19:44:23.760Z</time></trkpt>
      <trkpt lat="50.8236100" lon="5.7622140"><time>2026-07-22T19:44:25.469Z</time></trkpt>
      <trkpt lat="50.8235300" lon="5.7621350"><time>2026-07-22T19:44:26.114Z</time></trkpt>
      <trkpt lat="50.8234620" lon="5.7621800"><time>2026-07-22T19:44:26.629Z</time></trkpt>
      <trkpt lat="50.8232360" lon="5.7625710"><time>2026-07-22T19:44:29.060Z</time></trkpt>
      <trkpt lat="50.8230940" lon="5.7626570"><time>2026-07-22T19:44:30.073Z</time></trkpt>
      <trkpt lat="50.8229860" lon="5.7626400"><time>2026-07-22T19:44:30.804Z</time></trkpt>
      <trkpt lat="50.8226380" lon="5.7624800"><time>2026-07-22T19:44:33.669Z</time></trkpt>
      <trkpt lat="50.8224730" lon="5.7624590"><time>2026-07-22T19:44:36.848Z</time></trkpt>
      <trkpt lat="50.8223250" lon="5.7624930"><time>2026-07-22T19:44:41.571Z</time></trkpt>
      <trkpt lat="50.8217230" lon="5.7627530"><time>2026-07-22T19:45:05.202Z</time></trkpt>
      <trkpt lat="50.8213790" lon="5.7629430"><time>2026-07-22T19:45:17.759Z</time></trkpt>
      <trkpt lat="50.8212230" lon="5.7629910"><time>2026-07-22T19:45:22.103Z</time></trkpt>
      <trkpt lat="50.8206410" lon="5.7631240"><time>2026-07-22T19:45:39.234Z</time></trkpt>
      <trkpt lat="50.8199280" lon="5.7632040"><time>2026-07-22T19:45:57.189Z</time></trkpt>
      <trkpt lat="50.8195800" lon="5.7633120"><time>2026-07-22T19:46:09.030Z</time></trkpt>
      <trkpt lat="50.8188820" lon="5.7637100"><time>2026-07-22T19:46:38.283Z</time></trkpt>
      <trkpt lat="50.8183890" lon="5.7639020"><time>2026-07-22T19:46:55.852Z</time></trkpt>
      <trkpt lat="50.8173360" lon="5.7640110"><time>2026-07-22T19:47:21.425Z</time></trkpt>
      <trkpt lat="50.8165160" lon="5.7639410"><time>2026-07-22T19:47:37.510Z</time></trkpt>
      <trkpt lat="50.8163310" lon="5.7638870"><time>2026-07-22T19:47:41.136Z</time></trkpt>
      <trkpt lat="50.8162010" lon="5.7638100"><time>2026-07-22T19:47:43.849Z</time></trkpt>
      <trkpt lat="50.8156210" lon="5.7633310"><time>2026-07-22T19:47:56.557Z</time></trkpt>
      <trkpt lat="50.8153220" lon="5.7631890"><time>2026-07-22T19:48:02.784Z</time></trkpt>
      <trkpt lat="50.8150560" lon="5.7631720"><time>2026-07-22T19:48:07.974Z</time></trkpt>
      <trkpt lat="50.8146320" lon="5.7632700"><time>2026-07-22T19:48:16.287Z</time></trkpt>
      <trkpt lat="50.8141460" lon="5.7633970"><time>2026-07-22T19:48:27.004Z</time></trkpt>
      <trkpt lat="50.8139220" lon="5.7634920"><time>2026-07-22T19:48:31.952Z</time></trkpt>
      <trkpt lat="50.8127510" lon="5.7643570"><time>2026-07-22T19:48:50.864Z</time></trkpt>
      <trkpt lat="50.8118200" lon="5.7649180"><time>2026-07-22T19:49:00.516Z</time></trkpt>
      <trkpt lat="50.8113690" lon="5.7651870"><time>2026-07-22T19:49:06.851Z</time></trkpt>
      <trkpt lat="50.8105440" lon="5.7656960"><time>2026-07-22T19:49:20.942Z</time></trkpt>
      <trkpt lat="50.8103810" lon="5.7657660"><time>2026-07-22T19:49:22.858Z</time></trkpt>
      <trkpt lat="50.8100150" lon="5.7658440"><time>2026-07-22T19:49:26.779Z</time></trkpt>
      <trkpt lat="50.8091840" lon="5.7658820"><time>2026-07-22T19:49:41.253Z</time></trkpt>
      <trkpt lat="50.8087480" lon="5.7659670"><time>2026-07-22T19:49:53.223Z</time></trkpt>
      <trkpt lat="50.8085490" lon="5.7660350"><time>2026-07-22T19:49:57.699Z</time></trkpt>
      <trkpt lat="50.8084740" lon="5.7660680"><time>2026-07-22T19:49:59.098Z</time></trkpt>
      <trkpt lat="50.8083160" lon="5.7660450"><time>2026-07-22T19:50:01.992Z</time></trkpt>
      <trkpt lat="50.8082290" lon="5.7660610"><time>2026-07-22T19:50:03.453Z</time></trkpt>
      <trkpt lat="50.8072700" lon="5.7664840"><time>2026-07-22T19:50:16.202Z</time></trkpt>
      <trkpt lat="50.8071420" lon="5.7665060"><time>2026-07-22T19:50:17.330Z</time></trkpt>
      <trkpt lat="50.8068850" lon="5.7664790"><time>2026-07-22T19:50:19.453Z</time></trkpt>
      <trkpt lat="50.8066480" lon="5.7663660"><time>2026-07-22T19:50:22.414Z</time></trkpt>
      <trkpt lat="50.8064760" lon="5.7663380"><time>2026-07-22T19:50:24.800Z</time></trkpt>
      <trkpt lat="50.8064010" lon="5.7663270"><time>2026-07-22T19:50:25.910Z</time></trkpt>
      <trkpt lat="50.8063580" lon="5.7667040"><time>2026-07-22T19:50:28.977Z</time></trkpt>
      <trkpt lat="50.8063470" lon="5.7671540"><time>2026-07-22T19:50:31.177Z</time></trkpt>
      <trkpt lat="50.8064070" lon="5.7676750"><time>2026-07-22T19:50:33.751Z</time></trkpt>
      <trkpt lat="50.8064320" lon="5.7686100"><time>2026-07-22T19:50:38.404Z</time></trkpt>
      <trkpt lat="50.8065270" lon="5.7693560"><time>2026-07-22T19:50:42.437Z</time></trkpt>
      <trkpt lat="50.8067420" lon="5.7701880"><time>2026-07-22T19:50:47.551Z</time></trkpt>
      <trkpt lat="50.8071010" lon="5.7712890"><time>2026-07-22T19:50:54.573Z</time></trkpt>
      <trkpt lat="50.8073290" lon="5.7720780"><time>2026-07-22T19:51:00.142Z</time></trkpt>
      <trkpt lat="50.8073530" lon="5.7726880"><time>2026-07-22T19:51:06.725Z</time></trkpt>
      <trkpt lat="50.8072880" lon="5.7743800"><time>2026-07-22T19:51:30.453Z</time></trkpt>
      <trkpt lat="50.8074080" lon="5.7756170"><time>2026-07-22T19:51:45.662Z</time></trkpt>
      <trkpt lat="50.8074610" lon="5.7758770"><time>2026-07-22T19:51:48.717Z</time></trkpt>
      <trkpt lat="50.8072690" lon="5.7761500"><time>2026-07-22T19:51:53.428Z</time></trkpt>
      <trkpt lat="50.8068570" lon="5.7766440"><time>2026-07-22T19:52:03.107Z</time></trkpt>
      <trkpt lat="50.8067890" lon="5.7767130"><time>2026-07-22T19:52:04.300Z</time></trkpt>
      <trkpt lat="50.8066180" lon="5.7766750"><time>2026-07-22T19:52:05.998Z</time></trkpt>
      <trkpt lat="50.8062140" lon="5.7765840"><time>2026-07-22T19:52:09.673Z</time></trkpt>
      <trkpt lat="50.8056910" lon="5.7760610"><time>2026-07-22T19:52:14.752Z</time></trkpt>
      <trkpt lat="50.8046070" lon="5.7741700"><time>2026-07-22T19:52:34.650Z</time></trkpt>
      <trkpt lat="50.8044100" lon="5.7740180"><time>2026-07-22T19:52:38.062Z</time></trkpt>
      <trkpt lat="50.8041570" lon="5.7738790"><time>2026-07-22T19:52:41.738Z</time></trkpt>
      <trkpt lat="50.8040880" lon="5.7738070"><time>2026-07-22T19:52:42.761Z</time></trkpt>
      <trkpt lat="50.8037200" lon="5.7733020"><time>2026-07-22T19:52:48.337Z</time></trkpt>
      <trkpt lat="50.8031590" lon="5.7726420"><time>2026-07-22T19:52:56.779Z</time></trkpt>
      <trkpt lat="50.8028780" lon="5.7722690"><time>2026-07-22T19:53:02.107Z</time></trkpt>
      <trkpt lat="50.8025500" lon="5.7717870"><time>2026-07-22T19:53:09.647Z</time></trkpt>
      <trkpt lat="50.8023390" lon="5.7714030"><time>2026-07-22T19:53:15.375Z</time></trkpt>
      <trkpt lat="50.8015130" lon="5.7693020"><time>2026-07-22T19:53:43.550Z</time></trkpt>
      <trkpt lat="50.8014400" lon="5.7691670"><time>2026-07-22T19:53:45.916Z</time></trkpt>
      <trkpt lat="50.8011360" lon="5.7689940"><time>2026-07-22T19:53:53.295Z</time></trkpt>
      <trkpt lat="50.8006420" lon="5.7688030"><time>2026-07-22T19:54:04.533Z</time></trkpt>
      <trkpt lat="50.7997710" lon="5.7685460"><time>2026-07-22T19:54:19.421Z</time></trkpt>
      <trkpt lat="50.7993480" lon="5.7684220"><time>2026-07-22T19:54:26.375Z</time></trkpt>
      <trkpt lat="50.7989200" lon="5.7684530"><time>2026-07-22T19:54:30.957Z</time></trkpt>
      <trkpt lat="50.7984870" lon="5.7685780"><time>2026-07-22T19:54:35.411Z</time></trkpt>
      <trkpt lat="50.7981110" lon="5.7687550"><time>2026-07-22T19:54:39.481Z</time></trkpt>
      <trkpt lat="50.7975990" lon="5.7689470"><time>2026-07-22T19:54:46.318Z</time></trkpt>
      <trkpt lat="50.7973200" lon="5.7690190"><time>2026-07-22T19:54:50.082Z</time></trkpt>
      <trkpt lat="50.7970110" lon="5.7689780"><time>2026-07-22T19:54:54.569Z</time></trkpt>
      <trkpt lat="50.7963380" lon="5.7686930"><time>2026-07-22T19:55:01.380Z</time></trkpt>
      <trkpt lat="50.7962250" lon="5.7686840"><time>2026-07-22T19:55:02.453Z</time></trkpt>
      <trkpt lat="50.7953910" lon="5.7686540"><time>2026-07-22T19:55:09.635Z</time></trkpt>
      <trkpt lat="50.7951360" lon="5.7686610"><time>2026-07-22T19:55:13.177Z</time></trkpt>
      <trkpt lat="50.7946500" lon="5.7687800"><time>2026-07-22T19:55:19.571Z</time></trkpt>
      <trkpt lat="50.7946120" lon="5.7687980"><time>2026-07-22T19:55:20.098Z</time></trkpt>
      <trkpt lat="50.7945440" lon="5.7688310"><time>2026-07-22T19:55:21.002Z</time></trkpt>
      <trkpt lat="50.7944690" lon="5.7681190"><time>2026-07-22T19:55:24.771Z</time></trkpt>
      <trkpt lat="50.7944550" lon="5.7677260"><time>2026-07-22T19:55:27.139Z</time></trkpt>
      <trkpt lat="50.7944680" lon="5.7673430"><time>2026-07-22T19:55:29.260Z</time></trkpt>
      <trkpt lat="50.7945060" lon="5.7670270"><time>2026-07-22T19:55:31.750Z</time></trkpt>
      <trkpt lat="50.7946070" lon="5.7665650"><time>2026-07-22T19:55:36.157Z</time></trkpt>
      <trkpt lat="50.7947110" lon="5.7662420"><time>2026-07-22T19:55:39.410Z</time></trkpt>
      <trkpt lat="50.7948540" lon="5.7659250"><time>2026-07-22T19:55:41.869Z</time></trkpt>
      <trkpt lat="50.7950060" lon="5.7656660"><time>2026-07-22T19:55:44.248Z</time></trkpt>
      <trkpt lat="50.7951290" lon="5.7654950"><time>2026-07-22T19:55:46.518Z</time></trkpt>
      <trkpt lat="50.7953850" lon="5.7652350"><time>2026-07-22T19:55:50.478Z</time></trkpt>
      <trkpt lat="50.7952940" lon="5.7649750"><time>2026-07-22T19:55:53.194Z</time></trkpt>
      <trkpt lat="50.7952160" lon="5.7648220"><time>2026-07-22T19:55:55.464Z</time></trkpt>
      <trkpt lat="50.7950200" lon="5.7646160"><time>2026-07-22T19:55:58.183Z</time></trkpt>
      <trkpt lat="50.7948530" lon="5.7644990"><time>2026-07-22T19:55:59.713Z</time></trkpt>
      <trkpt lat="50.7947060" lon="5.7644570"><time>2026-07-22T19:56:00.923Z</time></trkpt>
      <trkpt lat="50.7945330" lon="5.7644790"><time>2026-07-22T19:56:02.339Z</time></trkpt>
      <trkpt lat="50.7943030" lon="5.7646130"><time>2026-07-22T19:56:04.364Z</time></trkpt>
      <trkpt lat="50.7941540" lon="5.7647380"><time>2026-07-22T19:56:05.768Z</time></trkpt>
      <trkpt lat="50.7935910" lon="5.7653530"><time>2026-07-22T19:56:11.595Z</time></trkpt>
      <trkpt lat="50.7933080" lon="5.7655030"><time>2026-07-22T19:56:14.095Z</time></trkpt>
      <trkpt lat="50.7931060" lon="5.7655350"><time>2026-07-22T19:56:15.783Z</time></trkpt>
      <trkpt lat="50.7925970" lon="5.7654710"><time>2026-07-22T19:56:19.593Z</time></trkpt>
      <trkpt lat="50.7925270" lon="5.7654580"><time>2026-07-22T19:56:20.081Z</time></trkpt>
      <trkpt lat="50.7916640" lon="5.7653270"><time>2026-07-22T19:56:25.960Z</time></trkpt>
      <trkpt lat="50.7913650" lon="5.7652260"><time>2026-07-22T19:56:27.965Z</time></trkpt>
      <trkpt lat="50.7911560" lon="5.7650470"><time>2026-07-22T19:56:29.598Z</time></trkpt>
      <trkpt lat="50.7909870" lon="5.7647850"><time>2026-07-22T19:56:31.476Z</time></trkpt>
      <trkpt lat="50.7903620" lon="5.7633550"><time>2026-07-22T19:56:39.658Z</time></trkpt>
      <trkpt lat="50.7899720" lon="5.7622530"><time>2026-07-22T19:56:46.536Z</time></trkpt>
      <trkpt lat="50.7899700" lon="5.7621590"><time>2026-07-22T19:56:47.939Z</time></trkpt>
      <trkpt lat="50.7899520" lon="5.7619670"><time>2026-07-22T19:56:50.106Z</time></trkpt>
      <trkpt lat="50.7899200" lon="5.7618500"><time>2026-07-22T19:56:50.665Z</time></trkpt>
      <trkpt lat="50.7899060" lon="5.7618610"><time>2026-07-22T19:56:50.773Z</time></trkpt>
      <trkpt lat="50.7898980" lon="5.7618680"><time>2026-07-22T19:56:50.837Z</time></trkpt>
      <trkpt lat="50.7898870" lon="5.7618760"><time>2026-07-22T19:56:50.915Z</time></trkpt>
      <trkpt lat="50.7898760" lon="5.7618840"><time>2026-07-22T19:56:51.001Z</time></trkpt>
      <trkpt lat="50.7898540" lon="5.7619020"><time>2026-07-22T19:56:51.172Z</time></trkpt>
      <trkpt lat="50.7898430" lon="5.7619100"><time>2026-07-22T19:56:51.252Z</time></trkpt>
      <trkpt lat="50.7898320" lon="5.7619190"><time>2026-07-22T19:56:51.337Z</time></trkpt>
      <trkpt lat="50.7898190" lon="5.7619290"><time>2026-07-22T19:56:51.438Z</time></trkpt>
      <trkpt lat="50.7898030" lon="5.7619240"><time>2026-07-22T19:56:51.557Z</time></trkpt>
      <trkpt lat="50.7895420" lon="5.7609610"><time>2026-07-22T19:56:57.897Z</time></trkpt>
      <trkpt lat="50.7894200" lon="5.7603500"><time>2026-07-22T19:57:02.069Z</time></trkpt>
      <trkpt lat="50.7893320" lon="5.7597480"><time>2026-07-22T19:57:05.907Z</time></trkpt>
      <trkpt lat="50.7893010" lon="5.7595860"><time>2026-07-22T19:57:07.987Z</time></trkpt>
      <trkpt lat="50.7893180" lon="5.7595820"><time>2026-07-22T19:57:08.391Z</time></trkpt>
      <trkpt lat="50.7893420" lon="5.7595750"><time>2026-07-22T19:57:09.130Z</time></trkpt>
      <trkpt lat="50.7893680" lon="5.7595670"><time>2026-07-22T19:57:09.811Z</time></trkpt>
      <trkpt lat="50.7893520" lon="5.7593800"><time>2026-07-22T19:57:11.620Z</time></trkpt>
      <trkpt lat="50.7892670" lon="5.7594020"><time>2026-07-22T19:57:12.357Z</time></trkpt>
      <trkpt lat="50.7892330" lon="5.7594110"><time>2026-07-22T19:57:12.671Z</time></trkpt>
      <trkpt lat="50.7889080" lon="5.7595220"><time>2026-07-22T19:57:21.587Z</time></trkpt>
      <trkpt lat="50.7886440" lon="5.7595110"><time>2026-07-22T19:57:31.469Z</time></trkpt>
      <trkpt lat="50.7884280" lon="5.7594060"><time>2026-07-22T19:57:39.548Z</time></trkpt>
      <trkpt lat="50.7881500" lon="5.7591800"><time>2026-07-22T19:57:49.929Z</time></trkpt>
      <trkpt lat="50.7875580" lon="5.7585100"><time>2026-07-22T19:58:13.322Z</time></trkpt>
      <trkpt lat="50.7872550" lon="5.7581160"><time>2026-07-22T19:58:24.932Z</time></trkpt>
      <trkpt lat="50.7870640" lon="5.7579600"><time>2026-07-22T19:58:31.224Z</time></trkpt>
      <trkpt lat="50.7869580" lon="5.7579630"><time>2026-07-22T19:58:34.651Z</time></trkpt>
      <trkpt lat="50.7863830" lon="5.7582720"><time>2026-07-22T19:58:56.957Z</time></trkpt>
      <trkpt lat="50.7861510" lon="5.7583470"><time>2026-07-22T19:59:04.635Z</time></trkpt>
      <trkpt lat="50.7856970" lon="5.7584410"><time>2026-07-22T19:59:15.486Z</time></trkpt>
      <trkpt lat="50.7855620" lon="5.7584600"><time>2026-07-22T19:59:19.444Z</time></trkpt>
      <trkpt lat="50.7850970" lon="5.7584470"><time>2026-07-22T19:59:30.865Z</time></trkpt>
      <trkpt lat="50.7848430" lon="5.7584420"><time>2026-07-22T19:59:39.216Z</time></trkpt>
      <trkpt lat="50.7846280" lon="5.7584830"><time>2026-07-22T19:59:45.388Z</time></trkpt>
      <trkpt lat="50.7839190" lon="5.7588000"><time>2026-07-22T20:00:01.982Z</time></trkpt>
      <trkpt lat="50.7837210" lon="5.7584850"><time>2026-07-22T20:00:04.431Z</time></trkpt>
      <trkpt lat="50.7809130" lon="5.7563390"><time>2026-07-22T20:00:47.835Z</time></trkpt>
      <trkpt lat="50.7804620" lon="5.7561220"><time>2026-07-22T20:00:55.234Z</time></trkpt>
      <trkpt lat="50.7791400" lon="5.7556290"><time>2026-07-22T20:01:16.697Z</time></trkpt>
      <trkpt lat="50.7790220" lon="5.7555420"><time>2026-07-22T20:01:18.288Z</time></trkpt>
      <trkpt lat="50.7777690" lon="5.7543970"><time>2026-07-22T20:01:37.303Z</time></trkpt>
      <trkpt lat="50.7776350" lon="5.7542720"><time>2026-07-22T20:01:38.868Z</time></trkpt>
      <trkpt lat="50.7775330" lon="5.7541800"><time>2026-07-22T20:01:39.933Z</time></trkpt>
      <trkpt lat="50.7768550" lon="5.7535740"><time>2026-07-22T20:01:47.076Z</time></trkpt>
      <trkpt lat="50.7761290" lon="5.7530490"><time>2026-07-22T20:01:54.042Z</time></trkpt>
      <trkpt lat="50.7756510" lon="5.7525480"><time>2026-07-22T20:01:59.522Z</time></trkpt>
      <trkpt lat="50.7754870" lon="5.7523330"><time>2026-07-22T20:02:01.739Z</time></trkpt>
      <trkpt lat="50.7752390" lon="5.7519140"><time>2026-07-22T20:02:06.991Z</time></trkpt>
      <trkpt lat="50.7749550" lon="5.7513570"><time>2026-07-22T20:02:15.038Z</time></trkpt>
      <trkpt lat="50.7744930" lon="5.7503390"><time>2026-07-22T20:02:30.831Z</time></trkpt>
      <trkpt lat="50.7742650" lon="5.7499460"><time>2026-07-22T20:02:38.877Z</time></trkpt>
      <trkpt lat="50.7738990" lon="5.7495450"><time>2026-07-22T20:02:48.214Z</time></trkpt>
      <trkpt lat="50.7737600" lon="5.7493550"><time>2026-07-22T20:02:51.559Z</time></trkpt>
      <trkpt lat="50.7735190" lon="5.7489040"><time>2026-07-22T20:02:57.829Z</time></trkpt>
      <trkpt lat="50.7733950" lon="5.7485610"><time>2026-07-22T20:03:01.508Z</time></trkpt>
      <trkpt lat="50.7733110" lon="5.7482020"><time>2026-07-22T20:03:04.510Z</time></trkpt>
      <trkpt lat="50.7732880" lon="5.7479720"><time>2026-07-22T20:03:06.222Z</time></trkpt>
      <trkpt lat="50.7732860" lon="5.7475450"><time>2026-07-22T20:03:09.185Z</time></trkpt>
      <trkpt lat="50.7732920" lon="5.7470960"><time>2026-07-22T20:03:11.745Z</time></trkpt>
      <trkpt lat="50.7732810" lon="5.7456880"><time>2026-07-22T20:03:19.527Z</time></trkpt>
      <trkpt lat="50.7732380" lon="5.7452140"><time>2026-07-22T20:03:22.220Z</time></trkpt>
      <trkpt lat="50.7731580" lon="5.7447200"><time>2026-07-22T20:03:25.109Z</time></trkpt>
      <trkpt lat="50.7730260" lon="5.7442850"><time>2026-07-22T20:03:27.840Z</time></trkpt>
      <trkpt lat="50.7726670" lon="5.7434050"><time>2026-07-22T20:03:33.696Z</time></trkpt>
      <trkpt lat="50.7721950" lon="5.7415440"><time>2026-07-22T20:03:44.784Z</time></trkpt>
      <trkpt lat="50.7719340" lon="5.7408650"><time>2026-07-22T20:03:49.538Z</time></trkpt>
      <trkpt lat="50.7715030" lon="5.7398600"><time>2026-07-22T20:03:56.522Z</time></trkpt>
      <trkpt lat="50.7709980" lon="5.7388620"><time>2026-07-22T20:04:03.280Z</time></trkpt>
      <trkpt lat="50.7707380" lon="5.7382910"><time>2026-07-22T20:04:06.971Z</time></trkpt>
      <trkpt lat="50.7705200" lon="5.7377460"><time>2026-07-22T20:04:10.281Z</time></trkpt>
      <trkpt lat="50.7701900" lon="5.7366990"><time>2026-07-22T20:04:15.963Z</time></trkpt>
      <trkpt lat="50.7700950" lon="5.7364830"><time>2026-07-22T20:04:17.175Z</time></trkpt>
      <trkpt lat="50.7698950" lon="5.7361430"><time>2026-07-22T20:04:19.223Z</time></trkpt>
      <trkpt lat="50.7698370" lon="5.7360540"><time>2026-07-22T20:04:19.780Z</time></trkpt>
      <trkpt lat="50.7696270" lon="5.7356960"><time>2026-07-22T20:04:21.882Z</time></trkpt>
      <trkpt lat="50.7695850" lon="5.7355010"><time>2026-07-22T20:04:22.826Z</time></trkpt>
      <trkpt lat="50.7695980" lon="5.7353140"><time>2026-07-22T20:04:23.759Z</time></trkpt>
      <trkpt lat="50.7697730" lon="5.7347400"><time>2026-07-22T20:04:27.023Z</time></trkpt>
      <trkpt lat="50.7697740" lon="5.7345350"><time>2026-07-22T20:04:27.963Z</time></trkpt>
      <trkpt lat="50.7697350" lon="5.7344260"><time>2026-07-22T20:04:28.527Z</time></trkpt>
      <trkpt lat="50.7696670" lon="5.7343350"><time>2026-07-22T20:04:29.162Z</time></trkpt>
      <trkpt lat="50.7695920" lon="5.7343020"><time>2026-07-22T20:04:29.724Z</time></trkpt>
      <trkpt lat="50.7695000" lon="5.7343290"><time>2026-07-22T20:04:30.437Z</time></trkpt>
      <trkpt lat="50.7693870" lon="5.7344510"><time>2026-07-22T20:04:31.588Z</time></trkpt>
      <trkpt lat="50.7689460" lon="5.7351650"><time>2026-07-22T20:04:37.706Z</time></trkpt>
      <trkpt lat="50.7688160" lon="5.7352250"><time>2026-07-22T20:04:38.728Z</time></trkpt>
      <trkpt lat="50.7677130" lon="5.7344080"><time>2026-07-22T20:04:47.153Z</time></trkpt>
      <trkpt lat="50.7670770" lon="5.7338080"><time>2026-07-22T20:04:52.288Z</time></trkpt>
      <trkpt lat="50.7658460" lon="5.7326110"><time>2026-07-22T20:05:02.804Z</time></trkpt>
      <trkpt lat="50.7657810" lon="5.7327670"><time>2026-07-22T20:05:04.169Z</time></trkpt>
      <trkpt lat="50.7653540" lon="5.7335470"><time>2026-07-22T20:05:10.847Z</time></trkpt>
      <trkpt lat="50.7650770" lon="5.7341290"><time>2026-07-22T20:05:16.418Z</time></trkpt>
      <trkpt lat="50.7649720" lon="5.7344330"><time>2026-07-22T20:05:19.184Z</time></trkpt>
      <trkpt lat="50.7647960" lon="5.7351700"><time>2026-07-22T20:05:27.432Z</time></trkpt>
      <trkpt lat="50.7647640" lon="5.7352270"><time>2026-07-22T20:05:28.298Z</time></trkpt>
      <trkpt lat="50.7649440" lon="5.7354710"><time>2026-07-22T20:05:33.149Z</time></trkpt>
      <trkpt lat="50.7648460" lon="5.7359650"><time>2026-07-22T20:05:38.437Z</time></trkpt>
      <trkpt lat="50.7648390" lon="5.7361560"><time>2026-07-22T20:05:40.345Z</time></trkpt>
      <trkpt lat="50.7648970" lon="5.7365210"><time>2026-07-22T20:05:44.579Z</time></trkpt>
      <trkpt lat="50.7647070" lon="5.7381860"><time>2026-07-22T20:06:06.717Z</time></trkpt>
      <trkpt lat="50.7644620" lon="5.7391010"><time>2026-07-22T20:06:17.715Z</time></trkpt>
      <trkpt lat="50.7643170" lon="5.7399020"><time>2026-07-22T20:06:25.978Z</time></trkpt>
      <trkpt lat="50.7639520" lon="5.7411460"><time>2026-07-22T20:06:39.641Z</time></trkpt>
      <trkpt lat="50.7633000" lon="5.7432550"><time>2026-07-22T20:07:03.420Z</time></trkpt>
      <trkpt lat="50.7627990" lon="5.7447880"><time>2026-07-22T20:07:23.731Z</time></trkpt>
      <trkpt lat="50.7626920" lon="5.7452190"><time>2026-07-22T20:07:29.105Z</time></trkpt>
      <trkpt lat="50.7626200" lon="5.7456620"><time>2026-07-22T20:07:34.695Z</time></trkpt>
      <trkpt lat="50.7626000" lon="5.7459320"><time>2026-07-22T20:07:38.186Z</time></trkpt>
      <trkpt lat="50.7626110" lon="5.7463880"><time>2026-07-22T20:07:44.641Z</time></trkpt>
      <trkpt lat="50.7627040" lon="5.7471360"><time>2026-07-22T20:07:58.200Z</time></trkpt>
      <trkpt lat="50.7628430" lon="5.7479110"><time>2026-07-22T20:08:14.534Z</time></trkpt>
      <trkpt lat="50.7629210" lon="5.7488760"><time>2026-07-22T20:08:34.004Z</time></trkpt>
      <trkpt lat="50.7628280" lon="5.7497600"><time>2026-07-22T20:08:48.172Z</time></trkpt>
      <trkpt lat="50.7627790" lon="5.7506460"><time>2026-07-22T20:08:57.932Z</time></trkpt>
      <trkpt lat="50.7626790" lon="5.7512930"><time>2026-07-22T20:09:02.923Z</time></trkpt>
      <trkpt lat="50.7626210" lon="5.7515700"><time>2026-07-22T20:09:04.928Z</time></trkpt>
      <trkpt lat="50.7625740" lon="5.7516650"><time>2026-07-22T20:09:05.717Z</time></trkpt>
      <trkpt lat="50.7624740" lon="5.7516520"><time>2026-07-22T20:09:06.745Z</time></trkpt>
      <trkpt lat="50.7622090" lon="5.7515270"><time>2026-07-22T20:09:09.735Z</time></trkpt>
      <trkpt lat="50.7621070" lon="5.7514220"><time>2026-07-22T20:09:11.193Z</time></trkpt>
      <trkpt lat="50.7620280" lon="5.7512800"><time>2026-07-22T20:09:12.723Z</time></trkpt>
      <trkpt lat="50.7619040" lon="5.7508580"><time>2026-07-22T20:09:17.015Z</time></trkpt>
      <trkpt lat="50.7618380" lon="5.7507520"><time>2026-07-22T20:09:18.357Z</time></trkpt>
      <trkpt lat="50.7617430" lon="5.7506760"><time>2026-07-22T20:09:19.767Z</time></trkpt>
      <trkpt lat="50.7614090" lon="5.7505100"><time>2026-07-22T20:09:24.090Z</time></trkpt>
      <trkpt lat="50.7611930" lon="5.7504590"><time>2026-07-22T20:09:26.719Z</time></trkpt>
      <trkpt lat="50.7611380" lon="5.7504710"><time>2026-07-22T20:09:27.453Z</time></trkpt>
      <trkpt lat="50.7610860" lon="5.7505380"><time>2026-07-22T20:09:28.422Z</time></trkpt>
      <trkpt lat="50.7609210" lon="5.7505500"><time>2026-07-22T20:09:31.110Z</time></trkpt>
      <trkpt lat="50.7609070" lon="5.7506980"><time>2026-07-22T20:09:32.445Z</time></trkpt>
      <trkpt lat="50.7608040" lon="5.7510960"><time>2026-07-22T20:09:36.522Z</time></trkpt>
      <trkpt lat="50.7606730" lon="5.7514530"><time>2026-07-22T20:09:41.396Z</time></trkpt>
      <trkpt lat="50.7604520" lon="5.7518350"><time>2026-07-22T20:09:48.748Z</time></trkpt>
      <trkpt lat="50.7603440" lon="5.7521650"><time>2026-07-22T20:09:52.804Z</time></trkpt>
      <trkpt lat="50.7600300" lon="5.7536470"><time>2026-07-22T20:10:06.009Z</time></trkpt>
      <trkpt lat="50.7598850" lon="5.7546150"><time>2026-07-22T20:10:14.740Z</time></trkpt>
      <trkpt lat="50.7596650" lon="5.7562460"><time>2026-07-22T20:10:25.780Z</time></trkpt>
      <trkpt lat="50.7596470" lon="5.7563820"><time>2026-07-22T20:10:26.887Z</time></trkpt>
      <trkpt lat="50.7595600" lon="5.7568760"><time>2026-07-22T20:10:32.430Z</time></trkpt>
      <trkpt lat="50.7594890" lon="5.7575930"><time>2026-07-22T20:10:42.598Z</time></trkpt>
      <trkpt lat="50.7594820" lon="5.7577010"><time>2026-07-22T20:10:44.261Z</time></trkpt>
      <trkpt lat="50.7594580" lon="5.7580790"><time>2026-07-22T20:10:49.237Z</time></trkpt>
      <trkpt lat="50.7593110" lon="5.7592310"><time>2026-07-22T20:10:57.520Z</time></trkpt>
      <trkpt lat="50.7592740" lon="5.7597610"><time>2026-07-22T20:11:01.886Z</time></trkpt>
      <trkpt lat="50.7591520" lon="5.7603010"><time>2026-07-22T20:11:07.442Z</time></trkpt>
      <trkpt lat="50.7590570" lon="5.7605690"><time>2026-07-22T20:11:10.677Z</time></trkpt>
      <trkpt lat="50.7589100" lon="5.7608200"><time>2026-07-22T20:11:14.695Z</time></trkpt>
      <trkpt lat="50.7587530" lon="5.7609190"><time>2026-07-22T20:11:18.382Z</time></trkpt>
      <trkpt lat="50.7587020" lon="5.7610570"><time>2026-07-22T20:11:20.339Z</time></trkpt>
      <trkpt lat="50.7585980" lon="5.7615000"><time>2026-07-22T20:11:25.190Z</time></trkpt>
      <trkpt lat="50.7585630" lon="5.7617740"><time>2026-07-22T20:11:28.115Z</time></trkpt>
      <trkpt lat="50.7585380" lon="5.7619520"><time>2026-07-22T20:11:30.290Z</time></trkpt>
      <trkpt lat="50.7583140" lon="5.7627180"><time>2026-07-22T20:11:41.663Z</time></trkpt>
      <trkpt lat="50.7582500" lon="5.7628680"><time>2026-07-22T20:11:43.680Z</time></trkpt>
      <trkpt lat="50.7581880" lon="5.7629910"><time>2026-07-22T20:11:45.073Z</time></trkpt>
      <trkpt lat="50.7581330" lon="5.7632700"><time>2026-07-22T20:11:47.224Z</time></trkpt>
      <trkpt lat="50.7579920" lon="5.7642020"><time>2026-07-22T20:11:54.633Z</time></trkpt>
      <trkpt lat="50.7579330" lon="5.7646030"><time>2026-07-22T20:11:57.220Z</time></trkpt>
      <trkpt lat="50.7579280" lon="5.7649240"><time>2026-07-22T20:11:59.607Z</time></trkpt>
      <trkpt lat="50.7581200" lon="5.7681080"><time>2026-07-22T20:12:35.110Z</time></trkpt>
      <trkpt lat="50.7582360" lon="5.7681440"><time>2026-07-22T20:12:36.306Z</time></trkpt>
      <trkpt lat="50.7592500" lon="5.7696410"><time>2026-07-22T20:12:51.205Z</time></trkpt>
      <trkpt lat="50.7593430" lon="5.7699070"><time>2026-07-22T20:12:55.992Z</time></trkpt>
      <trkpt lat="50.7595420" lon="5.7713040"><time>2026-07-22T20:13:19.883Z</time></trkpt>
      <trkpt lat="50.7596410" lon="5.7724520"><time>2026-07-22T20:13:31.363Z</time></trkpt>
      <trkpt lat="50.7599840" lon="5.7739440"><time>2026-07-22T20:13:43.141Z</time></trkpt>
      <trkpt lat="50.7601510" lon="5.7753910"><time>2026-07-22T20:13:51.030Z</time></trkpt>
      <trkpt lat="50.7601960" lon="5.7755470"><time>2026-07-22T20:13:53.065Z</time></trkpt>
      <trkpt lat="50.7602720" lon="5.7757430"><time>2026-07-22T20:13:57.760Z</time></trkpt>
      <trkpt lat="50.7605190" lon="5.7762270"><time>2026-07-22T20:14:11.379Z</time></trkpt>
      <trkpt lat="50.7606870" lon="5.7765590"><time>2026-07-22T20:14:19.525Z</time></trkpt>
      <trkpt lat="50.7609390" lon="5.7769630"><time>2026-07-22T20:14:27.748Z</time></trkpt>
      <trkpt lat="50.7613600" lon="5.7774560"><time>2026-07-22T20:14:37.994Z</time></trkpt>
      <trkpt lat="50.7620580" lon="5.7781150"><time>2026-07-22T20:14:48.622Z</time></trkpt>
      <trkpt lat="50.7623000" lon="5.7783930"><time>2026-07-22T20:14:54.772Z</time></trkpt>
      <trkpt lat="50.7625580" lon="5.7787500"><time>2026-07-22T20:15:01.262Z</time></trkpt>
      <trkpt lat="50.7627080" lon="5.7790460"><time>2026-07-22T20:15:06.040Z</time></trkpt>
      <trkpt lat="50.7629690" lon="5.7795590"><time>2026-07-22T20:15:14.402Z</time></trkpt>
      <trkpt lat="50.7631260" lon="5.7797930"><time>2026-07-22T20:15:18.973Z</time></trkpt>
      <trkpt lat="50.7632060" lon="5.7798980"><time>2026-07-22T20:15:21.296Z</time></trkpt>
      <trkpt lat="50.7633290" lon="5.7801210"><time>2026-07-22T20:15:24.276Z</time></trkpt>
      <trkpt lat="50.7636080" lon="5.7809210"><time>2026-07-22T20:15:32.392Z</time></trkpt>
      <trkpt lat="50.7641790" lon="5.7829000"><time>2026-07-22T20:15:56.845Z</time></trkpt>
      <trkpt lat="50.7644850" lon="5.7838810"><time>2026-07-22T20:16:06.263Z</time></trkpt>
      <trkpt lat="50.7648600" lon="5.7847720"><time>2026-07-22T20:16:18.294Z</time></trkpt>
      <trkpt lat="50.7649960" lon="5.7852160"><time>2026-07-22T20:16:26.482Z</time></trkpt>
      <trkpt lat="50.7651810" lon="5.7862130"><time>2026-07-22T20:16:33.517Z</time></trkpt>
      <trkpt lat="50.7652480" lon="5.7879560"><time>2026-07-22T20:16:51.733Z</time></trkpt>
      <trkpt lat="50.7652620" lon="5.7884560"><time>2026-07-22T20:16:56.561Z</time></trkpt>
      <trkpt lat="50.7652740" lon="5.7889350"><time>2026-07-22T20:17:02.251Z</time></trkpt>
      <trkpt lat="50.7652960" lon="5.7897550"><time>2026-07-22T20:17:25.003Z</time></trkpt>
      <trkpt lat="50.7653450" lon="5.7900480"><time>2026-07-22T20:17:36.960Z</time></trkpt>
      <trkpt lat="50.7655190" lon="5.7902830"><time>2026-07-22T20:17:51.361Z</time></trkpt>
      <trkpt lat="50.7659240" lon="5.7906610"><time>2026-07-22T20:18:25.370Z</time></trkpt>
      <trkpt lat="50.7662540" lon="5.7910070"><time>2026-07-22T20:18:53.657Z</time></trkpt>
      <trkpt lat="50.7666560" lon="5.7915070"><time>2026-07-22T20:19:25.640Z</time></trkpt>
      <trkpt lat="50.7679560" lon="5.7940120"><time>2026-07-22T20:20:49.797Z</time></trkpt>
      <trkpt lat="50.7686230" lon="5.7948080"><time>2026-07-22T20:21:23.874Z</time></trkpt>
      <trkpt lat="50.7687970" lon="5.7950900"><time>2026-07-22T20:21:31.932Z</time></trkpt>
      <trkpt lat="50.7691280" lon="5.7953430"><time>2026-07-22T20:21:42.129Z</time></trkpt>
      <trkpt lat="50.7694880" lon="5.7957570"><time>2026-07-22T20:21:52.702Z</time></trkpt>
      <trkpt lat="50.7701570" lon="5.7964220"><time>2026-07-22T20:22:08.537Z</time></trkpt>
      <trkpt lat="50.7706130" lon="5.7971670"><time>2026-07-22T20:22:24.585Z</time></trkpt>
      <trkpt lat="50.7706770" lon="5.7972340"><time>2026-07-22T20:22:26.666Z</time></trkpt>
      <trkpt lat="50.7707960" lon="5.7972270"><time>2026-07-22T20:22:29.814Z</time></trkpt>
      <trkpt lat="50.7712150" lon="5.7968480"><time>2026-07-22T20:22:39.563Z</time></trkpt>
      <trkpt lat="50.7717300" lon="5.7964200"><time>2026-07-22T20:22:46.535Z</time></trkpt>
      <trkpt lat="50.7722090" lon="5.7961120"><time>2026-07-22T20:22:52.603Z</time></trkpt>
      <trkpt lat="50.7725080" lon="5.7960670"><time>2026-07-22T20:22:55.948Z</time></trkpt>
      <trkpt lat="50.7731740" lon="5.7960860"><time>2026-07-22T20:23:02.261Z</time></trkpt>
      <trkpt lat="50.7733850" lon="5.7960110"><time>2026-07-22T20:23:04.056Z</time></trkpt>
      <trkpt lat="50.7739210" lon="5.7956880"><time>2026-07-22T20:23:08.456Z</time></trkpt>
      <trkpt lat="50.7740140" lon="5.7956300"><time>2026-07-22T20:23:09.240Z</time></trkpt>
      <trkpt lat="50.7744110" lon="5.7954590"><time>2026-07-22T20:23:12.630Z</time></trkpt>
      <trkpt lat="50.7754150" lon="5.7952400"><time>2026-07-22T20:23:20.367Z</time></trkpt>
      <trkpt lat="50.7755400" lon="5.7951330"><time>2026-07-22T20:23:21.400Z</time></trkpt>
      <trkpt lat="50.7759290" lon="5.7946710"><time>2026-07-22T20:23:24.750Z</time></trkpt>
      <trkpt lat="50.7761210" lon="5.7942880"><time>2026-07-22T20:23:27.036Z</time></trkpt>
      <trkpt lat="50.7763020" lon="5.7940870"><time>2026-07-22T20:23:28.622Z</time></trkpt>
      <trkpt lat="50.7772480" lon="5.7936790"><time>2026-07-22T20:23:35.632Z</time></trkpt>
      <trkpt lat="50.7774370" lon="5.7936530"><time>2026-07-22T20:23:37.287Z</time></trkpt>
      <trkpt lat="50.7774980" lon="5.7936600"><time>2026-07-22T20:23:37.948Z</time></trkpt>
      <trkpt lat="50.7775530" lon="5.7937260"><time>2026-07-22T20:23:38.634Z</time></trkpt>
      <trkpt lat="50.7776880" lon="5.7935250"><time>2026-07-22T20:23:40.202Z</time></trkpt>
      <trkpt lat="50.7780440" lon="5.7932120"><time>2026-07-22T20:23:43.536Z</time></trkpt>
      <trkpt lat="50.7781810" lon="5.7929810"><time>2026-07-22T20:23:45.067Z</time></trkpt>
      <trkpt lat="50.7782300" lon="5.7928790"><time>2026-07-22T20:23:45.838Z</time></trkpt>
      <trkpt lat="50.7785930" lon="5.7921140"><time>2026-07-22T20:24:00.944Z</time></trkpt>
      <trkpt lat="50.7788050" lon="5.7917290"><time>2026-07-22T20:24:14.040Z</time></trkpt>
      <trkpt lat="50.7788990" lon="5.7916140"><time>2026-07-22T20:24:18.590Z</time></trkpt>
      <trkpt lat="50.7790990" lon="5.7914860"><time>2026-07-22T20:24:27.004Z</time></trkpt>
      <trkpt lat="50.7792780" lon="5.7914290"><time>2026-07-22T20:24:33.945Z</time></trkpt>
      <trkpt lat="50.7794400" lon="5.7915130"><time>2026-07-22T20:24:40.357Z</time></trkpt>
      <trkpt lat="50.7796820" lon="5.7919960"><time>2026-07-22T20:24:55.653Z</time></trkpt>
      <trkpt lat="50.7798420" lon="5.7921430"><time>2026-07-22T20:25:03.007Z</time></trkpt>
      <trkpt lat="50.7799860" lon="5.7921730"><time>2026-07-22T20:25:08.810Z</time></trkpt>
      <trkpt lat="50.7803740" lon="5.7920740"><time>2026-07-22T20:25:27.210Z</time></trkpt>
      <trkpt lat="50.7807170" lon="5.7920200"><time>2026-07-22T20:25:42.858Z</time></trkpt>
      <trkpt lat="50.7807740" lon="5.7922200"><time>2026-07-22T20:25:45.062Z</time></trkpt>
      <trkpt lat="50.7807970" lon="5.7923510"><time>2026-07-22T20:25:45.938Z</time></trkpt>
      <trkpt lat="50.7807880" lon="5.7925550"><time>2026-07-22T20:25:47.400Z</time></trkpt>
      <trkpt lat="50.7808060" lon="5.7926880"><time>2026-07-22T20:25:48.685Z</time></trkpt>
      <trkpt lat="50.7810260" lon="5.7930830"><time>2026-07-22T20:25:55.229Z</time></trkpt>
      <trkpt lat="50.7811650" lon="5.7933180"><time>2026-07-22T20:25:59.092Z</time></trkpt>
      <trkpt lat="50.7814550" lon="5.7938130"><time>2026-07-22T20:26:09.015Z</time></trkpt>
      <trkpt lat="50.7829910" lon="5.7964470"><time>2026-07-22T20:26:53.563Z</time></trkpt>
      <trkpt lat="50.7831980" lon="5.7967990"><time>2026-07-22T20:26:57.225Z</time></trkpt>
      <trkpt lat="50.7834640" lon="5.7971810"><time>2026-07-22T20:27:04.736Z</time></trkpt>
      <trkpt lat="50.7840920" lon="5.7978760"><time>2026-07-22T20:27:20.173Z</time></trkpt>
      <trkpt lat="50.7841720" lon="5.7979930"><time>2026-07-22T20:27:21.612Z</time></trkpt>
      <trkpt lat="50.7842190" lon="5.7980790"><time>2026-07-22T20:27:22.659Z</time></trkpt>
      <trkpt lat="50.7842660" lon="5.7981740"><time>2026-07-22T20:27:23.821Z</time></trkpt>
      <trkpt lat="50.7847270" lon="5.7990990"><time>2026-07-22T20:27:34.820Z</time></trkpt>
      <trkpt lat="50.7855720" lon="5.8005680"><time>2026-07-22T20:27:57.334Z</time></trkpt>
      <trkpt lat="50.7870220" lon="5.8031970"><time>2026-07-22T20:28:35.400Z</time></trkpt>
      <trkpt lat="50.7870730" lon="5.8032960"><time>2026-07-22T20:28:37.036Z</time></trkpt>
      <trkpt lat="50.7871050" lon="5.8033570"><time>2026-07-22T20:28:38.003Z</time></trkpt>
      <trkpt lat="50.7872660" lon="5.8036970"><time>2026-07-22T20:28:42.062Z</time></trkpt>
      <trkpt lat="50.7882240" lon="5.8063470"><time>2026-07-22T20:29:10.418Z</time></trkpt>
      <trkpt lat="50.7884280" lon="5.8068130"><time>2026-07-22T20:29:15.140Z</time></trkpt>
      <trkpt lat="50.7887430" lon="5.8075350"><time>2026-07-22T20:29:20.192Z</time></trkpt>
      <trkpt lat="50.7889140" lon="5.8083930"><time>2026-07-22T20:29:25.298Z</time></trkpt>
      <trkpt lat="50.7888340" lon="5.8084640"><time>2026-07-22T20:29:26.012Z</time></trkpt>
      <trkpt lat="50.7882700" lon="5.8090200"><time>2026-07-22T20:29:30.807Z</time></trkpt>
      <trkpt lat="50.7878520" lon="5.8090580"><time>2026-07-22T20:29:33.769Z</time></trkpt>
      <trkpt lat="50.7874970" lon="5.8094290"><time>2026-07-22T20:29:36.757Z</time></trkpt>
      <trkpt lat="50.7873410" lon="5.8095590"><time>2026-07-22T20:29:38.002Z</time></trkpt>
      <trkpt lat="50.7872660" lon="5.8095710"><time>2026-07-22T20:29:38.548Z</time></trkpt>
      <trkpt lat="50.7869700" lon="5.8094810"><time>2026-07-22T20:29:40.887Z</time></trkpt>
      <trkpt lat="50.7867040" lon="5.8092650"><time>2026-07-22T20:29:43.230Z</time></trkpt>
      <trkpt lat="50.7864940" lon="5.8091480"><time>2026-07-22T20:29:44.973Z</time></trkpt>
      <trkpt lat="50.7863470" lon="5.8091050"><time>2026-07-22T20:29:46.110Z</time></trkpt>
      <trkpt lat="50.7861450" lon="5.8091110"><time>2026-07-22T20:29:47.637Z</time></trkpt>
      <trkpt lat="50.7859480" lon="5.8090340"><time>2026-07-22T20:29:49.179Z</time></trkpt>
      <trkpt lat="50.7856350" lon="5.8088070"><time>2026-07-22T20:29:51.736Z</time></trkpt>
      <trkpt lat="50.7850640" lon="5.8086720"><time>2026-07-22T20:29:56.032Z</time></trkpt>
      <trkpt lat="50.7848400" lon="5.8085450"><time>2026-07-22T20:29:57.840Z</time></trkpt>
      <trkpt lat="50.7845470" lon="5.8082110"><time>2026-07-22T20:30:00.692Z</time></trkpt>
      <trkpt lat="50.7839830" lon="5.8073790"><time>2026-07-22T20:30:07.212Z</time></trkpt>
      <trkpt lat="50.7837080" lon="5.8071110"><time>2026-07-22T20:30:09.939Z</time></trkpt>
      <trkpt lat="50.7832870" lon="5.8069070"><time>2026-07-22T20:30:15.526Z</time></trkpt>
      <trkpt lat="50.7830710" lon="5.8068590"><time>2026-07-22T20:30:18.982Z</time></trkpt>
      <trkpt lat="50.7828660" lon="5.8068680"><time>2026-07-22T20:30:22.420Z</time></trkpt>
      <trkpt lat="50.7824550" lon="5.8070110"><time>2026-07-22T20:30:29.982Z</time></trkpt>
      <trkpt lat="50.7823040" lon="5.8071200"><time>2026-07-22T20:30:33.009Z</time></trkpt>
      <trkpt lat="50.7820530" lon="5.8073990"><time>2026-07-22T20:30:39.276Z</time></trkpt>
      <trkpt lat="50.7819060" lon="5.8074070"><time>2026-07-22T20:30:42.852Z</time></trkpt>
      <trkpt lat="50.7816230" lon="5.8072950"><time>2026-07-22T20:30:51.535Z</time></trkpt>
      <trkpt lat="50.7814380" lon="5.8072980"><time>2026-07-22T20:30:58.056Z</time></trkpt>
      <trkpt lat="50.7799860" lon="5.8077410"><time>2026-07-22T20:31:41.698Z</time></trkpt>
      <trkpt lat="50.7793590" lon="5.8078670"><time>2026-07-22T20:32:00.014Z</time></trkpt>
      <trkpt lat="50.7791000" lon="5.8078710"><time>2026-07-22T20:32:08.724Z</time></trkpt>
      <trkpt lat="50.7783300" lon="5.8077770"><time>2026-07-22T20:32:30.991Z</time></trkpt>
      <trkpt lat="50.7775430" lon="5.8078990"><time>2026-07-22T20:32:49.030Z</time></trkpt>
      <trkpt lat="50.7772160" lon="5.8078990"><time>2026-07-22T20:32:54.753Z</time></trkpt>
      <trkpt lat="50.7771020" lon="5.8078770"><time>2026-07-22T20:32:56.367Z</time></trkpt>
      <trkpt lat="50.7768680" lon="5.8078990"><time>2026-07-22T20:32:59.297Z</time></trkpt>
      <trkpt lat="50.7761770" lon="5.8080710"><time>2026-07-22T20:33:06.889Z</time></trkpt>
      <trkpt lat="50.7756990" lon="5.8084520"><time>2026-07-22T20:33:11.564Z</time></trkpt>
      <trkpt lat="50.7749970" lon="5.8089090"><time>2026-07-22T20:33:17.448Z</time></trkpt>
      <trkpt lat="50.7749280" lon="5.8091290"><time>2026-07-22T20:33:18.800Z</time></trkpt>
      <trkpt lat="50.7748970" lon="5.8093270"><time>2026-07-22T20:33:20.146Z</time></trkpt>
      <trkpt lat="50.7749100" lon="5.8095340"><time>2026-07-22T20:33:22.425Z</time></trkpt>
      <trkpt lat="50.7751070" lon="5.8099770"><time>2026-07-22T20:33:28.831Z</time></trkpt>
      <trkpt lat="50.7751380" lon="5.8100980"><time>2026-07-22T20:33:30.213Z</time></trkpt>
      <trkpt lat="50.7751430" lon="5.8102650"><time>2026-07-22T20:33:32.023Z</time></trkpt>
      <trkpt lat="50.7750960" lon="5.8104430"><time>2026-07-22T20:33:34.013Z</time></trkpt>
      <trkpt lat="50.7750260" lon="5.8105680"><time>2026-07-22T20:33:35.198Z</time></trkpt>
      <trkpt lat="50.7747530" lon="5.8108100"><time>2026-07-22T20:33:37.869Z</time></trkpt>
      <trkpt lat="50.7745910" lon="5.8109580"><time>2026-07-22T20:33:39.264Z</time></trkpt>
      <trkpt lat="50.7745140" lon="5.8110740"><time>2026-07-22T20:33:39.994Z</time></trkpt>
      <trkpt lat="50.7743360" lon="5.8113310"><time>2026-07-22T20:33:41.601Z</time></trkpt>
      <trkpt lat="50.7742550" lon="5.8114220"><time>2026-07-22T20:33:42.280Z</time></trkpt>
      <trkpt lat="50.7741190" lon="5.8114930"><time>2026-07-22T20:33:43.287Z</time></trkpt>
      <trkpt lat="50.7737550" lon="5.8110410"><time>2026-07-22T20:33:46.568Z</time></trkpt>
      <trkpt lat="50.7730090" lon="5.8100710"><time>2026-07-22T20:33:53.122Z</time></trkpt>
      <trkpt lat="50.7729020" lon="5.8099010"><time>2026-07-22T20:33:54.198Z</time></trkpt>
      <trkpt lat="50.7728370" lon="5.8097440"><time>2026-07-22T20:33:55.046Z</time></trkpt>
      <trkpt lat="50.7727850" lon="5.8094530"><time>2026-07-22T20:33:56.610Z</time></trkpt>
      <trkpt lat="50.7727870" lon="5.8091090"><time>2026-07-22T20:33:58.576Z</time></trkpt>
      <trkpt lat="50.7727490" lon="5.8089510"><time>2026-07-22T20:33:59.307Z</time></trkpt>
      <trkpt lat="50.7726820" lon="5.8088860"><time>2026-07-22T20:33:59.831Z</time></trkpt>
      <trkpt lat="50.7722750" lon="5.8086600"><time>2026-07-22T20:34:02.711Z</time></trkpt>
      <trkpt lat="50.7718270" lon="5.8083600"><time>2026-07-22T20:34:06.071Z</time></trkpt>
      <trkpt lat="50.7714790" lon="5.8080960"><time>2026-07-22T20:34:10.050Z</time></trkpt>
      <trkpt lat="50.7713780" lon="5.8080710"><time>2026-07-22T20:34:11.102Z</time></trkpt>
      <trkpt lat="50.7712670" lon="5.8080980"><time>2026-07-22T20:34:12.296Z</time></trkpt>
      <trkpt lat="50.7711490" lon="5.8081280"><time>2026-07-22T20:34:13.751Z</time></trkpt>
      <trkpt lat="50.7710360" lon="5.8081000"><time>2026-07-22T20:34:15.302Z</time></trkpt>
      <trkpt lat="50.7709830" lon="5.8083100"><time>2026-07-22T20:34:16.604Z</time></trkpt>
      <trkpt lat="50.7708570" lon="5.8084750"><time>2026-07-22T20:34:19.068Z</time></trkpt>
      <trkpt lat="50.7702060" lon="5.8087170"><time>2026-07-22T20:34:38.686Z</time></trkpt>
      <trkpt lat="50.7698620" lon="5.8087970"><time>2026-07-22T20:34:47.224Z</time></trkpt>
      <trkpt lat="50.7696390" lon="5.8088220"><time>2026-07-22T20:34:54.163Z</time></trkpt>
      <trkpt lat="50.7694010" lon="5.8086480"><time>2026-07-22T20:35:00.120Z</time></trkpt>
      <trkpt lat="50.7693180" lon="5.8086790"><time>2026-07-22T20:35:02.130Z</time></trkpt>
      <trkpt lat="50.7691770" lon="5.8088310"><time>2026-07-22T20:35:06.093Z</time></trkpt>
      <trkpt lat="50.7686840" lon="5.8094170"><time>2026-07-22T20:35:20.467Z</time></trkpt>
      <trkpt lat="50.7686300" lon="5.8095300"><time>2026-07-22T20:35:23.020Z</time></trkpt>
      <trkpt lat="50.7686060" lon="5.8096770"><time>2026-07-22T20:35:25.682Z</time></trkpt>
      <trkpt lat="50.7687400" lon="5.8102580"><time>2026-07-22T20:35:33.548Z</time></trkpt>
      <trkpt lat="50.7687640" lon="5.8103560"><time>2026-07-22T20:35:34.524Z</time></trkpt>
      <trkpt lat="50.7689090" lon="5.8109470"><time>2026-07-22T20:35:39.216Z</time></trkpt>
      <trkpt lat="50.7689620" lon="5.8111620"><time>2026-07-22T20:35:40.600Z</time></trkpt>
      <trkpt lat="50.7690010" lon="5.8113180"><time>2026-07-22T20:35:41.566Z</time></trkpt>
      <trkpt lat="50.7692000" lon="5.8121070"><time>2026-07-22T20:35:48.564Z</time></trkpt>
      <trkpt lat="50.7692190" lon="5.8121690"><time>2026-07-22T20:35:49.225Z</time></trkpt>
      <trkpt lat="50.7690850" lon="5.8122840"><time>2026-07-22T20:35:51.735Z</time></trkpt>
      <trkpt lat="50.7689000" lon="5.8124460"><time>2026-07-22T20:35:56.400Z</time></trkpt>
      <trkpt lat="50.7686960" lon="5.8126250"><time>2026-07-22T20:36:01.886Z</time></trkpt>
      <trkpt lat="50.7679820" lon="5.8132120"><time>2026-07-22T20:36:16.325Z</time></trkpt>
      <trkpt lat="50.7676830" lon="5.8135040"><time>2026-07-22T20:36:23.465Z</time></trkpt>
      <trkpt lat="50.7675490" lon="5.8136360"><time>2026-07-22T20:36:28.430Z</time></trkpt>
      <trkpt lat="50.7673840" lon="5.8138700"><time>2026-07-22T20:36:35.287Z</time></trkpt>
      <trkpt lat="50.7668990" lon="5.8146960"><time>2026-07-22T20:36:53.890Z</time></trkpt>
      <trkpt lat="50.7667790" lon="5.8148470"><time>2026-07-22T20:36:58.345Z</time></trkpt>
      <trkpt lat="50.7660650" lon="5.8156040"><time>2026-07-22T20:37:21.949Z</time></trkpt>
      <trkpt lat="50.7656850" lon="5.8158840"><time>2026-07-22T20:37:32.079Z</time></trkpt>
      <trkpt lat="50.7655380" lon="5.8160430"><time>2026-07-22T20:37:36.332Z</time></trkpt>
      <trkpt lat="50.7648700" lon="5.8171920"><time>2026-07-22T20:38:01.028Z</time></trkpt>
      <trkpt lat="50.7647440" lon="5.8174590"><time>2026-07-22T20:38:06.568Z</time></trkpt>
      <trkpt lat="50.7646400" lon="5.8177870"><time>2026-07-22T20:38:13.785Z</time></trkpt>
      <trkpt lat="50.7647190" lon="5.8184210"><time>2026-07-22T20:38:25.355Z</time></trkpt>
      <trkpt lat="50.7647810" lon="5.8187790"><time>2026-07-22T20:38:31.032Z</time></trkpt>
      <trkpt lat="50.7648780" lon="5.8198250"><time>2026-07-22T20:38:53.184Z</time></trkpt>
      <trkpt lat="50.7649090" lon="5.8199510"><time>2026-07-22T20:38:56.219Z</time></trkpt>
      <trkpt lat="50.7650230" lon="5.8200630"><time>2026-07-22T20:39:00.048Z</time></trkpt>
      <trkpt lat="50.7652150" lon="5.8200510"><time>2026-07-22T20:39:03.744Z</time></trkpt>
      <trkpt lat="50.7653100" lon="5.8200960"><time>2026-07-22T20:39:05.853Z</time></trkpt>
      <trkpt lat="50.7649420" lon="5.8202850"><time>2026-07-22T20:39:14.743Z</time></trkpt>
      <trkpt lat="50.7648120" lon="5.8204450"><time>2026-07-22T20:39:20.163Z</time></trkpt>
      <trkpt lat="50.7647250" lon="5.8206950"><time>2026-07-22T20:39:26.303Z</time></trkpt>
      <trkpt lat="50.7646360" lon="5.8214500"><time>2026-07-22T20:39:45.156Z</time></trkpt>
      <trkpt lat="50.7642550" lon="5.8231370"><time>2026-07-22T20:40:19.861Z</time></trkpt>
      <trkpt lat="50.7642200" lon="5.8232210"><time>2026-07-22T20:40:21.296Z</time></trkpt>
      <trkpt lat="50.7641350" lon="5.8232800"><time>2026-07-22T20:40:22.965Z</time></trkpt>
      <trkpt lat="50.7639890" lon="5.8232770"><time>2026-07-22T20:40:25.512Z</time></trkpt>
      <trkpt lat="50.7639230" lon="5.8232630"><time>2026-07-22T20:40:26.878Z</time></trkpt>
      <trkpt lat="50.7629710" lon="5.8230750"><time>2026-07-22T20:40:48.895Z</time></trkpt>
      <trkpt lat="50.7627760" lon="5.8229690"><time>2026-07-22T20:40:53.693Z</time></trkpt>
      <trkpt lat="50.7622890" lon="5.8224320"><time>2026-07-22T20:41:07.408Z</time></trkpt>
      <trkpt lat="50.7620420" lon="5.8222250"><time>2026-07-22T20:41:13.679Z</time></trkpt>
      <trkpt lat="50.7617820" lon="5.8221430"><time>2026-07-22T20:41:19.769Z</time></trkpt>
      <trkpt lat="50.7613700" lon="5.8221660"><time>2026-07-22T20:41:28.555Z</time></trkpt>
      <trkpt lat="50.7613200" lon="5.8222120"><time>2026-07-22T20:41:29.722Z</time></trkpt>
      <trkpt lat="50.7609750" lon="5.8227980"><time>2026-07-22T20:41:39.555Z</time></trkpt>
      <trkpt lat="50.7606240" lon="5.8234480"><time>2026-07-22T20:41:51.698Z</time></trkpt>
      <trkpt lat="50.7601940" lon="5.8245160"><time>2026-07-22T20:42:09.772Z</time></trkpt>
      <trkpt lat="50.7599510" lon="5.8249860"><time>2026-07-22T20:42:17.470Z</time></trkpt>
      <trkpt lat="50.7589410" lon="5.8264450"><time>2026-07-22T20:42:42.765Z</time></trkpt>
      <trkpt lat="50.7587070" lon="5.8287430"><time>2026-07-22T20:43:12.851Z</time></trkpt>
      <trkpt lat="50.7586650" lon="5.8291520"><time>2026-07-22T20:43:16.071Z</time></trkpt>
      <trkpt lat="50.7586030" lon="5.8297420"><time>2026-07-22T20:43:19.851Z</time></trkpt>
      <trkpt lat="50.7585390" lon="5.8307610"><time>2026-07-22T20:43:26.621Z</time></trkpt>
      <trkpt lat="50.7584770" lon="5.8307560"><time>2026-07-22T20:43:27.073Z</time></trkpt>
      <trkpt lat="50.7582230" lon="5.8306170"><time>2026-07-22T20:43:28.931Z</time></trkpt>
      <trkpt lat="50.7580640" lon="5.8304770"><time>2026-07-22T20:43:30.190Z</time></trkpt>
      <trkpt lat="50.7579230" lon="5.8302970"><time>2026-07-22T20:43:31.431Z</time></trkpt>
      <trkpt lat="50.7570270" lon="5.8286290"><time>2026-07-22T20:43:40.960Z</time></trkpt>
      <trkpt lat="50.7569630" lon="5.8284470"><time>2026-07-22T20:43:41.891Z</time></trkpt>
      <trkpt lat="50.7569170" lon="5.8281630"><time>2026-07-22T20:43:43.235Z</time></trkpt>
      <trkpt lat="50.7568900" lon="5.8266610"><time>2026-07-22T20:43:50.488Z</time></trkpt>
      <trkpt lat="50.7569230" lon="5.8263300"><time>2026-07-22T20:43:52.148Z</time></trkpt>
      <trkpt lat="50.7571900" lon="5.8253190"><time>2026-07-22T20:43:57.642Z</time></trkpt>
      <trkpt lat="50.7571890" lon="5.8250600"><time>2026-07-22T20:43:58.855Z</time></trkpt>
      <trkpt lat="50.7570940" lon="5.8247890"><time>2026-07-22T20:44:00.174Z</time></trkpt>
      <trkpt lat="50.7570200" lon="5.8247040"><time>2026-07-22T20:44:00.811Z</time></trkpt>
      <trkpt lat="50.7568980" lon="5.8246390"><time>2026-07-22T20:44:01.736Z</time></trkpt>
      <trkpt lat="50.7567820" lon="5.8246490"><time>2026-07-22T20:44:02.538Z</time></trkpt>
      <trkpt lat="50.7566540" lon="5.8247280"><time>2026-07-22T20:44:03.502Z</time></trkpt>
      <trkpt lat="50.7565410" lon="5.8249180"><time>2026-07-22T20:44:04.700Z</time></trkpt>
      <trkpt lat="50.7557550" lon="5.8268270"><time>2026-07-22T20:44:16.047Z</time></trkpt>
      <trkpt lat="50.7556290" lon="5.8269500"><time>2026-07-22T20:44:17.857Z</time></trkpt>
      <trkpt lat="50.7555490" lon="5.8269800"><time>2026-07-22T20:44:19.638Z</time></trkpt>
      <trkpt lat="50.7553680" lon="5.8269310"><time>2026-07-22T20:44:23.997Z</time></trkpt>
      <trkpt lat="50.7552650" lon="5.8268360"><time>2026-07-22T20:44:25.177Z</time></trkpt>
      <trkpt lat="50.7547380" lon="5.8261660"><time>2026-07-22T20:44:30.905Z</time></trkpt>
      <trkpt lat="50.7546180" lon="5.8259120"><time>2026-07-22T20:44:32.725Z</time></trkpt>
      <trkpt lat="50.7537470" lon="5.8233650"><time>2026-07-22T20:44:52.527Z</time></trkpt>
      <trkpt lat="50.7536380" lon="5.8230410"><time>2026-07-22T20:44:54.857Z</time></trkpt>
      <trkpt lat="50.7529100" lon="5.8207910"><time>2026-07-22T20:45:05.801Z</time></trkpt>
      <trkpt lat="50.7528410" lon="5.8205120"><time>2026-07-22T20:45:07.120Z</time></trkpt>
      <trkpt lat="50.7526710" lon="5.8195090"><time>2026-07-22T20:45:11.859Z</time></trkpt>
      <trkpt lat="50.7526180" lon="5.8193390"><time>2026-07-22T20:45:12.756Z</time></trkpt>
      <trkpt lat="50.7515600" lon="5.8176280"><time>2026-07-22T20:45:24.478Z</time></trkpt>
      <trkpt lat="50.7509870" lon="5.8167600"><time>2026-07-22T20:45:32.924Z</time></trkpt>
      <trkpt lat="50.7508390" lon="5.8166960"><time>2026-07-22T20:45:34.552Z</time></trkpt>
      <trkpt lat="50.7504040" lon="5.8167040"><time>2026-07-22T20:45:39.123Z</time></trkpt>
      <trkpt lat="50.7502590" lon="5.8166100"><time>2026-07-22T20:45:40.812Z</time></trkpt>
      <trkpt lat="50.7501750" lon="5.8164850"><time>2026-07-22T20:45:42.172Z</time></trkpt>
      <trkpt lat="50.7499180" lon="5.8158110"><time>2026-07-22T20:45:48.364Z</time></trkpt>
      <trkpt lat="50.7497810" lon="5.8153560"><time>2026-07-22T20:45:51.620Z</time></trkpt>
      <trkpt lat="50.7497310" lon="5.8148050"><time>2026-07-22T20:45:55.550Z</time></trkpt>
      <trkpt lat="50.7495320" lon="5.8140060"><time>2026-07-22T20:46:01.592Z</time></trkpt>
      <trkpt lat="50.7495070" lon="5.8137560"><time>2026-07-22T20:46:03.419Z</time></trkpt>
      <trkpt lat="50.7495050" lon="5.8132280"><time>2026-07-22T20:46:06.930Z</time></trkpt>
      <trkpt lat="50.7494680" lon="5.8130870"><time>2026-07-22T20:46:08.332Z</time></trkpt>
      <trkpt lat="50.7492840" lon="5.8129470"><time>2026-07-22T20:46:14.692Z</time></trkpt>
      <trkpt lat="50.7491550" lon="5.8128050"><time>2026-07-22T20:46:19.321Z</time></trkpt>
      <trkpt lat="50.7491240" lon="5.8127770"><time>2026-07-22T20:46:20.070Z</time></trkpt>
      <trkpt lat="50.7486240" lon="5.8123290"><time>2026-07-22T20:46:27.411Z</time></trkpt>
      <trkpt lat="50.7485040" lon="5.8121810"><time>2026-07-22T20:46:29.181Z</time></trkpt>
      <trkpt lat="50.7485520" lon="5.8119410"><time>2026-07-22T20:46:30.359Z</time></trkpt>
      <trkpt lat="50.7485720" lon="5.8117590"><time>2026-07-22T20:46:31.718Z</time></trkpt>
      <trkpt lat="50.7485820" lon="5.8110850"><time>2026-07-22T20:46:39.231Z</time></trkpt>
      <trkpt lat="50.7485470" lon="5.8108000"><time>2026-07-22T20:46:43.958Z</time></trkpt>
      <trkpt lat="50.7484040" lon="5.8102450"><time>2026-07-22T20:46:54.095Z</time></trkpt>
      <trkpt lat="50.7484030" lon="5.8100230"><time>2026-07-22T20:46:57.386Z</time></trkpt>
      <trkpt lat="50.7484950" lon="5.8096590"><time>2026-07-22T20:47:01.083Z</time></trkpt>
      <trkpt lat="50.7486790" lon="5.8089370"><time>2026-07-22T20:47:04.896Z</time></trkpt>
      <trkpt lat="50.7487460" lon="5.8086330"><time>2026-07-22T20:47:06.464Z</time></trkpt>
      <trkpt lat="50.7487100" lon="5.8084910"><time>2026-07-22T20:47:07.794Z</time></trkpt>
      <trkpt lat="50.7488060" lon="5.8079690"><time>2026-07-22T20:47:12.427Z</time></trkpt>
      <trkpt lat="50.7489330" lon="5.8072060"><time>2026-07-22T20:47:20.608Z</time></trkpt>
      <trkpt lat="50.7489510" lon="5.8064870"><time>2026-07-22T20:47:26.875Z</time></trkpt>
      <trkpt lat="50.7488080" lon="5.8049990"><time>2026-07-22T20:47:45.667Z</time></trkpt>
      <trkpt lat="50.7488550" lon="5.8044890"><time>2026-07-22T20:47:55.340Z</time></trkpt>
      <trkpt lat="50.7493430" lon="5.8023090"><time>2026-07-22T20:48:14.252Z</time></trkpt>
      <trkpt lat="50.7495760" lon="5.8015540"><time>2026-07-22T20:48:20.989Z</time></trkpt>
      <trkpt lat="50.7499190" lon="5.8007490"><time>2026-07-22T20:48:29.641Z</time></trkpt>
      <trkpt lat="50.7504490" lon="5.7987860"><time>2026-07-22T20:48:56.473Z</time></trkpt>
      <trkpt lat="50.7506640" lon="5.7977430"><time>2026-07-22T20:49:06.240Z</time></trkpt>
      <trkpt lat="50.7508050" lon="5.7967880"><time>2026-07-22T20:49:15.192Z</time></trkpt>
      <trkpt lat="50.7510890" lon="5.7942280"><time>2026-07-22T20:49:37.097Z</time></trkpt>
      <trkpt lat="50.7512110" lon="5.7927880"><time>2026-07-22T20:49:52.244Z</time></trkpt>
      <trkpt lat="50.7511770" lon="5.7925820"><time>2026-07-22T20:49:55.451Z</time></trkpt>
      <trkpt lat="50.7510060" lon="5.7922570"><time>2026-07-22T20:50:03.989Z</time></trkpt>
      <trkpt lat="50.7510180" lon="5.7919070"><time>2026-07-22T20:50:11.576Z</time></trkpt>
      <trkpt lat="50.7511920" lon="5.7916330"><time>2026-07-22T20:50:20.253Z</time></trkpt>
      <trkpt lat="50.7513450" lon="5.7912750"><time>2026-07-22T20:50:25.462Z</time></trkpt>
      <trkpt lat="50.7514200" lon="5.7909640"><time>2026-07-22T20:50:29.458Z</time></trkpt>
      <trkpt lat="50.7515340" lon="5.7900280"><time>2026-07-22T20:50:39.791Z</time></trkpt>
      <trkpt lat="50.7516790" lon="5.7894310"><time>2026-07-22T20:50:45.901Z</time></trkpt>
      <trkpt lat="50.7520710" lon="5.7881310"><time>2026-07-22T20:50:57.917Z</time></trkpt>
      <trkpt lat="50.7521310" lon="5.7878840"><time>2026-07-22T20:51:00.082Z</time></trkpt>
      <trkpt lat="50.7522490" lon="5.7871640"><time>2026-07-22T20:51:05.374Z</time></trkpt>
      <trkpt lat="50.7522780" lon="5.7868350"><time>2026-07-22T20:51:07.419Z</time></trkpt>
      <trkpt lat="50.7523830" lon="5.7863200"><time>2026-07-22T20:51:10.805Z</time></trkpt>
      <trkpt lat="50.7524020" lon="5.7860070"><time>2026-07-22T20:51:13.248Z</time></trkpt>
      <trkpt lat="50.7522400" lon="5.7854210"><time>2026-07-22T20:51:19.104Z</time></trkpt>
      <trkpt lat="50.7521430" lon="5.7840510"><time>2026-07-22T20:51:34.283Z</time></trkpt>
      <trkpt lat="50.7521380" lon="5.7837050"><time>2026-07-22T20:51:36.898Z</time></trkpt>
      <trkpt lat="50.7521850" lon="5.7831130"><time>2026-07-22T20:51:41.379Z</time></trkpt>
      <trkpt lat="50.7522370" lon="5.7826530"><time>2026-07-22T20:51:46.142Z</time></trkpt>
      <trkpt lat="50.7522880" lon="5.7824270"><time>2026-07-22T20:51:48.202Z</time></trkpt>
      <trkpt lat="50.7525040" lon="5.7818160"><time>2026-07-22T20:51:52.330Z</time></trkpt>
      <trkpt lat="50.7525790" lon="5.7814330"><time>2026-07-22T20:51:54.768Z</time></trkpt>
      <trkpt lat="50.7525630" lon="5.7810490"><time>2026-07-22T20:51:57.071Z</time></trkpt>
      <trkpt lat="50.7524670" lon="5.7801280"><time>2026-07-22T20:52:02.869Z</time></trkpt>
      <trkpt lat="50.7529060" lon="5.7785000"><time>2026-07-22T20:52:12.962Z</time></trkpt>
      <trkpt lat="50.7529620" lon="5.7783430"><time>2026-07-22T20:52:13.921Z</time></trkpt>
      <trkpt lat="50.7530760" lon="5.7781580"><time>2026-07-22T20:52:15.341Z</time></trkpt>
      <trkpt lat="50.7532590" lon="5.7779410"><time>2026-07-22T20:52:17.311Z</time></trkpt>
      <trkpt lat="50.7536790" lon="5.7775680"><time>2026-07-22T20:52:21.446Z</time></trkpt>
      <trkpt lat="50.7538360" lon="5.7773660"><time>2026-07-22T20:52:23.220Z</time></trkpt>
      <trkpt lat="50.7542190" lon="5.7767650"><time>2026-07-22T20:52:28.201Z</time></trkpt>
      <trkpt lat="50.7545900" lon="5.7761070"><time>2026-07-22T20:52:33.473Z</time></trkpt>
      <trkpt lat="50.7546790" lon="5.7757890"><time>2026-07-22T20:52:35.480Z</time></trkpt>
      <trkpt lat="50.7550200" lon="5.7735950"><time>2026-07-22T20:52:47.451Z</time></trkpt>
      <trkpt lat="50.7550590" lon="5.7731580"><time>2026-07-22T20:52:49.648Z</time></trkpt>
      <trkpt lat="50.7550730" lon="5.7723600"><time>2026-07-22T20:52:53.467Z</time></trkpt>
      <trkpt lat="50.7551410" lon="5.7711310"><time>2026-07-22T20:53:00.129Z</time></trkpt>
      <trkpt lat="50.7552030" lon="5.7704470"><time>2026-07-22T20:53:08.306Z</time></trkpt>
      <trkpt lat="50.7555100" lon="5.7683540"><time>2026-07-22T20:53:23.522Z</time></trkpt>
      <trkpt lat="50.7555680" lon="5.7674960"><time>2026-07-22T20:53:29.490Z</time></trkpt>
      <trkpt lat="50.7555550" lon="5.7670080"><time>2026-07-22T20:53:32.383Z</time></trkpt>
      <trkpt lat="50.7555170" lon="5.7668200"><time>2026-07-22T20:53:33.892Z</time></trkpt>
      <trkpt lat="50.7554550" lon="5.7665490"><time>2026-07-22T20:53:36.098Z</time></trkpt>
      <trkpt lat="50.7554170" lon="5.7662600"><time>2026-07-22T20:53:38.613Z</time></trkpt>
      <trkpt lat="50.7553890" lon="5.7658920"><time>2026-07-22T20:53:41.779Z</time></trkpt>
      <trkpt lat="50.7553980" lon="5.7655380"><time>2026-07-22T20:53:44.704Z</time></trkpt>
      <trkpt lat="50.7554310" lon="5.7641840"><time>2026-07-22T20:54:02.462Z</time></trkpt>
      <trkpt lat="50.7553770" lon="5.7635030"><time>2026-07-22T20:54:11.307Z</time></trkpt>
      <trkpt lat="50.7553770" lon="5.7629310"><time>2026-07-22T20:54:18.400Z</time></trkpt>
      <trkpt lat="50.7554160" lon="5.7624210"><time>2026-07-22T20:54:24.714Z</time></trkpt>
      <trkpt lat="50.7554970" lon="5.7621110"><time>2026-07-22T20:54:27.590Z</time></trkpt>
      <trkpt lat="50.7554650" lon="5.7619050"><time>2026-07-22T20:54:29.383Z</time></trkpt>
      <trkpt lat="50.7555430" lon="5.7608660"><time>2026-07-22T20:54:37.370Z</time></trkpt>
      <trkpt lat="50.7554820" lon="5.7606100"><time>2026-07-22T20:54:39.625Z</time></trkpt>
      <trkpt lat="50.7553240" lon="5.7603250"><time>2026-07-22T20:54:43.421Z</time></trkpt>
      <trkpt lat="50.7550410" lon="5.7603640"><time>2026-07-22T20:54:46.994Z</time></trkpt>
      <trkpt lat="50.7549670" lon="5.7603680"><time>2026-07-22T20:54:48.046Z</time></trkpt>
      <trkpt lat="50.7535740" lon="5.7605250"><time>2026-07-22T20:55:11.487Z</time></trkpt>
      <trkpt lat="50.7526470" lon="5.7606250"><time>2026-07-22T20:55:22.052Z</time></trkpt>
      <trkpt lat="50.7525380" lon="5.7606380"><time>2026-07-22T20:55:23.648Z</time></trkpt>
      <trkpt lat="50.7515310" lon="5.7607530"><time>2026-07-22T20:55:36.222Z</time></trkpt>
      <trkpt lat="50.7498830" lon="5.7609440"><time>2026-07-22T20:55:55.775Z</time></trkpt>
      <trkpt lat="50.7496390" lon="5.7609970"><time>2026-07-22T20:55:58.571Z</time></trkpt>
      <trkpt lat="50.7486050" lon="5.7614190"><time>2026-07-22T20:56:10.578Z</time></trkpt>
      <trkpt lat="50.7469520" lon="5.7621270"><time>2026-07-22T20:56:40.701Z</time></trkpt>
      <trkpt lat="50.7456210" lon="5.7627140"><time>2026-07-22T20:57:09.665Z</time></trkpt>
      <trkpt lat="50.7454130" lon="5.7628080"><time>2026-07-22T20:57:12.745Z</time></trkpt>
      <trkpt lat="50.7451690" lon="5.7629030"><time>2026-07-22T20:57:14.964Z</time></trkpt>
      <trkpt lat="50.7416470" lon="5.7644590"><time>2026-07-22T20:57:51.938Z</time></trkpt>
      <trkpt lat="50.7400720" lon="5.7654190"><time>2026-07-22T20:58:12.527Z</time></trkpt>
      <trkpt lat="50.7398250" lon="5.7655800"><time>2026-07-22T20:58:17.008Z</time></trkpt>
      <trkpt lat="50.7395870" lon="5.7657270"><time>2026-07-22T20:58:21.204Z</time></trkpt>
      <trkpt lat="50.7385450" lon="5.7663270"><time>2026-07-22T20:58:38.158Z</time></trkpt>
      <trkpt lat="50.7382140" lon="5.7665670"><time>2026-07-22T20:58:43.809Z</time></trkpt>
      <trkpt lat="50.7381960" lon="5.7665800"><time>2026-07-22T20:58:44.110Z</time></trkpt>
      <trkpt lat="50.7375190" lon="5.7672200"><time>2026-07-22T20:58:56.189Z</time></trkpt>
      <trkpt lat="50.7373840" lon="5.7673660"><time>2026-07-22T20:58:59.951Z</time></trkpt>
      <trkpt lat="50.7371070" lon="5.7673470"><time>2026-07-22T20:59:03.618Z</time></trkpt>
      <trkpt lat="50.7370880" lon="5.7672580"><time>2026-07-22T20:59:04.307Z</time></trkpt>
      <trkpt lat="50.7370480" lon="5.7672420"><time>2026-07-22T20:59:04.862Z</time></trkpt>
      <trkpt lat="50.7370070" lon="5.7672910"><time>2026-07-22T20:59:05.653Z</time></trkpt>
      <trkpt lat="50.7370120" lon="5.7673710"><time>2026-07-22T20:59:06.614Z</time></trkpt>
      <trkpt lat="50.7369110" lon="5.7674620"><time>2026-07-22T20:59:09.038Z</time></trkpt>
      <trkpt lat="50.7366300" lon="5.7678850"><time>2026-07-22T20:59:17.529Z</time></trkpt>
      <trkpt lat="50.7362670" lon="5.7683820"><time>2026-07-22T20:59:30.001Z</time></trkpt>
      <trkpt lat="50.7359250" lon="5.7687390"><time>2026-07-22T20:59:40.569Z</time></trkpt>
      <trkpt lat="50.7358660" lon="5.7688050"><time>2026-07-22T20:59:42.353Z</time></trkpt>
      <trkpt lat="50.7356080" lon="5.7690320"><time>2026-07-22T20:59:50.989Z</time></trkpt>
      <trkpt lat="50.7355150" lon="5.7690840"><time>2026-07-22T20:59:54.323Z</time></trkpt>
      <trkpt lat="50.7354960" lon="5.7694480"><time>2026-07-22T20:59:59.578Z</time></trkpt>
      <trkpt lat="50.7354910" lon="5.7696750"><time>2026-07-22T21:00:01.712Z</time></trkpt>
      <trkpt lat="50.7350390" lon="5.7703140"><time>2026-07-22T21:00:11.874Z</time></trkpt>
      <trkpt lat="50.7348900" lon="5.7704260"><time>2026-07-22T21:00:14.623Z</time></trkpt>
      <trkpt lat="50.7346150" lon="5.7707070"><time>2026-07-22T21:00:22.493Z</time></trkpt>
      <trkpt lat="50.7343140" lon="5.7711070"><time>2026-07-22T21:00:31.645Z</time></trkpt>
      <trkpt lat="50.7341030" lon="5.7714960"><time>2026-07-22T21:00:38.953Z</time></trkpt>
      <trkpt lat="50.7340000" lon="5.7715270"><time>2026-07-22T21:00:41.162Z</time></trkpt>
      <trkpt lat="50.7334130" lon="5.7714760"><time>2026-07-22T21:00:53.015Z</time></trkpt>
      <trkpt lat="50.7327440" lon="5.7717480"><time>2026-07-22T21:01:08.908Z</time></trkpt>
      <trkpt lat="50.7326360" lon="5.7717540"><time>2026-07-22T21:01:11.427Z</time></trkpt>
      <trkpt lat="50.7322880" lon="5.7716730"><time>2026-07-22T21:01:19.854Z</time></trkpt>
      <trkpt lat="50.7319270" lon="5.7716090"><time>2026-07-22T21:01:28.412Z</time></trkpt>
      <trkpt lat="50.7313970" lon="5.7716100"><time>2026-07-22T21:01:38.257Z</time></trkpt>
      <trkpt lat="50.7311050" lon="5.7717010"><time>2026-07-22T21:01:44.570Z</time></trkpt>
      <trkpt lat="50.7297010" lon="5.7722360"><time>2026-07-22T21:02:14.601Z</time></trkpt>
      <trkpt lat="50.7295080" lon="5.7722760"><time>2026-07-22T21:02:18.382Z</time></trkpt>
      <trkpt lat="50.7294150" lon="5.7722800"><time>2026-07-22T21:02:20.305Z</time></trkpt>
      <trkpt lat="50.7279840" lon="5.7722960"><time>2026-07-22T21:02:53.479Z</time></trkpt>
      <trkpt lat="50.7270470" lon="5.7722900"><time>2026-07-22T21:03:13.815Z</time></trkpt>
      <trkpt lat="50.7262040" lon="5.7722940"><time>2026-07-22T21:03:33.991Z</time></trkpt>
      <trkpt lat="50.7258340" lon="5.7722490"><time>2026-07-22T21:03:40.272Z</time></trkpt>
      <trkpt lat="50.7253210" lon="5.7712680"><time>2026-07-22T21:03:47.047Z</time></trkpt>
      <trkpt lat="50.7251470" lon="5.7709620"><time>2026-07-22T21:03:49.316Z</time></trkpt>
      <trkpt lat="50.7249540" lon="5.7707470"><time>2026-07-22T21:03:51.400Z</time></trkpt>
      <trkpt lat="50.7240170" lon="5.7698210"><time>2026-07-22T21:04:02.384Z</time></trkpt>
      <trkpt lat="50.7221860" lon="5.7680050"><time>2026-07-22T21:04:30.097Z</time></trkpt>
      <trkpt lat="50.7220510" lon="5.7679480"><time>2026-07-22T21:04:31.405Z</time></trkpt>
      <trkpt lat="50.7218960" lon="5.7680220"><time>2026-07-22T21:04:33.064Z</time></trkpt>
      <trkpt lat="50.7218070" lon="5.7681770"><time>2026-07-22T21:04:34.743Z</time></trkpt>
      <trkpt lat="50.7217260" lon="5.7684540"><time>2026-07-22T21:04:37.881Z</time></trkpt>
      <trkpt lat="50.7216010" lon="5.7690330"><time>2026-07-22T21:04:44.156Z</time></trkpt>
      <trkpt lat="50.7213030" lon="5.7689380"><time>2026-07-22T21:04:46.659Z</time></trkpt>
      <trkpt lat="50.7211690" lon="5.7688420"><time>2026-07-22T21:04:47.780Z</time></trkpt>
      <trkpt lat="50.7202880" lon="5.7678710"><time>2026-07-22T21:04:56.354Z</time></trkpt>
      <trkpt lat="50.7201270" lon="5.7677840"><time>2026-07-22T21:04:58.007Z</time></trkpt>
      <trkpt lat="50.7200460" lon="5.7677780"><time>2026-07-22T21:04:58.949Z</time></trkpt>
      <trkpt lat="50.7198580" lon="5.7678600"><time>2026-07-22T21:05:01.425Z</time></trkpt>
      <trkpt lat="50.7181140" lon="5.7690040"><time>2026-07-22T21:05:22.251Z</time></trkpt>
      <trkpt lat="50.7177750" lon="5.7668640"><time>2026-07-22T21:05:34.403Z</time></trkpt>
      <trkpt lat="50.7176840" lon="5.7666700"><time>2026-07-22T21:05:35.590Z</time></trkpt>
      <trkpt lat="50.7173960" lon="5.7663740"><time>2026-07-22T21:05:38.211Z</time></trkpt>
      <trkpt lat="50.7168610" lon="5.7658830"><time>2026-07-22T21:05:42.958Z</time></trkpt>
      <trkpt lat="50.7163950" lon="5.7654540"><time>2026-07-22T21:05:47.145Z</time></trkpt>
      <trkpt lat="50.7157670" lon="5.7648850"><time>2026-07-22T21:05:57.561Z</time></trkpt>
      <trkpt lat="50.7156090" lon="5.7647370"><time>2026-07-22T21:06:00.706Z</time></trkpt>
      <trkpt lat="50.7152840" lon="5.7640680"><time>2026-07-22T21:06:05.240Z</time></trkpt>
      <trkpt lat="50.7143200" lon="5.7617920"><time>2026-07-22T21:06:17.807Z</time></trkpt>
      <trkpt lat="50.7142720" lon="5.7616450"><time>2026-07-22T21:06:18.522Z</time></trkpt>
      <trkpt lat="50.7141710" lon="5.7611140"><time>2026-07-22T21:06:21.017Z</time></trkpt>
      <trkpt lat="50.7140710" lon="5.7603420"><time>2026-07-22T21:06:24.829Z</time></trkpt>
      <trkpt lat="50.7140440" lon="5.7597400"><time>2026-07-22T21:06:27.835Z</time></trkpt>
      <trkpt lat="50.7139940" lon="5.7596390"><time>2026-07-22T21:06:28.446Z</time></trkpt>
      <trkpt lat="50.7140580" lon="5.7587560"><time>2026-07-22T21:06:33.218Z</time></trkpt>
      <trkpt lat="50.7141190" lon="5.7584370"><time>2026-07-22T21:06:35.396Z</time></trkpt>
      <trkpt lat="50.7151850" lon="5.7551410"><time>2026-07-22T21:06:56.568Z</time></trkpt>
      <trkpt lat="50.7150960" lon="5.7551030"><time>2026-07-22T21:06:57.696Z</time></trkpt>
      <trkpt lat="50.7149800" lon="5.7549720"><time>2026-07-22T21:06:59.457Z</time></trkpt>
      <trkpt lat="50.7146820" lon="5.7546120"><time>2026-07-22T21:07:04.930Z</time></trkpt>
      <trkpt lat="50.7143320" lon="5.7540560"><time>2026-07-22T21:07:17.708Z</time></trkpt>
      <trkpt lat="50.7140900" lon="5.7535580"><time>2026-07-22T21:07:28.585Z</time></trkpt>
      <trkpt lat="50.7138610" lon="5.7529310"><time>2026-07-22T21:07:38.531Z</time></trkpt>
      <trkpt lat="50.7137170" lon="5.7527170"><time>2026-07-22T21:07:41.536Z</time></trkpt>
      <trkpt lat="50.7132830" lon="5.7524680"><time>2026-07-22T21:07:48.643Z</time></trkpt>
      <trkpt lat="50.7132370" lon="5.7525810"><time>2026-07-22T21:07:51.432Z</time></trkpt>
      <trkpt lat="50.7132180" lon="5.7526290"><time>2026-07-22T21:07:52.832Z</time></trkpt>
      <trkpt lat="50.7131280" lon="5.7527230"><time>2026-07-22T21:07:56.832Z</time></trkpt>
      <trkpt lat="50.7124080" lon="5.7528110"><time>2026-07-22T21:08:20.227Z</time></trkpt>
      <trkpt lat="50.7122480" lon="5.7528800"><time>2026-07-22T21:08:26.013Z</time></trkpt>
      <trkpt lat="50.7118070" lon="5.7531480"><time>2026-07-22T21:08:36.548Z</time></trkpt>
      <trkpt lat="50.7116680" lon="5.7532980"><time>2026-07-22T21:08:42.046Z</time></trkpt>
      <trkpt lat="50.7115030" lon="5.7536380"><time>2026-07-22T21:08:55.704Z</time></trkpt>
      <trkpt lat="50.7109880" lon="5.7546590"><time>2026-07-22T21:09:09.916Z</time></trkpt>
      <trkpt lat="50.7108790" lon="5.7549220"><time>2026-07-22T21:09:18.742Z</time></trkpt>
      <trkpt lat="50.7105710" lon="5.7556790"><time>2026-07-22T21:09:41.268Z</time></trkpt>
      <trkpt lat="50.7104940" lon="5.7560330"><time>2026-07-22T21:09:52.107Z</time></trkpt>
      <trkpt lat="50.7104540" lon="5.7567650"><time>2026-07-22T21:10:08.512Z</time></trkpt>
      <trkpt lat="50.7104140" lon="5.7570080"><time>2026-07-22T21:10:13.115Z</time></trkpt>
      <trkpt lat="50.7102870" lon="5.7574530"><time>2026-07-22T21:10:18.978Z</time></trkpt>
      <trkpt lat="50.7100790" lon="5.7580850"><time>2026-07-22T21:10:26.388Z</time></trkpt>
      <trkpt lat="50.7099300" lon="5.7584370"><time>2026-07-22T21:10:32.560Z</time></trkpt>
      <trkpt lat="50.7094020" lon="5.7594520"><time>2026-07-22T21:10:54.147Z</time></trkpt>
      <trkpt lat="50.7090180" lon="5.7604090"><time>2026-07-22T21:11:14.283Z</time></trkpt>
      <trkpt lat="50.7088590" lon="5.7608060"><time>2026-07-22T21:11:21.920Z</time></trkpt>
      <trkpt lat="50.7085590" lon="5.7614140"><time>2026-07-22T21:11:38.155Z</time></trkpt>
      <trkpt lat="50.7083610" lon="5.7617090"><time>2026-07-22T21:11:49.031Z</time></trkpt>
      <trkpt lat="50.7076320" lon="5.7623670"><time>2026-07-22T21:12:22.849Z</time></trkpt>
      <trkpt lat="50.7072190" lon="5.7626170"><time>2026-07-22T21:12:42.467Z</time></trkpt>
      <trkpt lat="50.7057450" lon="5.7632110"><time>2026-07-22T21:13:49.289Z</time></trkpt>
      <trkpt lat="50.7056320" lon="5.7632830"><time>2026-07-22T21:13:53.142Z</time></trkpt>
      <trkpt lat="50.7054680" lon="5.7634820"><time>2026-07-22T21:13:59.823Z</time></trkpt>
      <trkpt lat="50.7053720" lon="5.7636620"><time>2026-07-22T21:14:04.851Z</time></trkpt>
      <trkpt lat="50.7045750" lon="5.7654490"><time>2026-07-22T21:14:58.121Z</time></trkpt>
      <trkpt lat="50.7045220" lon="5.7655320"><time>2026-07-22T21:15:00.973Z</time></trkpt>
      <trkpt lat="50.7040850" lon="5.7657970"><time>2026-07-22T21:15:18.787Z</time></trkpt>
      <trkpt lat="50.7037800" lon="5.7661370"><time>2026-07-22T21:15:33.068Z</time></trkpt>
      <trkpt lat="50.7034550" lon="5.7670000"><time>2026-07-22T21:15:54.999Z</time></trkpt>
      <trkpt lat="50.7030870" lon="5.7676530"><time>2026-07-22T21:16:06.547Z</time></trkpt>
      <trkpt lat="50.7025960" lon="5.7683950"><time>2026-07-22T21:16:12.721Z</time></trkpt>
      <trkpt lat="50.7025130" lon="5.7685820"><time>2026-07-22T21:16:13.947Z</time></trkpt>
      <trkpt lat="50.7022640" lon="5.7701140"><time>2026-07-22T21:16:22.839Z</time></trkpt>
      <trkpt lat="50.7022330" lon="5.7705490"><time>2026-07-22T21:16:26.241Z</time></trkpt>
      <trkpt lat="50.7022550" lon="5.7714090"><time>2026-07-22T21:16:34.271Z</time></trkpt>
      <trkpt lat="50.7022590" lon="5.7715390"><time>2026-07-22T21:16:35.756Z</time></trkpt>
      <trkpt lat="50.7022720" lon="5.7716570"><time>2026-07-22T21:16:37.522Z</time></trkpt>
      <trkpt lat="50.7024430" lon="5.7734340"><time>2026-07-22T21:17:02.313Z</time></trkpt>
      <trkpt lat="50.7024370" lon="5.7737390"><time>2026-07-22T21:17:08.481Z</time></trkpt>
      <trkpt lat="50.7023620" lon="5.7742850"><time>2026-07-22T21:17:21.564Z</time></trkpt>
      <trkpt lat="50.7023370" lon="5.7747050"><time>2026-07-22T21:17:32.357Z</time></trkpt>
      <trkpt lat="50.7021980" lon="5.7757230"><time>2026-07-22T21:17:56.930Z</time></trkpt>
      <trkpt lat="50.7021860" lon="5.7759310"><time>2026-07-22T21:18:01.361Z</time></trkpt>
      <trkpt lat="50.7022170" lon="5.7771410"><time>2026-07-22T21:18:24.373Z</time></trkpt>
      <trkpt lat="50.7021260" lon="5.7776680"><time>2026-07-22T21:18:32.725Z</time></trkpt>
      <trkpt lat="50.7020570" lon="5.7778760"><time>2026-07-22T21:18:36.055Z</time></trkpt>
      <trkpt lat="50.7017370" lon="5.7785330"><time>2026-07-22T21:18:44.339Z</time></trkpt>
      <trkpt lat="50.7017690" lon="5.7785620"><time>2026-07-22T21:18:46.461Z</time></trkpt>
      <trkpt lat="50.7017370" lon="5.7785330"><time>2026-07-22T21:18:48.507Z</time></trkpt>
      <trkpt lat="50.7013820" lon="5.7792220"><time>2026-07-22T21:18:52.594Z</time></trkpt>
      <trkpt lat="50.7012280" lon="5.7795430"><time>2026-07-22T21:18:54.384Z</time></trkpt>
      <trkpt lat="50.7011750" lon="5.7797300"><time>2026-07-22T21:18:55.288Z</time></trkpt>
      <trkpt lat="50.7008890" lon="5.7813080"><time>2026-07-22T21:19:02.668Z</time></trkpt>
      <trkpt lat="50.7008100" lon="5.7816110"><time>2026-07-22T21:19:04.188Z</time></trkpt>
      <trkpt lat="50.7006960" lon="5.7818880"><time>2026-07-22T21:19:05.752Z</time></trkpt>
      <trkpt lat="50.7004210" lon="5.7824170"><time>2026-07-22T21:19:09.000Z</time></trkpt>
      <trkpt lat="50.7003970" lon="5.7824620"><time>2026-07-22T21:19:09.290Z</time></trkpt>
      <trkpt lat="50.6999540" lon="5.7832080"><time>2026-07-22T21:19:14.693Z</time></trkpt>
      <trkpt lat="50.6991400" lon="5.7844690"><time>2026-07-22T21:19:26.367Z</time></trkpt>
      <trkpt lat="50.6990810" lon="5.7845590"><time>2026-07-22T21:19:28.007Z</time></trkpt>
      <trkpt lat="50.6988390" lon="5.7849370"><time>2026-07-22T21:19:36.380Z</time></trkpt>
      <trkpt lat="50.6987250" lon="5.7851930"><time>2026-07-22T21:19:40.041Z</time></trkpt>
      <trkpt lat="50.6986510" lon="5.7854860"><time>2026-07-22T21:19:42.279Z</time></trkpt>
      <trkpt lat="50.6986110" lon="5.7857380"><time>2026-07-22T21:19:43.771Z</time></trkpt>
      <trkpt lat="50.6986010" lon="5.7862360"><time>2026-07-22T21:19:46.474Z</time></trkpt>
      <trkpt lat="50.6986490" lon="5.7865570"><time>2026-07-22T21:19:48.233Z</time></trkpt>
      <trkpt lat="50.6989720" lon="5.7877460"><time>2026-07-22T21:19:55.133Z</time></trkpt>
      <trkpt lat="50.6991140" lon="5.7882800"><time>2026-07-22T21:19:58.346Z</time></trkpt>
      <trkpt lat="50.6982760" lon="5.7887540"><time>2026-07-22T21:20:07.303Z</time></trkpt>
      <trkpt lat="50.6981240" lon="5.7889460"><time>2026-07-22T21:20:09.672Z</time></trkpt>
      <trkpt lat="50.6977650" lon="5.7899880"><time>2026-07-22T21:20:21.267Z</time></trkpt>
      <trkpt lat="50.6976460" lon="5.7902300"><time>2026-07-22T21:20:24.530Z</time></trkpt>
      <trkpt lat="50.6973170" lon="5.7907220"><time>2026-07-22T21:20:33.381Z</time></trkpt>
      <trkpt lat="50.6969810" lon="5.7911520"><time>2026-07-22T21:20:44.148Z</time></trkpt>
      <trkpt lat="50.6957510" lon="5.7924810"><time>2026-07-22T21:21:23.490Z</time></trkpt>
      <trkpt lat="50.6939440" lon="5.7945280"><time>2026-07-22T21:22:05.697Z</time></trkpt>
      <trkpt lat="50.6943150" lon="5.7960770"><time>2026-07-22T21:22:18.368Z</time></trkpt>
      <trkpt lat="50.6945530" lon="5.7970240"><time>2026-07-22T21:22:28.451Z</time></trkpt>
      <trkpt lat="50.6946860" lon="5.7975580"><time>2026-07-22T21:22:32.713Z</time></trkpt>
      <trkpt lat="50.6949660" lon="5.7987290"><time>2026-07-22T21:22:41.347Z</time></trkpt>
      <trkpt lat="50.6950830" lon="5.7992510"><time>2026-07-22T21:22:45.474Z</time></trkpt>
      <trkpt lat="50.6951220" lon="5.7997780"><time>2026-07-22T21:22:49.643Z</time></trkpt>
      <trkpt lat="50.6953540" lon="5.7998690"><time>2026-07-22T21:22:51.626Z</time></trkpt>
      <trkpt lat="50.6956920" lon="5.8001760"><time>2026-07-22T21:22:54.912Z</time></trkpt>
      <trkpt lat="50.6958250" lon="5.8002350"><time>2026-07-22T21:22:55.868Z</time></trkpt>
      <trkpt lat="50.6960450" lon="5.8002320"><time>2026-07-22T21:22:57.390Z</time></trkpt>
      <trkpt lat="50.6961230" lon="5.8001790"><time>2026-07-22T21:22:57.996Z</time></trkpt>
      <trkpt lat="50.6965800" lon="5.7995270"><time>2026-07-22T21:23:02.596Z</time></trkpt>
      <trkpt lat="50.6967050" lon="5.7994000"><time>2026-07-22T21:23:03.716Z</time></trkpt>
      <trkpt lat="50.6968240" lon="5.7993300"><time>2026-07-22T21:23:04.668Z</time></trkpt>
      <trkpt lat="50.6970740" lon="5.7993540"><time>2026-07-22T21:23:06.511Z</time></trkpt>
      <trkpt lat="50.6972010" lon="5.7994340"><time>2026-07-22T21:23:07.490Z</time></trkpt>
      <trkpt lat="50.6982510" lon="5.8006830"><time>2026-07-22T21:23:16.514Z</time></trkpt>
      <trkpt lat="50.6983020" lon="5.8008290"><time>2026-07-22T21:23:17.215Z</time></trkpt>
      <trkpt lat="50.6982970" lon="5.8009620"><time>2026-07-22T21:23:17.774Z</time></trkpt>
      <trkpt lat="50.6982580" lon="5.8010970"><time>2026-07-22T21:23:18.422Z</time></trkpt>
      <trkpt lat="50.6982020" lon="5.8011860"><time>2026-07-22T21:23:19.107Z</time></trkpt>
      <trkpt lat="50.6980650" lon="5.8012590"><time>2026-07-22T21:23:23.047Z</time></trkpt>
      <trkpt lat="50.6979730" lon="5.8012230"><time>2026-07-22T21:23:26.794Z</time></trkpt>
      <trkpt lat="50.6974310" lon="5.8005670"><time>2026-07-22T21:23:57.319Z</time></trkpt>
      <trkpt lat="50.6973450" lon="5.8004990"><time>2026-07-22T21:24:01.727Z</time></trkpt>
      <trkpt lat="50.6972350" lon="5.8004880"><time>2026-07-22T21:24:06.509Z</time></trkpt>
      <trkpt lat="50.6970900" lon="5.8005800"><time>2026-07-22T21:24:12.077Z</time></trkpt>
      <trkpt lat="50.6970240" lon="5.8007500"><time>2026-07-22T21:24:14.498Z</time></trkpt>
      <trkpt lat="50.6970150" lon="5.8008350"><time>2026-07-22T21:24:14.965Z</time></trkpt>
      <trkpt lat="50.6970290" lon="5.8009740"><time>2026-07-22T21:24:15.614Z</time></trkpt>
      <trkpt lat="50.6970970" lon="5.8011400"><time>2026-07-22T21:24:16.476Z</time></trkpt>
      <trkpt lat="50.6982170" lon="5.8025190"><time>2026-07-22T21:24:26.120Z</time></trkpt>
      <trkpt lat="50.6983030" lon="5.8026690"><time>2026-07-22T21:24:26.996Z</time></trkpt>
      <trkpt lat="50.6983170" lon="5.8028780"><time>2026-07-22T21:24:27.936Z</time></trkpt>
      <trkpt lat="50.6983370" lon="5.8031730"><time>2026-07-22T21:24:29.280Z</time></trkpt>
      <trkpt lat="50.6995960" lon="5.8017470"><time>2026-07-22T21:24:40.635Z</time></trkpt>
      <trkpt lat="50.6998020" lon="5.8015190"><time>2026-07-22T21:24:43.475Z</time></trkpt>
      <trkpt lat="50.6999790" lon="5.8012320"><time>2026-07-22T21:24:47.328Z</time></trkpt>
      <trkpt lat="50.7000660" lon="5.8009780"><time>2026-07-22T21:24:49.807Z</time></trkpt>
      <trkpt lat="50.7001060" lon="5.8006940"><time>2026-07-22T21:24:51.799Z</time></trkpt>
      <trkpt lat="50.7001210" lon="5.8001880"><time>2026-07-22T21:24:55.685Z</time></trkpt>
      <trkpt lat="50.7001740" lon="5.7998180"><time>2026-07-22T21:24:57.911Z</time></trkpt>
      <trkpt lat="50.7003380" lon="5.7994350"><time>2026-07-22T21:25:00.568Z</time></trkpt>
      <trkpt lat="50.7005830" lon="5.7991860"><time>2026-07-22T21:25:03.290Z</time></trkpt>
      <trkpt lat="50.7007700" lon="5.7991130"><time>2026-07-22T21:25:05.160Z</time></trkpt>
      <trkpt lat="50.7010230" lon="5.7991320"><time>2026-07-22T21:25:07.771Z</time></trkpt>
      <trkpt lat="50.7020880" lon="5.7994520"><time>2026-07-22T21:25:20.030Z</time></trkpt>
      <trkpt lat="50.7023540" lon="5.7994830"><time>2026-07-22T21:25:22.213Z</time></trkpt>
      <trkpt lat="50.7025590" lon="5.7994310"><time>2026-07-22T21:25:23.818Z</time></trkpt>
      <trkpt lat="50.7026830" lon="5.7993590"><time>2026-07-22T21:25:24.769Z</time></trkpt>
      <trkpt lat="50.7027750" lon="5.7992840"><time>2026-07-22T21:25:25.528Z</time></trkpt>
      <trkpt lat="50.7029580" lon="5.7990510"><time>2026-07-22T21:25:27.325Z</time></trkpt>
      <trkpt lat="50.7030550" lon="5.7988970"><time>2026-07-22T21:25:28.419Z</time></trkpt>
      <trkpt lat="50.7035190" lon="5.7981190"><time>2026-07-22T21:25:34.659Z</time></trkpt>
      <trkpt lat="50.7038280" lon="5.7975770"><time>2026-07-22T21:25:38.571Z</time></trkpt>
      <trkpt lat="50.7039130" lon="5.7973720"><time>2026-07-22T21:25:40.056Z</time></trkpt>
      <trkpt lat="50.7040480" lon="5.7968560"><time>2026-07-22T21:25:43.533Z</time></trkpt>
      <trkpt lat="50.7040990" lon="5.7961220"><time>2026-07-22T21:25:51.133Z</time></trkpt>
      <trkpt lat="50.7042160" lon="5.7930200"><time>2026-07-22T21:26:13.318Z</time></trkpt>
      <trkpt lat="50.7042190" lon="5.7927320"><time>2026-07-22T21:26:15.182Z</time></trkpt>
      <trkpt lat="50.7041690" lon="5.7918430"><time>2026-07-22T21:26:19.944Z</time></trkpt>
      <trkpt lat="50.7040550" lon="5.7902090"><time>2026-07-22T21:26:29.070Z</time></trkpt>
      <trkpt lat="50.7040520" lon="5.7897500"><time>2026-07-22T21:26:31.559Z</time></trkpt>
      <trkpt lat="50.7041430" lon="5.7891450"><time>2026-07-22T21:26:38.505Z</time></trkpt>
      <trkpt lat="50.7043620" lon="5.7884210"><time>2026-07-22T21:26:44.907Z</time></trkpt>
      <trkpt lat="50.7046060" lon="5.7879320"><time>2026-07-22T21:26:49.288Z</time></trkpt>
      <trkpt lat="50.7049760" lon="5.7875310"><time>2026-07-22T21:26:55.810Z</time></trkpt>
      <trkpt lat="50.7065670" lon="5.7860630"><time>2026-07-22T21:27:13.455Z</time></trkpt>
      <trkpt lat="50.7067100" lon="5.7858990"><time>2026-07-22T21:27:15.643Z</time></trkpt>
      <trkpt lat="50.7069520" lon="5.7855370"><time>2026-07-22T21:27:18.259Z</time></trkpt>
      <trkpt lat="50.7076400" lon="5.7844750"><time>2026-07-22T21:27:26.779Z</time></trkpt>
      <trkpt lat="50.7079420" lon="5.7839510"><time>2026-07-22T21:27:31.194Z</time></trkpt>
      <trkpt lat="50.7090640" lon="5.7813290"><time>2026-07-22T21:27:51.238Z</time></trkpt>
      <trkpt lat="50.7092160" lon="5.7808460"><time>2026-07-22T21:27:54.360Z</time></trkpt>
      <trkpt lat="50.7093050" lon="5.7804750"><time>2026-07-22T21:27:57.520Z</time></trkpt>
      <trkpt lat="50.7093680" lon="5.7804490"><time>2026-07-22T21:27:59.183Z</time></trkpt>
      <trkpt lat="50.7095560" lon="5.7800730"><time>2026-07-22T21:28:05.416Z</time></trkpt>
      <trkpt lat="50.7097240" lon="5.7791970"><time>2026-07-22T21:28:10.524Z</time></trkpt>
      <trkpt lat="50.7098530" lon="5.7786890"><time>2026-07-22T21:28:17.168Z</time></trkpt>
      <trkpt lat="50.7099510" lon="5.7785560"><time>2026-07-22T21:28:20.244Z</time></trkpt>
      <trkpt lat="50.7102680" lon="5.7784570"><time>2026-07-22T21:28:28.866Z</time></trkpt>
      <trkpt lat="50.7103700" lon="5.7783640"><time>2026-07-22T21:28:32.223Z</time></trkpt>
      <trkpt lat="50.7104920" lon="5.7781040"><time>2026-07-22T21:28:38.169Z</time></trkpt>
      <trkpt lat="50.7105770" lon="5.7767550"><time>2026-07-22T21:29:01.199Z</time></trkpt>
      <trkpt lat="50.7105930" lon="5.7765980"><time>2026-07-22T21:29:04.218Z</time></trkpt>
      <trkpt lat="50.7106510" lon="5.7764050"><time>2026-07-22T21:29:08.751Z</time></trkpt>
      <trkpt lat="50.7108300" lon="5.7761520"><time>2026-07-22T21:29:17.959Z</time></trkpt>
      <trkpt lat="50.7116700" lon="5.7757140"><time>2026-07-22T21:29:55.464Z</time></trkpt>
      <trkpt lat="50.7120680" lon="5.7753680"><time>2026-07-22T21:30:11.513Z</time></trkpt>
      <trkpt lat="50.7129930" lon="5.7744030"><time>2026-07-22T21:30:44.942Z</time></trkpt>
      <trkpt lat="50.7130310" lon="5.7745850"><time>2026-07-22T21:30:49.108Z</time></trkpt>
      <trkpt lat="50.7127710" lon="5.7759340"><time>2026-07-22T21:31:02.495Z</time></trkpt>
      <trkpt lat="50.7127050" lon="5.7767180"><time>2026-07-22T21:31:06.315Z</time></trkpt>
      <trkpt lat="50.7127080" lon="5.7795320"><time>2026-07-22T21:31:19.371Z</time></trkpt>
      <trkpt lat="50.7121570" lon="5.7830650"><time>2026-07-22T21:31:58.659Z</time></trkpt>
      <trkpt lat="50.7121830" lon="5.7833010"><time>2026-07-22T21:32:02.493Z</time></trkpt>
      <trkpt lat="50.7122520" lon="5.7835820"><time>2026-07-22T21:32:09.852Z</time></trkpt>
      <trkpt lat="50.7124340" lon="5.7839260"><time>2026-07-22T21:32:21.937Z</time></trkpt>
      <trkpt lat="50.7125140" lon="5.7839980"><time>2026-07-22T21:32:25.676Z</time></trkpt>
      <trkpt lat="50.7126820" lon="5.7841110"><time>2026-07-22T21:32:32.858Z</time></trkpt>
      <trkpt lat="50.7138000" lon="5.7844080"><time>2026-07-22T21:33:13.096Z</time></trkpt>
      <trkpt lat="50.7139710" lon="5.7844970"><time>2026-07-22T21:33:18.088Z</time></trkpt>
      <trkpt lat="50.7140270" lon="5.7846390"><time>2026-07-22T21:33:21.252Z</time></trkpt>
      <trkpt lat="50.7140240" lon="5.7847770"><time>2026-07-22T21:33:24.596Z</time></trkpt>
      <trkpt lat="50.7139550" lon="5.7849520"><time>2026-07-22T21:33:30.105Z</time></trkpt>
      <trkpt lat="50.7133980" lon="5.7856850"><time>2026-07-22T21:33:52.893Z</time></trkpt>
      <trkpt lat="50.7133240" lon="5.7858720"><time>2026-07-22T21:33:57.276Z</time></trkpt>
      <trkpt lat="50.7132950" lon="5.7860180"><time>2026-07-22T21:34:00.447Z</time></trkpt>
      <trkpt lat="50.7132990" lon="5.7862450"><time>2026-07-22T21:34:05.367Z</time></trkpt>
      <trkpt lat="50.7133270" lon="5.7863850"><time>2026-07-22T21:34:08.699Z</time></trkpt>
      <trkpt lat="50.7139320" lon="5.7877910"><time>2026-07-22T21:34:49.887Z</time></trkpt>
      <trkpt lat="50.7139740" lon="5.7879080"><time>2026-07-22T21:34:52.994Z</time></trkpt>
      <trkpt lat="50.7139740" lon="5.7880370"><time>2026-07-22T21:34:55.574Z</time></trkpt>
      <trkpt lat="50.7140210" lon="5.7881490"><time>2026-07-22T21:34:58.115Z</time></trkpt>
      <trkpt lat="50.7141800" lon="5.7888040"><time>2026-07-22T21:35:12.878Z</time></trkpt>
      <trkpt lat="50.7142790" lon="5.7895710"><time>2026-07-22T21:35:32.216Z</time></trkpt>
      <trkpt lat="50.7143520" lon="5.7905370"><time>2026-07-22T21:36:01.068Z</time></trkpt>
      <trkpt lat="50.7144750" lon="5.7912340"><time>2026-07-22T21:36:27.004Z</time></trkpt>
      <trkpt lat="50.7144810" lon="5.7914870"><time>2026-07-22T21:36:35.260Z</time></trkpt>
      <trkpt lat="50.7143600" lon="5.7927610"><time>2026-07-22T21:37:16.933Z</time></trkpt>
      <trkpt lat="50.7143720" lon="5.7933020"><time>2026-07-22T21:37:32.852Z</time></trkpt>
      <trkpt lat="50.7144240" lon="5.7937130"><time>2026-07-22T21:37:44.417Z</time></trkpt>
      <trkpt lat="50.7145320" lon="5.7941830"><time>2026-07-22T21:37:57.628Z</time></trkpt>
      <trkpt lat="50.7146290" lon="5.7944290"><time>2026-07-22T21:38:04.960Z</time></trkpt>
      <trkpt lat="50.7147040" lon="5.7945310"><time>2026-07-22T21:38:08.848Z</time></trkpt>
      <trkpt lat="50.7148500" lon="5.7946350"><time>2026-07-22T21:38:14.918Z</time></trkpt>
      <trkpt lat="50.7152240" lon="5.7947890"><time>2026-07-22T21:38:28.581Z</time></trkpt>
      <trkpt lat="50.7157500" lon="5.7951510"><time>2026-07-22T21:38:46.392Z</time></trkpt>
      <trkpt lat="50.7161470" lon="5.7954730"><time>2026-07-22T21:38:56.810Z</time></trkpt>
      <trkpt lat="50.7167240" lon="5.7959400"><time>2026-07-22T21:39:11.469Z</time></trkpt>
      <trkpt lat="50.7168540" lon="5.7960640"><time>2026-07-22T21:39:14.305Z</time></trkpt>
      <trkpt lat="50.7174250" lon="5.7967930"><time>2026-07-22T21:39:24.199Z</time></trkpt>
      <trkpt lat="50.7180900" lon="5.7974660"><time>2026-07-22T21:39:31.883Z</time></trkpt>
      <trkpt lat="50.7185080" lon="5.7978890"><time>2026-07-22T21:39:36.686Z</time></trkpt>
      <trkpt lat="50.7186850" lon="5.7978510"><time>2026-07-22T21:39:38.464Z</time></trkpt>
      <trkpt lat="50.7192750" lon="5.7974360"><time>2026-07-22T21:39:45.310Z</time></trkpt>
      <trkpt lat="50.7197030" lon="5.7974770"><time>2026-07-22T21:39:51.446Z</time></trkpt>
      <trkpt lat="50.7197060" lon="5.7975730"><time>2026-07-22T21:39:52.544Z</time></trkpt>
      <trkpt lat="50.7194770" lon="5.7979740"><time>2026-07-22T21:39:58.730Z</time></trkpt>
      <trkpt lat="50.7191280" lon="5.7986790"><time>2026-07-22T21:40:07.726Z</time></trkpt>
      <trkpt lat="50.7187690" lon="5.7996270"><time>2026-07-22T21:40:18.248Z</time></trkpt>
      <trkpt lat="50.7176310" lon="5.8040110"><time>2026-07-22T21:40:52.959Z</time></trkpt>
      <trkpt lat="50.7170990" lon="5.8060690"><time>2026-07-22T21:41:13.341Z</time></trkpt>
      <trkpt lat="50.7162950" lon="5.8091480"><time>2026-07-22T21:41:52.060Z</time></trkpt>
      <trkpt lat="50.7153220" lon="5.8129520"><time>2026-07-22T21:42:35.723Z</time></trkpt>
      <trkpt lat="50.7156300" lon="5.8131730"><time>2026-07-22T21:42:40.762Z</time></trkpt>
      <trkpt lat="50.7164490" lon="5.8135930"><time>2026-07-22T21:42:52.125Z</time></trkpt>
      <trkpt lat="50.7173730" lon="5.8141890"><time>2026-07-22T21:43:03.962Z</time></trkpt>
      <trkpt lat="50.7189030" lon="5.8144130"><time>2026-07-22T21:43:25.544Z</time></trkpt>
      <trkpt lat="50.7191110" lon="5.8148440"><time>2026-07-22T21:43:33.057Z</time></trkpt>
      <trkpt lat="50.7194230" lon="5.8158220"><time>2026-07-22T21:43:47.387Z</time></trkpt>
      <trkpt lat="50.7199670" lon="5.8168510"><time>2026-07-22T21:44:03.459Z</time></trkpt>
      <trkpt lat="50.7205570" lon="5.8177860"><time>2026-07-22T21:44:17.360Z</time></trkpt>
      <trkpt lat="50.7207160" lon="5.8179950"><time>2026-07-22T21:44:20.655Z</time></trkpt>
      <trkpt lat="50.7210700" lon="5.8183470"><time>2026-07-22T21:44:26.786Z</time></trkpt>
      <trkpt lat="50.7213780" lon="5.8187240"><time>2026-07-22T21:44:31.977Z</time></trkpt>
      <trkpt lat="50.7215370" lon="5.8188490"><time>2026-07-22T21:44:34.190Z</time></trkpt>
      <trkpt lat="50.7219240" lon="5.8190510"><time>2026-07-22T21:44:39.037Z</time></trkpt>
      <trkpt lat="50.7223610" lon="5.8194850"><time>2026-07-22T21:44:44.966Z</time></trkpt>
      <trkpt lat="50.7225870" lon="5.8196720"><time>2026-07-22T21:44:47.671Z</time></trkpt>
      <trkpt lat="50.7228990" lon="5.8197520"><time>2026-07-22T21:44:51.373Z</time></trkpt>
      <trkpt lat="50.7234690" lon="5.8198190"><time>2026-07-22T21:44:57.061Z</time></trkpt>
      <trkpt lat="50.7239840" lon="5.8200130"><time>2026-07-22T21:45:02.143Z</time></trkpt>
      <trkpt lat="50.7246690" lon="5.8206590"><time>2026-07-22T21:45:09.621Z</time></trkpt>
      <trkpt lat="50.7251010" lon="5.8209490"><time>2026-07-22T21:45:13.969Z</time></trkpt>
      <trkpt lat="50.7254160" lon="5.8211660"><time>2026-07-22T21:45:17.135Z</time></trkpt>
      <trkpt lat="50.7255060" lon="5.8212670"><time>2026-07-22T21:45:18.172Z</time></trkpt>
      <trkpt lat="50.7257790" lon="5.8217500"><time>2026-07-22T21:45:22.182Z</time></trkpt>
      <trkpt lat="50.7260020" lon="5.8222110"><time>2026-07-22T21:45:25.844Z</time></trkpt>
      <trkpt lat="50.7261710" lon="5.8226290"><time>2026-07-22T21:45:29.014Z</time></trkpt>
      <trkpt lat="50.7263210" lon="5.8228950"><time>2026-07-22T21:45:31.297Z</time></trkpt>
      <trkpt lat="50.7268790" lon="5.8236170"><time>2026-07-22T21:45:38.618Z</time></trkpt>
      <trkpt lat="50.7270120" lon="5.8237340"><time>2026-07-22T21:45:40.275Z</time></trkpt>
      <trkpt lat="50.7272080" lon="5.8238550"><time>2026-07-22T21:45:42.697Z</time></trkpt>
      <trkpt lat="50.7276030" lon="5.8239070"><time>2026-07-22T21:45:47.409Z</time></trkpt>
      <trkpt lat="50.7279380" lon="5.8243540"><time>2026-07-22T21:45:52.595Z</time></trkpt>
      <trkpt lat="50.7279930" lon="5.8245000"><time>2026-07-22T21:45:54.196Z</time></trkpt>
      <trkpt lat="50.7280400" lon="5.8248080"><time>2026-07-22T21:45:58.912Z</time></trkpt>
      <trkpt lat="50.7280070" lon="5.8251920"><time>2026-07-22T21:46:05.267Z</time></trkpt>
      <trkpt lat="50.7280080" lon="5.8258480"><time>2026-07-22T21:46:12.363Z</time></trkpt>
      <trkpt lat="50.7280990" lon="5.8263930"><time>2026-07-22T21:46:17.283Z</time></trkpt>
      <trkpt lat="50.7282370" lon="5.8268860"><time>2026-07-22T21:46:22.171Z</time></trkpt>
      <trkpt lat="50.7283640" lon="5.8272150"><time>2026-07-22T21:46:27.038Z</time></trkpt>
      <trkpt lat="50.7285070" lon="5.8274790"><time>2026-07-22T21:46:32.478Z</time></trkpt>
      <trkpt lat="50.7292140" lon="5.8265200"><time>2026-07-22T21:46:40.603Z</time></trkpt>
      <trkpt lat="50.7295170" lon="5.8262300"><time>2026-07-22T21:46:44.079Z</time></trkpt>
      <trkpt lat="50.7305820" lon="5.8254620"><time>2026-07-22T21:46:56.246Z</time></trkpt>
      <trkpt lat="50.7314240" lon="5.8248880"><time>2026-07-22T21:47:03.796Z</time></trkpt>
      <trkpt lat="50.7317300" lon="5.8248600"><time>2026-07-22T21:47:06.300Z</time></trkpt>
      <trkpt lat="50.7323770" lon="5.8248870"><time>2026-07-22T21:47:11.477Z</time></trkpt>
      <trkpt lat="50.7326190" lon="5.8248210"><time>2026-07-22T21:47:13.430Z</time></trkpt>
      <trkpt lat="50.7332320" lon="5.8245500"><time>2026-07-22T21:47:18.517Z</time></trkpt>
      <trkpt lat="50.7334400" lon="5.8245140"><time>2026-07-22T21:47:20.317Z</time></trkpt>
      <trkpt lat="50.7339200" lon="5.8245380"><time>2026-07-22T21:47:25.010Z</time></trkpt>
      <trkpt lat="50.7339700" lon="5.8245410"><time>2026-07-22T21:47:25.441Z</time></trkpt>
      <trkpt lat="50.7341890" lon="5.8245540"><time>2026-07-22T21:47:27.210Z</time></trkpt>
      <trkpt lat="50.7353980" lon="5.8246500"><time>2026-07-22T21:47:43.425Z</time></trkpt>
      <trkpt lat="50.7358890" lon="5.8245770"><time>2026-07-22T21:47:48.687Z</time></trkpt>
      <trkpt lat="50.7359300" lon="5.8245680"><time>2026-07-22T21:47:49.035Z</time></trkpt>
      <trkpt lat="50.7365250" lon="5.8243950"><time>2026-07-22T21:47:53.553Z</time></trkpt>
      <trkpt lat="50.7371920" lon="5.8239520"><time>2026-07-22T21:47:58.669Z</time></trkpt>
      <trkpt lat="50.7374700" lon="5.8237420"><time>2026-07-22T21:48:01.146Z</time></trkpt>
      <trkpt lat="50.7377020" lon="5.8234780"><time>2026-07-22T21:48:04.092Z</time></trkpt>
      <trkpt lat="50.7377900" lon="5.8233450"><time>2026-07-22T21:48:05.675Z</time></trkpt>
      <trkpt lat="50.7378420" lon="5.8232710"><time>2026-07-22T21:48:06.370Z</time></trkpt>
      <trkpt lat="50.7383540" lon="5.8227160"><time>2026-07-22T21:48:11.381Z</time></trkpt>
      <trkpt lat="50.7387620" lon="5.8222940"><time>2026-07-22T21:48:16.484Z</time></trkpt>
      <trkpt lat="50.7389940" lon="5.8221510"><time>2026-07-22T21:48:18.660Z</time></trkpt>
      <trkpt lat="50.7392880" lon="5.8221750"><time>2026-07-22T21:48:27.199Z</time></trkpt>
      <trkpt lat="50.7397300" lon="5.8222820"><time>2026-07-22T21:48:44.721Z</time></trkpt>
      <trkpt lat="50.7401630" lon="5.8223530"><time>2026-07-22T21:48:54.940Z</time></trkpt>
      <trkpt lat="50.7403170" lon="5.8222860"><time>2026-07-22T21:48:58.883Z</time></trkpt>
      <trkpt lat="50.7403660" lon="5.8224260"><time>2026-07-22T21:49:02.495Z</time></trkpt>
      <trkpt lat="50.7403790" lon="5.8225460"><time>2026-07-22T21:49:05.190Z</time></trkpt>
      <trkpt lat="50.7404060" lon="5.8228380"><time>2026-07-22T21:49:10.073Z</time></trkpt>
      <trkpt lat="50.7404500" lon="5.8233760"><time>2026-07-22T21:49:21.575Z</time></trkpt>
      <trkpt lat="50.7405390" lon="5.8238460"><time>2026-07-22T21:49:29.574Z</time></trkpt>
      <trkpt lat="50.7409560" lon="5.8251940"><time>2026-07-22T21:49:54.033Z</time></trkpt>
      <trkpt lat="50.7410730" lon="5.8254850"><time>2026-07-22T21:49:59.881Z</time></trkpt>
      <trkpt lat="50.7418080" lon="5.8268000"><time>2026-07-22T21:50:24.314Z</time></trkpt>
      <trkpt lat="50.7427220" lon="5.8281330"><time>2026-07-22T21:50:36.037Z</time></trkpt>
      <trkpt lat="50.7431560" lon="5.8287760"><time>2026-07-22T21:50:40.401Z</time></trkpt>
      <trkpt lat="50.7433170" lon="5.8291370"><time>2026-07-22T21:50:42.391Z</time></trkpt>
      <trkpt lat="50.7436580" lon="5.8302430"><time>2026-07-22T21:50:47.857Z</time></trkpt>
      <trkpt lat="50.7437990" lon="5.8306050"><time>2026-07-22T21:50:49.778Z</time></trkpt>
      <trkpt lat="50.7448050" lon="5.8326800"><time>2026-07-22T21:51:03.440Z</time></trkpt>
      <trkpt lat="50.7448900" lon="5.8328530"><time>2026-07-22T21:51:04.587Z</time></trkpt>
      <trkpt lat="50.7454930" lon="5.8340920"><time>2026-07-22T21:51:13.472Z</time></trkpt>
      <trkpt lat="50.7459200" lon="5.8349660"><time>2026-07-22T21:51:42.415Z</time></trkpt>
      <trkpt lat="50.7465460" lon="5.8360170"><time>2026-07-22T21:52:13.000Z</time></trkpt>
      <trkpt lat="50.7466370" lon="5.8361800"><time>2026-07-22T21:52:18.073Z</time></trkpt>
      <trkpt lat="50.7467710" lon="5.8365130"><time>2026-07-22T21:52:26.536Z</time></trkpt>
      <trkpt lat="50.7473770" lon="5.8385440"><time>2026-07-22T21:53:05.601Z</time></trkpt>
      <trkpt lat="50.7476460" lon="5.8392240"><time>2026-07-22T21:53:21.225Z</time></trkpt>
      <trkpt lat="50.7476790" lon="5.8393470"><time>2026-07-22T21:53:23.379Z</time></trkpt>
      <trkpt lat="50.7476730" lon="5.8395200"><time>2026-07-22T21:53:26.207Z</time></trkpt>
      <trkpt lat="50.7476240" lon="5.8396410"><time>2026-07-22T21:53:28.842Z</time></trkpt>
      <trkpt lat="50.7475660" lon="5.8397080"><time>2026-07-22T21:53:30.924Z</time></trkpt>
      <trkpt lat="50.7474970" lon="5.8397300"><time>2026-07-22T21:53:32.895Z</time></trkpt>
      <trkpt lat="50.7468080" lon="5.8394530"><time>2026-07-22T21:53:53.271Z</time></trkpt>
      <trkpt lat="50.7466690" lon="5.8394650"><time>2026-07-22T21:53:58.345Z</time></trkpt>
      <trkpt lat="50.7465610" lon="5.8396190"><time>2026-07-22T21:54:04.344Z</time></trkpt>
      <trkpt lat="50.7465220" lon="5.8398570"><time>2026-07-22T21:54:11.183Z</time></trkpt>
      <trkpt lat="50.7465920" lon="5.8401160"><time>2026-07-22T21:54:19.079Z</time></trkpt>
      <trkpt lat="50.7472920" lon="5.8413490"><time>2026-07-22T21:54:58.135Z</time></trkpt>
      <trkpt lat="50.7475400" lon="5.8417860"><time>2026-07-22T21:55:11.731Z</time></trkpt>
      <trkpt lat="50.7476840" lon="5.8419890"><time>2026-07-22T21:55:17.959Z</time></trkpt>
      <trkpt lat="50.7479740" lon="5.8423180"><time>2026-07-22T21:55:28.030Z</time></trkpt>
      <trkpt lat="50.7485370" lon="5.8426880"><time>2026-07-22T21:55:45.087Z</time></trkpt>
      <trkpt lat="50.7488600" lon="5.8429430"><time>2026-07-22T21:55:55.454Z</time></trkpt>
      <trkpt lat="50.7492080" lon="5.8432720"><time>2026-07-22T21:56:09.069Z</time></trkpt>
      <trkpt lat="50.7496930" lon="5.8438770"><time>2026-07-22T21:56:32.024Z</time></trkpt>
      <trkpt lat="50.7501330" lon="5.8445240"><time>2026-07-22T21:56:48.057Z</time></trkpt>
      <trkpt lat="50.7503060" lon="5.8446800"><time>2026-07-22T21:56:52.879Z</time></trkpt>
      <trkpt lat="50.7503800" lon="5.8447120"><time>2026-07-22T21:56:54.523Z</time></trkpt>
      <trkpt lat="50.7505450" lon="5.8447040"><time>2026-07-22T21:56:57.886Z</time></trkpt>
      <trkpt lat="50.7512240" lon="5.8444970"><time>2026-07-22T21:57:16.564Z</time></trkpt>
      <trkpt lat="50.7513930" lon="5.8444880"><time>2026-07-22T21:57:23.046Z</time></trkpt>
      <trkpt lat="50.7515330" lon="5.8445630"><time>2026-07-22T21:57:31.054Z</time></trkpt>
      <trkpt lat="50.7516140" lon="5.8446570"><time>2026-07-22T21:57:37.411Z</time></trkpt>
      <trkpt lat="50.7517550" lon="5.8449500"><time>2026-07-22T21:57:50.467Z</time></trkpt>
      <trkpt lat="50.7518040" lon="5.8458730"><time>2026-07-22T21:58:09.054Z</time></trkpt>
      <trkpt lat="50.7518640" lon="5.8461090"><time>2026-07-22T21:58:13.328Z</time></trkpt>
      <trkpt lat="50.7520140" lon="5.8464980"><time>2026-07-22T21:58:19.215Z</time></trkpt>
      <trkpt lat="50.7520890" lon="5.8466970"><time>2026-07-22T21:58:21.135Z</time></trkpt>
      <trkpt lat="50.7529610" lon="5.8489320"><time>2026-07-22T21:58:37.709Z</time></trkpt>
      <trkpt lat="50.7530010" lon="5.8490920"><time>2026-07-22T21:58:38.786Z</time></trkpt>
      <trkpt lat="50.7528470" lon="5.8491690"><time>2026-07-22T21:58:40.736Z</time></trkpt>
      <trkpt lat="50.7534730" lon="5.8508160"><time>2026-07-22T21:58:51.314Z</time></trkpt>
      <trkpt lat="50.7536980" lon="5.8514870"><time>2026-07-22T21:58:55.805Z</time></trkpt>
      <trkpt lat="50.7537910" lon="5.8519460"><time>2026-07-22T21:58:58.829Z</time></trkpt>
      <trkpt lat="50.7539430" lon="5.8529840"><time>2026-07-22T21:59:05.430Z</time></trkpt>
      <trkpt lat="50.7540050" lon="5.8538920"><time>2026-07-22T21:59:10.331Z</time></trkpt>
      <trkpt lat="50.7540640" lon="5.8542270"><time>2026-07-22T21:59:12.050Z</time></trkpt>
      <trkpt lat="50.7543560" lon="5.8553210"><time>2026-07-22T21:59:17.656Z</time></trkpt>
      <trkpt lat="50.7546600" lon="5.8563220"><time>2026-07-22T21:59:22.690Z</time></trkpt>
      <trkpt lat="50.7548060" lon="5.8569780"><time>2026-07-22T21:59:25.788Z</time></trkpt>
      <trkpt lat="50.7549420" lon="5.8574580"><time>2026-07-22T21:59:28.102Z</time></trkpt>
      <trkpt lat="50.7550770" lon="5.8578970"><time>2026-07-22T21:59:30.240Z</time></trkpt>
      <trkpt lat="50.7553440" lon="5.8586190"><time>2026-07-22T21:59:33.847Z</time></trkpt>
      <trkpt lat="50.7557480" lon="5.8596840"><time>2026-07-22T21:59:39.702Z</time></trkpt>
      <trkpt lat="50.7561170" lon="5.8610120"><time>2026-07-22T21:59:46.507Z</time></trkpt>
      <trkpt lat="50.7562480" lon="5.8614080"><time>2026-07-22T21:59:48.650Z</time></trkpt>
      <trkpt lat="50.7564620" lon="5.8618620"><time>2026-07-22T21:59:51.393Z</time></trkpt>
      <trkpt lat="50.7568220" lon="5.8623970"><time>2026-07-22T21:59:55.144Z</time></trkpt>
      <trkpt lat="50.7572370" lon="5.8630980"><time>2026-07-22T21:59:59.661Z</time></trkpt>
      <trkpt lat="50.7575500" lon="5.8637550"><time>2026-07-22T22:00:03.475Z</time></trkpt>
      <trkpt lat="50.7578660" lon="5.8642630"><time>2026-07-22T22:00:06.819Z</time></trkpt>
      <trkpt lat="50.7584920" lon="5.8655430"><time>2026-07-22T22:00:14.412Z</time></trkpt>
      <trkpt lat="50.7586330" lon="5.8660990"><time>2026-07-22T22:00:18.519Z</time></trkpt>
      <trkpt lat="50.7587280" lon="5.8663660"><time>2026-07-22T22:00:20.507Z</time></trkpt>
      <trkpt lat="50.7590650" lon="5.8668520"><time>2026-07-22T22:00:25.391Z</time></trkpt>
      <trkpt lat="50.7600130" lon="5.8673810"><time>2026-07-22T22:00:33.195Z</time></trkpt>
      <trkpt lat="50.7602130" lon="5.8674340"><time>2026-07-22T22:00:34.903Z</time></trkpt>
      <trkpt lat="50.7603260" lon="5.8674220"><time>2026-07-22T22:00:35.925Z</time></trkpt>
      <trkpt lat="50.7610450" lon="5.8669940"><time>2026-07-22T22:00:43.767Z</time></trkpt>
      <trkpt lat="50.7618000" lon="5.8666700"><time>2026-07-22T22:00:53.313Z</time></trkpt>
      <trkpt lat="50.7619890" lon="5.8665070"><time>2026-07-22T22:00:56.317Z</time></trkpt>
      <trkpt lat="50.7625900" lon="5.8658780"><time>2026-07-22T22:01:05.162Z</time></trkpt>
      <trkpt lat="50.7632250" lon="5.8652110"><time>2026-07-22T22:01:12.682Z</time></trkpt>
      <trkpt lat="50.7636540" lon="5.8647690"><time>2026-07-22T22:01:16.224Z</time></trkpt>
      <trkpt lat="50.7639360" lon="5.8645240"><time>2026-07-22T22:01:19.203Z</time></trkpt>
      <trkpt lat="50.7644200" lon="5.8643760"><time>2026-07-22T22:01:31.089Z</time></trkpt>
      <trkpt lat="50.7646300" lon="5.8642750"><time>2026-07-22T22:01:37.067Z</time></trkpt>
      <trkpt lat="50.7649290" lon="5.8641110"><time>2026-07-22T22:01:45.951Z</time></trkpt>
      <trkpt lat="50.7652400" lon="5.8638660"><time>2026-07-22T22:01:55.119Z</time></trkpt>
      <trkpt lat="50.7655020" lon="5.8636550"><time>2026-07-22T22:01:58.670Z</time></trkpt>
      <trkpt lat="50.7656930" lon="5.8635750"><time>2026-07-22T22:02:00.307Z</time></trkpt>
      <trkpt lat="50.7660770" lon="5.8634760"><time>2026-07-22T22:02:03.317Z</time></trkpt>
      <trkpt lat="50.7664200" lon="5.8632650"><time>2026-07-22T22:02:06.057Z</time></trkpt>
      <trkpt lat="50.7670110" lon="5.8627260"><time>2026-07-22T22:02:10.985Z</time></trkpt>
      <trkpt lat="50.7674690" lon="5.8624720"><time>2026-07-22T22:02:14.499Z</time></trkpt>
      <trkpt lat="50.7676800" lon="5.8622360"><time>2026-07-22T22:02:16.365Z</time></trkpt>
      <trkpt lat="50.7678050" lon="5.8620250"><time>2026-07-22T22:02:17.634Z</time></trkpt>
      <trkpt lat="50.7678990" lon="5.8619920"><time>2026-07-22T22:02:18.307Z</time></trkpt>
      <trkpt lat="50.7681480" lon="5.8621540"><time>2026-07-22T22:02:20.299Z</time></trkpt>
      <trkpt lat="50.7682850" lon="5.8621980"><time>2026-07-22T22:02:21.891Z</time></trkpt>
      <trkpt lat="50.7684200" lon="5.8620600"><time>2026-07-22T22:02:24.247Z</time></trkpt>
      <trkpt lat="50.7685020" lon="5.8620310"><time>2026-07-22T22:02:25.217Z</time></trkpt>
      <trkpt lat="50.7685220" lon="5.8621380"><time>2026-07-22T22:02:25.732Z</time></trkpt>
      <trkpt lat="50.7685860" lon="5.8622290"><time>2026-07-22T22:02:26.342Z</time></trkpt>
      <trkpt lat="50.7690970" lon="5.8624950"><time>2026-07-22T22:02:30.317Z</time></trkpt>
      <trkpt lat="50.7693570" lon="5.8626180"><time>2026-07-22T22:02:32.925Z</time></trkpt>
      <trkpt lat="50.7697990" lon="5.8627190"><time>2026-07-22T22:02:36.754Z</time></trkpt>
      <trkpt lat="50.7698840" lon="5.8627270"><time>2026-07-22T22:02:37.511Z</time></trkpt>
      <trkpt lat="50.7699050" lon="5.8627250"><time>2026-07-22T22:02:37.715Z</time></trkpt>
      <trkpt lat="50.7699990" lon="5.8627290"><time>2026-07-22T22:02:38.695Z</time></trkpt>
      <trkpt lat="50.7702740" lon="5.8627600"><time>2026-07-22T22:02:41.751Z</time></trkpt>
      <trkpt lat="50.7704060" lon="5.8628310"><time>2026-07-22T22:02:44.033Z</time></trkpt>
      <trkpt lat="50.7705080" lon="5.8630260"><time>2026-07-22T22:02:50.109Z</time></trkpt>
      <trkpt lat="50.7705210" lon="5.8630820"><time>2026-07-22T22:02:51.718Z</time></trkpt>
      <trkpt lat="50.7705200" lon="5.8632210"><time>2026-07-22T22:02:55.367Z</time></trkpt>
      <trkpt lat="50.7704800" lon="5.8633580"><time>2026-07-22T22:02:58.504Z</time></trkpt>
      <trkpt lat="50.7699470" lon="5.8642060"><time>2026-07-22T22:03:13.211Z</time></trkpt>
      <trkpt lat="50.7697230" lon="5.8646740"><time>2026-07-22T22:03:25.139Z</time></trkpt>
      <trkpt lat="50.7696030" lon="5.8652180"><time>2026-07-22T22:03:33.930Z</time></trkpt>
      <trkpt lat="50.7695780" lon="5.8655630"><time>2026-07-22T22:03:43.254Z</time></trkpt>
      <trkpt lat="50.7695900" lon="5.8658570"><time>2026-07-22T22:03:51.483Z</time></trkpt>
      <trkpt lat="50.7697950" lon="5.8671290"><time>2026-07-22T22:04:26.754Z</time></trkpt>
      <trkpt lat="50.7699380" lon="5.8676710"><time>2026-07-22T22:04:38.708Z</time></trkpt>
      <trkpt lat="50.7700240" lon="5.8679110"><time>2026-07-22T22:04:43.388Z</time></trkpt>
      <trkpt lat="50.7704400" lon="5.8689640"><time>2026-07-22T22:05:07.164Z</time></trkpt>
      <trkpt lat="50.7705590" lon="5.8692510"><time>2026-07-22T22:05:15.274Z</time></trkpt>
      <trkpt lat="50.7706570" lon="5.8694600"><time>2026-07-22T22:05:21.520Z</time></trkpt>
      <trkpt lat="50.7711720" lon="5.8705280"><time>2026-07-22T22:05:41.916Z</time></trkpt>
      <trkpt lat="50.7713590" lon="5.8709910"><time>2026-07-22T22:05:52.793Z</time></trkpt>
      <trkpt lat="50.7715570" lon="5.8716090"><time>2026-07-22T22:06:09.653Z</time></trkpt>
      <trkpt lat="50.7717250" lon="5.8723710"><time>2026-07-22T22:06:29.526Z</time></trkpt>
      <trkpt lat="50.7717070" lon="5.8727140"><time>2026-07-22T22:06:37.259Z</time></trkpt>
      <trkpt lat="50.7716320" lon="5.8729510"><time>2026-07-22T22:06:41.821Z</time></trkpt>
      <trkpt lat="50.7715590" lon="5.8730900"><time>2026-07-22T22:06:44.266Z</time></trkpt>
      <trkpt lat="50.7709480" lon="5.8737940"><time>2026-07-22T22:06:59.562Z</time></trkpt>
      <trkpt lat="50.7708410" lon="5.8739850"><time>2026-07-22T22:07:03.217Z</time></trkpt>
      <trkpt lat="50.7707870" lon="5.8741980"><time>2026-07-22T22:07:08.608Z</time></trkpt>
      <trkpt lat="50.7707650" lon="5.8742840"><time>2026-07-22T22:07:12.055Z</time></trkpt>
      <trkpt lat="50.7707590" lon="5.8744690"><time>2026-07-22T22:07:21.885Z</time></trkpt>
      <trkpt lat="50.7708040" lon="5.8746220"><time>2026-07-22T22:07:30.975Z</time></trkpt>
      <trkpt lat="50.7709000" lon="5.8747330"><time>2026-07-22T22:07:40.527Z</time></trkpt>
      <trkpt lat="50.7709270" lon="5.8747470"><time>2026-07-22T22:07:42.039Z</time></trkpt>
      <trkpt lat="50.7710440" lon="5.8747430"><time>2026-07-22T22:07:44.715Z</time></trkpt>
      <trkpt lat="50.7711070" lon="5.8746920"><time>2026-07-22T22:07:45.268Z</time></trkpt>
      <trkpt lat="50.7712650" lon="5.8743890"><time>2026-07-22T22:07:47.187Z</time></trkpt>
      <trkpt lat="50.7713430" lon="5.8742940"><time>2026-07-22T22:07:49.284Z</time></trkpt>
      <trkpt lat="50.7717570" lon="5.8741260"><time>2026-07-22T22:08:09.637Z</time></trkpt>
      <trkpt lat="50.7720750" lon="5.8739700"><time>2026-07-22T22:08:22.381Z</time></trkpt>
      <trkpt lat="50.7724450" lon="5.8737080"><time>2026-07-22T22:08:31.554Z</time></trkpt>
      <trkpt lat="50.7730460" lon="5.8732680"><time>2026-07-22T22:08:49.711Z</time></trkpt>
      <trkpt lat="50.7732830" lon="5.8729980"><time>2026-07-22T22:08:55.956Z</time></trkpt>
      <trkpt lat="50.7733970" lon="5.8728540"><time>2026-07-22T22:09:00.782Z</time></trkpt>
      <trkpt lat="50.7735240" lon="5.8727830"><time>2026-07-22T22:09:05.981Z</time></trkpt>
      <trkpt lat="50.7736420" lon="5.8727970"><time>2026-07-22T22:09:10.712Z</time></trkpt>
      <trkpt lat="50.7737430" lon="5.8728710"><time>2026-07-22T22:09:14.721Z</time></trkpt>
      <trkpt lat="50.7738190" lon="5.8729780"><time>2026-07-22T22:09:17.532Z</time></trkpt>
      <trkpt lat="50.7738510" lon="5.8730350"><time>2026-07-22T22:09:18.541Z</time></trkpt>
      <trkpt lat="50.7740850" lon="5.8736080"><time>2026-07-22T22:09:25.617Z</time></trkpt>
      <trkpt lat="50.7742930" lon="5.8739310"><time>2026-07-22T22:09:30.154Z</time></trkpt>
      <trkpt lat="50.7747210" lon="5.8743460"><time>2026-07-22T22:09:39.627Z</time></trkpt>
      <trkpt lat="50.7748030" lon="5.8744070"><time>2026-07-22T22:09:41.521Z</time></trkpt>
      <trkpt lat="50.7751620" lon="5.8746550"><time>2026-07-22T22:09:46.062Z</time></trkpt>
      <trkpt lat="50.7753140" lon="5.8747860"><time>2026-07-22T22:09:47.881Z</time></trkpt>
      <trkpt lat="50.7754810" lon="5.8750640"><time>2026-07-22T22:09:50.137Z</time></trkpt>
      <trkpt lat="50.7755360" lon="5.8752000"><time>2026-07-22T22:09:51.034Z</time></trkpt>
      <trkpt lat="50.7756900" lon="5.8756650"><time>2026-07-22T22:09:54.169Z</time></trkpt>
      <trkpt lat="50.7756770" lon="5.8758040"><time>2026-07-22T22:09:55.066Z</time></trkpt>
      <trkpt lat="50.7754590" lon="5.8762630"><time>2026-07-22T22:09:58.736Z</time></trkpt>
      <trkpt lat="50.7750130" lon="5.8771900"><time>2026-07-22T22:10:05.619Z</time></trkpt>
      <trkpt lat="50.7749080" lon="5.8775100"><time>2026-07-22T22:10:07.621Z</time></trkpt>
      <trkpt lat="50.7749060" lon="5.8775190"><time>2026-07-22T22:10:07.673Z</time></trkpt>
      <trkpt lat="50.7748840" lon="5.8776640"><time>2026-07-22T22:10:08.863Z</time></trkpt>
      <trkpt lat="50.7748790" lon="5.8777350"><time>2026-07-22T22:10:09.282Z</time></trkpt>
      <trkpt lat="50.7748600" lon="5.8780380"><time>2026-07-22T22:10:11.312Z</time></trkpt>
      <trkpt lat="50.7748140" lon="5.8782410"><time>2026-07-22T22:10:12.931Z</time></trkpt>
      <trkpt lat="50.7746850" lon="5.8784560"><time>2026-07-22T22:10:15.443Z</time></trkpt>
      <trkpt lat="50.7744550" lon="5.8786250"><time>2026-07-22T22:10:19.342Z</time></trkpt>
      <trkpt lat="50.7740930" lon="5.8788530"><time>2026-07-22T22:10:25.119Z</time></trkpt>
      <trkpt lat="50.7726770" lon="5.8797350"><time>2026-07-22T22:10:52.016Z</time></trkpt>
      <trkpt lat="50.7725200" lon="5.8799050"><time>2026-07-22T22:10:55.799Z</time></trkpt>
      <trkpt lat="50.7724410" lon="5.8801100"><time>2026-07-22T22:10:58.260Z</time></trkpt>
      <trkpt lat="50.7723400" lon="5.8800540"><time>2026-07-22T22:10:59.709Z</time></trkpt>
      <trkpt lat="50.7722510" lon="5.8800450"><time>2026-07-22T22:11:00.719Z</time></trkpt>
      <trkpt lat="50.7719470" lon="5.8802040"><time>2026-07-22T22:11:04.211Z</time></trkpt>
      <trkpt lat="50.7692300" lon="5.8819420"><time>2026-07-22T22:11:53.190Z</time></trkpt>
      <trkpt lat="50.7683920" lon="5.8824770"><time>2026-07-22T22:12:12.686Z</time></trkpt>
      <trkpt lat="50.7651920" lon="5.8845420"><time>2026-07-22T22:13:09.939Z</time></trkpt>
      <trkpt lat="50.7649750" lon="5.8846440"><time>2026-07-22T22:13:13.220Z</time></trkpt>
      <trkpt lat="50.7642180" lon="5.8849350"><time>2026-07-22T22:13:23.396Z</time></trkpt>
      <trkpt lat="50.7635390" lon="5.8852190"><time>2026-07-22T22:13:29.739Z</time></trkpt>
      <trkpt lat="50.7633000" lon="5.8853890"><time>2026-07-22T22:13:31.649Z</time></trkpt>
      <trkpt lat="50.7632460" lon="5.8853930"><time>2026-07-22T22:13:32.042Z</time></trkpt>
      <trkpt lat="50.7631640" lon="5.8853500"><time>2026-07-22T22:13:32.670Z</time></trkpt>
      <trkpt lat="50.7622930" lon="5.8840850"><time>2026-07-22T22:13:41.464Z</time></trkpt>
      <trkpt lat="50.7622190" lon="5.8840940"><time>2026-07-22T22:13:42.046Z</time></trkpt>
      <trkpt lat="50.7621650" lon="5.8842250"><time>2026-07-22T22:13:42.959Z</time></trkpt>
      <trkpt lat="50.7622570" lon="5.8850630"><time>2026-07-22T22:13:54.428Z</time></trkpt>
      <trkpt lat="50.7622300" lon="5.8852100"><time>2026-07-22T22:13:57.751Z</time></trkpt>
      <trkpt lat="50.7621970" lon="5.8852630"><time>2026-07-22T22:13:59.089Z</time></trkpt>
      <trkpt lat="50.7621300" lon="5.8852930"><time>2026-07-22T22:14:00.047Z</time></trkpt>
      <trkpt lat="50.7620400" lon="5.8852420"><time>2026-07-22T22:14:00.770Z</time></trkpt>
      <trkpt lat="50.7618520" lon="5.8848480"><time>2026-07-22T22:14:03.004Z</time></trkpt>
      <trkpt lat="50.7617540" lon="5.8846970"><time>2026-07-22T22:14:03.966Z</time></trkpt>
      <trkpt lat="50.7616380" lon="5.8845870"><time>2026-07-22T22:14:04.915Z</time></trkpt>
      <trkpt lat="50.7608790" lon="5.8842480"><time>2026-07-22T22:14:10.448Z</time></trkpt>
      <trkpt lat="50.7601120" lon="5.8836300"><time>2026-07-22T22:14:16.741Z</time></trkpt>
      <trkpt lat="50.7599480" lon="5.8835390"><time>2026-07-22T22:14:18.026Z</time></trkpt>
      <trkpt lat="50.7593730" lon="5.8833360"><time>2026-07-22T22:14:22.245Z</time></trkpt>
      <trkpt lat="50.7592820" lon="5.8832900"><time>2026-07-22T22:14:22.917Z</time></trkpt>
      <trkpt lat="50.7591890" lon="5.8831820"><time>2026-07-22T22:14:23.717Z</time></trkpt>
      <trkpt lat="50.7591320" lon="5.8829450"><time>2026-07-22T22:14:24.827Z</time></trkpt>
      <trkpt lat="50.7591280" lon="5.8827350"><time>2026-07-22T22:14:25.745Z</time></trkpt>
      <trkpt lat="50.7592100" lon="5.8818930"><time>2026-07-22T22:14:29.447Z</time></trkpt>
      <trkpt lat="50.7592260" lon="5.8814130"><time>2026-07-22T22:14:31.530Z</time></trkpt>
      <trkpt lat="50.7591980" lon="5.8811040"><time>2026-07-22T22:14:32.884Z</time></trkpt>
      <trkpt lat="50.7590340" lon="5.8804010"><time>2026-07-22T22:14:36.095Z</time></trkpt>
      <trkpt lat="50.7583640" lon="5.8780580"><time>2026-07-22T22:14:47.746Z</time></trkpt>
      <trkpt lat="50.7582810" lon="5.8778630"><time>2026-07-22T22:14:48.820Z</time></trkpt>
      <trkpt lat="50.7581790" lon="5.8778130"><time>2026-07-22T22:14:49.590Z</time></trkpt>
      <trkpt lat="50.7580720" lon="5.8778680"><time>2026-07-22T22:14:50.411Z</time></trkpt>
      <trkpt lat="50.7572750" lon="5.8787570"><time>2026-07-22T22:14:57.686Z</time></trkpt>
      <trkpt lat="50.7570090" lon="5.8790290"><time>2026-07-22T22:15:00.348Z</time></trkpt>
      <trkpt lat="50.7568290" lon="5.8790570"><time>2026-07-22T22:15:01.710Z</time></trkpt>
      <trkpt lat="50.7553670" lon="5.8778520"><time>2026-07-22T22:15:15.161Z</time></trkpt>
      <trkpt lat="50.7549580" lon="5.8775670"><time>2026-07-22T22:15:25.500Z</time></trkpt>
      <trkpt lat="50.7523170" lon="5.8768340"><time>2026-07-22T22:16:54.667Z</time></trkpt>
      <trkpt lat="50.7522470" lon="5.8767600"><time>2026-07-22T22:16:57.175Z</time></trkpt>
      <trkpt lat="50.7519230" lon="5.8760920"><time>2026-07-22T22:17:12.199Z</time></trkpt>
      <trkpt lat="50.7518290" lon="5.8759450"><time>2026-07-22T22:17:14.690Z</time></trkpt>
      <trkpt lat="50.7517470" lon="5.8759270"><time>2026-07-22T22:17:15.553Z</time></trkpt>
      <trkpt lat="50.7517290" lon="5.8760570"><time>2026-07-22T22:17:16.256Z</time></trkpt>
      <trkpt lat="50.7516950" lon="5.8761390"><time>2026-07-22T22:17:16.727Z</time></trkpt>
      <trkpt lat="50.7514580" lon="5.8764230"><time>2026-07-22T22:17:18.867Z</time></trkpt>
      <trkpt lat="50.7512580" lon="5.8766500"><time>2026-07-22T22:17:20.534Z</time></trkpt>
      <trkpt lat="50.7506040" lon="5.8774790"><time>2026-07-22T22:17:28.779Z</time></trkpt>
      <trkpt lat="50.7504310" lon="5.8778430"><time>2026-07-22T22:17:34.984Z</time></trkpt>
      <trkpt lat="50.7503290" lon="5.8781220"><time>2026-07-22T22:17:40.366Z</time></trkpt>
      <trkpt lat="50.7501090" lon="5.8787220"><time>2026-07-22T22:17:47.492Z</time></trkpt>
      <trkpt lat="50.7499480" lon="5.8789950"><time>2026-07-22T22:17:51.571Z</time></trkpt>
      <trkpt lat="50.7498470" lon="5.8791060"><time>2026-07-22T22:17:53.893Z</time></trkpt>
      <trkpt lat="50.7495880" lon="5.8792970"><time>2026-07-22T22:17:59.843Z</time></trkpt>
      <trkpt lat="50.7489290" lon="5.8796710"><time>2026-07-22T22:18:18.008Z</time></trkpt>
      <trkpt lat="50.7487150" lon="5.8798620"><time>2026-07-22T22:18:23.597Z</time></trkpt>
      <trkpt lat="50.7484020" lon="5.8802550"><time>2026-07-22T22:18:29.962Z</time></trkpt>
      <trkpt lat="50.7481880" lon="5.8806040"><time>2026-07-22T22:18:32.810Z</time></trkpt>
      <trkpt lat="50.7478420" lon="5.8813190"><time>2026-07-22T22:18:37.030Z</time></trkpt>
      <trkpt lat="50.7476280" lon="5.8818500"><time>2026-07-22T22:18:40.003Z</time></trkpt>
      <trkpt lat="50.7475810" lon="5.8823340"><time>2026-07-22T22:18:42.454Z</time></trkpt>
      <trkpt lat="50.7476710" lon="5.8824130"><time>2026-07-22T22:18:43.203Z</time></trkpt>
      <trkpt lat="50.7479250" lon="5.8827660"><time>2026-07-22T22:18:45.678Z</time></trkpt>
      <trkpt lat="50.7482500" lon="5.8832310"><time>2026-07-22T22:18:49.150Z</time></trkpt>
      <trkpt lat="50.7484040" lon="5.8835610"><time>2026-07-22T22:18:51.072Z</time></trkpt>
      <trkpt lat="50.7488630" lon="5.8852110"><time>2026-07-22T22:18:59.958Z</time></trkpt>
      <trkpt lat="50.7490670" lon="5.8861310"><time>2026-07-22T22:19:12.816Z</time></trkpt>
      <trkpt lat="50.7491290" lon="5.8862810"><time>2026-07-22T22:19:19.517Z</time></trkpt>
      <trkpt lat="50.7492240" lon="5.8863400"><time>2026-07-22T22:19:25.576Z</time></trkpt>
      <trkpt lat="50.7495010" lon="5.8863350"><time>2026-07-22T22:19:36.579Z</time></trkpt>
      <trkpt lat="50.7496070" lon="5.8863900"><time>2026-07-22T22:19:43.600Z</time></trkpt>
      <trkpt lat="50.7496070" lon="5.8865130"><time>2026-07-22T22:19:48.509Z</time></trkpt>
      <trkpt lat="50.7495690" lon="5.8865600"><time>2026-07-22T22:19:50.907Z</time></trkpt>
      <trkpt lat="50.7493630" lon="5.8866340"><time>2026-07-22T22:19:54.357Z</time></trkpt>
      <trkpt lat="50.7492060" lon="5.8867390"><time>2026-07-22T22:19:55.883Z</time></trkpt>
      <trkpt lat="50.7485290" lon="5.8873200"><time>2026-07-22T22:20:05.901Z</time></trkpt>
      <trkpt lat="50.7476470" lon="5.8879240"><time>2026-07-22T22:20:32.884Z</time></trkpt>
      <trkpt lat="50.7474580" lon="5.8881190"><time>2026-07-22T22:20:39.932Z</time></trkpt>
      <trkpt lat="50.7472480" lon="5.8885000"><time>2026-07-22T22:20:49.645Z</time></trkpt>
      <trkpt lat="50.7471130" lon="5.8888940"><time>2026-07-22T22:21:00.052Z</time></trkpt>
      <trkpt lat="50.7470390" lon="5.8892460"><time>2026-07-22T22:21:10.172Z</time></trkpt>
      <trkpt lat="50.7470390" lon="5.8896030"><time>2026-07-22T22:21:18.640Z</time></trkpt>
      <trkpt lat="50.7471100" lon="5.8901930"><time>2026-07-22T22:21:33.550Z</time></trkpt>
      <trkpt lat="50.7470400" lon="5.8912990"><time>2026-07-22T22:22:03.889Z</time></trkpt>
      <trkpt lat="50.7470440" lon="5.8913840"><time>2026-07-22T22:22:06.258Z</time></trkpt>
      <trkpt lat="50.7470710" lon="5.8914270"><time>2026-07-22T22:22:07.671Z</time></trkpt>
      <trkpt lat="50.7471510" lon="5.8913480"><time>2026-07-22T22:22:10.649Z</time></trkpt>
      <trkpt lat="50.7476450" lon="5.8905880"><time>2026-07-22T22:22:33.477Z</time></trkpt>
      <trkpt lat="50.7476790" lon="5.8905450"><time>2026-07-22T22:22:35.401Z</time></trkpt>
      <trkpt lat="50.7477390" lon="5.8905470"><time>2026-07-22T22:22:38.319Z</time></trkpt>
      <trkpt lat="50.7477620" lon="5.8906110"><time>2026-07-22T22:22:40.638Z</time></trkpt>
      <trkpt lat="50.7477530" lon="5.8906970"><time>2026-07-22T22:22:43.364Z</time></trkpt>
      <trkpt lat="50.7473910" lon="5.8925850"><time>2026-07-22T22:23:30.074Z</time></trkpt>
      <trkpt lat="50.7472930" lon="5.8929760"><time>2026-07-22T22:23:41.756Z</time></trkpt>
      <trkpt lat="50.7470120" lon="5.8934660"><time>2026-07-22T22:23:57.327Z</time></trkpt>
      <trkpt lat="50.7468100" lon="5.8936920"><time>2026-07-22T22:24:01.406Z</time></trkpt>
      <trkpt lat="50.7466600" lon="5.8937260"><time>2026-07-22T22:24:04.149Z</time></trkpt>
      <trkpt lat="50.7463060" lon="5.8935950"><time>2026-07-22T22:24:12.911Z</time></trkpt>
      <trkpt lat="50.7461580" lon="5.8936970"><time>2026-07-22T22:24:17.355Z</time></trkpt>
      <trkpt lat="50.7455860" lon="5.8947710"><time>2026-07-22T22:24:52.518Z</time></trkpt>
      <trkpt lat="50.7455400" lon="5.8950010"><time>2026-07-22T22:24:59.227Z</time></trkpt>
      <trkpt lat="50.7455650" lon="5.8951920"><time>2026-07-22T22:25:06.808Z</time></trkpt>
      <trkpt lat="50.7456170" lon="5.8953100"><time>2026-07-22T22:25:13.066Z</time></trkpt>
      <trkpt lat="50.7457930" lon="5.8957050"><time>2026-07-22T22:25:28.389Z</time></trkpt>
      <trkpt lat="50.7477300" lon="5.8998980"><time>2026-07-22T22:25:52.742Z</time></trkpt>
      <trkpt lat="50.7480560" lon="5.9004070"><time>2026-07-22T22:25:55.979Z</time></trkpt>
      <trkpt lat="50.7489470" lon="5.9017990"><time>2026-07-22T22:26:04.825Z</time></trkpt>
      <trkpt lat="50.7505470" lon="5.9037470"><time>2026-07-22T22:26:20.836Z</time></trkpt>
      <trkpt lat="50.7506380" lon="5.9038790"><time>2026-07-22T22:26:21.738Z</time></trkpt>
      <trkpt lat="50.7507120" lon="5.9040850"><time>2026-07-22T22:26:22.811Z</time></trkpt>
      <trkpt lat="50.7507130" lon="5.9043710"><time>2026-07-22T22:26:24.119Z</time></trkpt>
      <trkpt lat="50.7506870" lon="5.9044860"><time>2026-07-22T22:26:24.677Z</time></trkpt>
      <trkpt lat="50.7505840" lon="5.9046850"><time>2026-07-22T22:26:25.859Z</time></trkpt>
      <trkpt lat="50.7504560" lon="5.9047810"><time>2026-07-22T22:26:26.898Z</time></trkpt>
      <trkpt lat="50.7500490" lon="5.9048380"><time>2026-07-22T22:26:29.897Z</time></trkpt>
      <trkpt lat="50.7494380" lon="5.9048610"><time>2026-07-22T22:26:34.414Z</time></trkpt>
      <trkpt lat="50.7490400" lon="5.9049300"><time>2026-07-22T22:26:37.357Z</time></trkpt>
      <trkpt lat="50.7488570" lon="5.9050230"><time>2026-07-22T22:26:38.717Z</time></trkpt>
      <trkpt lat="50.7487660" lon="5.9051490"><time>2026-07-22T22:26:39.543Z</time></trkpt>
      <trkpt lat="50.7487540" lon="5.9051870"><time>2026-07-22T22:26:39.728Z</time></trkpt>
      <trkpt lat="50.7487140" lon="5.9054550"><time>2026-07-22T22:26:40.946Z</time></trkpt>
      <trkpt lat="50.7487260" lon="5.9056360"><time>2026-07-22T22:26:41.778Z</time></trkpt>
      <trkpt lat="50.7487640" lon="5.9057630"><time>2026-07-22T22:26:42.430Z</time></trkpt>
      <trkpt lat="50.7494020" lon="5.9073950"><time>2026-07-22T22:26:51.437Z</time></trkpt>
      <trkpt lat="50.7496090" lon="5.9080150"><time>2026-07-22T22:26:55.716Z</time></trkpt>
      <trkpt lat="50.7497240" lon="5.9085070"><time>2026-07-22T22:26:59.495Z</time></trkpt>
      <trkpt lat="50.7498240" lon="5.9091270"><time>2026-07-22T22:27:03.665Z</time></trkpt>
      <trkpt lat="50.7499130" lon="5.9099980"><time>2026-07-22T22:27:08.491Z</time></trkpt>
      <trkpt lat="50.7500050" lon="5.9109560"><time>2026-07-22T22:27:14.585Z</time></trkpt>
      <trkpt lat="50.7501130" lon="5.9121750"><time>2026-07-22T22:27:34.448Z</time></trkpt>
      <trkpt lat="50.7500870" lon="5.9127130"><time>2026-07-22T22:27:47.806Z</time></trkpt>
      <trkpt lat="50.7500530" lon="5.9133710"><time>2026-07-22T22:28:09.234Z</time></trkpt>
      <trkpt lat="50.7500730" lon="5.9136190"><time>2026-07-22T22:28:17.375Z</time></trkpt>
      <trkpt lat="50.7502470" lon="5.9144100"><time>2026-07-22T22:28:44.534Z</time></trkpt>
      <trkpt lat="50.7503710" lon="5.9159290"><time>2026-07-22T22:29:15.955Z</time></trkpt>
      <trkpt lat="50.7504250" lon="5.9163180"><time>2026-07-22T22:29:20.085Z</time></trkpt>
      <trkpt lat="50.7505850" lon="5.9170190"><time>2026-07-22T22:29:24.069Z</time></trkpt>
      <trkpt lat="50.7506670" lon="5.9173620"><time>2026-07-22T22:29:25.795Z</time></trkpt>
      <trkpt lat="50.7507400" lon="5.9176800"><time>2026-07-22T22:29:27.253Z</time></trkpt>
      <trkpt lat="50.7507570" lon="5.9177480"><time>2026-07-22T22:29:27.564Z</time></trkpt>
      <trkpt lat="50.7508530" lon="5.9181760"><time>2026-07-22T22:29:29.504Z</time></trkpt>
      <trkpt lat="50.7509180" lon="5.9186840"><time>2026-07-22T22:29:31.809Z</time></trkpt>
      <trkpt lat="50.7510570" lon="5.9218150"><time>2026-07-22T22:29:46.983Z</time></trkpt>
      <trkpt lat="50.7510790" lon="5.9220070"><time>2026-07-22T22:29:47.970Z</time></trkpt>
      <trkpt lat="50.7512090" lon="5.9218210"><time>2026-07-22T22:29:51.206Z</time></trkpt>
      <trkpt lat="50.7513640" lon="5.9214600"><time>2026-07-22T22:29:57.039Z</time></trkpt>
      <trkpt lat="50.7514570" lon="5.9211500"><time>2026-07-22T22:30:00.301Z</time></trkpt>
      <trkpt lat="50.7515500" lon="5.9204940"><time>2026-07-22T22:30:04.813Z</time></trkpt>
      <trkpt lat="50.7516990" lon="5.9202180"><time>2026-07-22T22:30:06.532Z</time></trkpt>
      <trkpt lat="50.7519860" lon="5.9197820"><time>2026-07-22T22:30:09.375Z</time></trkpt>
      <trkpt lat="50.7522230" lon="5.9195450"><time>2026-07-22T22:30:11.408Z</time></trkpt>
      <trkpt lat="50.7524770" lon="5.9192260"><time>2026-07-22T22:30:13.846Z</time></trkpt>
      <trkpt lat="50.7525970" lon="5.9189250"><time>2026-07-22T22:30:17.739Z</time></trkpt>
      <trkpt lat="50.7528230" lon="5.9180280"><time>2026-07-22T22:30:24.786Z</time></trkpt>
      <trkpt lat="50.7528880" lon="5.9178670"><time>2026-07-22T22:30:26.359Z</time></trkpt>
      <trkpt lat="50.7537550" lon="5.9172690"><time>2026-07-22T22:30:46.380Z</time></trkpt>
      <trkpt lat="50.7541890" lon="5.9167470"><time>2026-07-22T22:31:03.691Z</time></trkpt>
      <trkpt lat="50.7544020" lon="5.9164340"><time>2026-07-22T22:31:11.641Z</time></trkpt>
      <trkpt lat="50.7545600" lon="5.9161260"><time>2026-07-22T22:31:18.454Z</time></trkpt>
      <trkpt lat="50.7546720" lon="5.9158050"><time>2026-07-22T22:31:22.832Z</time></trkpt>
      <trkpt lat="50.7547310" lon="5.9154610"><time>2026-07-22T22:31:24.704Z</time></trkpt>
      <trkpt lat="50.7555130" lon="5.9153970"><time>2026-07-22T22:31:33.396Z</time></trkpt>
      <trkpt lat="50.7563540" lon="5.9154600"><time>2026-07-22T22:31:40.463Z</time></trkpt>
      <trkpt lat="50.7573230" lon="5.9157260"><time>2026-07-22T22:31:48.676Z</time></trkpt>
      <trkpt lat="50.7582880" lon="5.9158280"><time>2026-07-22T22:31:56.506Z</time></trkpt>
      <trkpt lat="50.7585730" lon="5.9159120"><time>2026-07-22T22:31:58.788Z</time></trkpt>
      <trkpt lat="50.7589340" lon="5.9161510"><time>2026-07-22T22:32:01.855Z</time></trkpt>
      <trkpt lat="50.7592470" lon="5.9164500"><time>2026-07-22T22:32:04.586Z</time></trkpt>
      <trkpt lat="50.7594570" lon="5.9166940"><time>2026-07-22T22:32:06.507Z</time></trkpt>
      <trkpt lat="50.7598020" lon="5.9172080"><time>2026-07-22T22:32:09.822Z</time></trkpt>
      <trkpt lat="50.7600170" lon="5.9172340"><time>2026-07-22T22:32:11.415Z</time></trkpt>
      <trkpt lat="50.7604040" lon="5.9172300"><time>2026-07-22T22:32:14.163Z</time></trkpt>
      <trkpt lat="50.7606770" lon="5.9171770"><time>2026-07-22T22:32:16.093Z</time></trkpt>
      <trkpt lat="50.7612740" lon="5.9169570"><time>2026-07-22T22:32:20.518Z</time></trkpt>
      <trkpt lat="50.7615040" lon="5.9169060"><time>2026-07-22T22:32:22.324Z</time></trkpt>
      <trkpt lat="50.7619620" lon="5.9169120"><time>2026-07-22T22:32:26.379Z</time></trkpt>
      <trkpt lat="50.7631320" lon="5.9171280"><time>2026-07-22T22:32:37.997Z</time></trkpt>
      <trkpt lat="50.7639050" lon="5.9174630"><time>2026-07-22T22:32:44.144Z</time></trkpt>
      <trkpt lat="50.7643100" lon="5.9177360"><time>2026-07-22T22:32:47.663Z</time></trkpt>
      <trkpt lat="50.7643970" lon="5.9177630"><time>2026-07-22T22:32:48.288Z</time></trkpt>
      <trkpt lat="50.7645170" lon="5.9177450"><time>2026-07-22T22:32:49.117Z</time></trkpt>
      <trkpt lat="50.7647350" lon="5.9166180"><time>2026-07-22T22:32:54.395Z</time></trkpt>
      <trkpt lat="50.7647820" lon="5.9163000"><time>2026-07-22T22:32:55.822Z</time></trkpt>
      <trkpt lat="50.7647600" lon="5.9160140"><time>2026-07-22T22:32:57.166Z</time></trkpt>
      <trkpt lat="50.7644220" lon="5.9152670"><time>2026-07-22T22:33:01.619Z</time></trkpt>
      <trkpt lat="50.7642850" lon="5.9149850"><time>2026-07-22T22:33:03.987Z</time></trkpt>
      <trkpt lat="50.7639880" lon="5.9145600"><time>2026-07-22T22:33:07.121Z</time></trkpt>
      <trkpt lat="50.7639620" lon="5.9144540"><time>2026-07-22T22:33:07.715Z</time></trkpt>
      <trkpt lat="50.7639590" lon="5.9143150"><time>2026-07-22T22:33:08.488Z</time></trkpt>
      <trkpt lat="50.7643750" lon="5.9143490"><time>2026-07-22T22:33:12.161Z</time></trkpt>
      <trkpt lat="50.7646920" lon="5.9143010"><time>2026-07-22T22:33:14.701Z</time></trkpt>
      <trkpt lat="50.7647370" lon="5.9142930"><time>2026-07-22T22:33:15.101Z</time></trkpt>
      <trkpt lat="50.7650370" lon="5.9142430"><time>2026-07-22T22:33:18.215Z</time></trkpt>
      <trkpt lat="50.7651650" lon="5.9142670"><time>2026-07-22T22:33:19.561Z</time></trkpt>
      <trkpt lat="50.7655750" lon="5.9144650"><time>2026-07-22T22:33:23.579Z</time></trkpt>
      <trkpt lat="50.7670140" lon="5.9150390"><time>2026-07-22T22:33:40.126Z</time></trkpt>
      <trkpt lat="50.7672450" lon="5.9150500"><time>2026-07-22T22:33:45.096Z</time></trkpt>
      <trkpt lat="50.7674380" lon="5.9149900"><time>2026-07-22T22:33:49.564Z</time></trkpt>
      <trkpt lat="50.7675980" lon="5.9148540"><time>2026-07-22T22:33:53.862Z</time></trkpt>
      <trkpt lat="50.7677140" lon="5.9147010"><time>2026-07-22T22:33:57.763Z</time></trkpt>
      <trkpt lat="50.7678710" lon="5.9146050"><time>2026-07-22T22:34:01.727Z</time></trkpt>
      <trkpt lat="50.7680590" lon="5.9145970"><time>2026-07-22T22:34:03.759Z</time></trkpt>
      <trkpt lat="50.7686930" lon="5.9147980"><time>2026-07-22T22:34:10.098Z</time></trkpt>
      <trkpt lat="50.7689980" lon="5.9148340"><time>2026-07-22T22:34:14.620Z</time></trkpt>
      <trkpt lat="50.7691100" lon="5.9148120"><time>2026-07-22T22:34:16.472Z</time></trkpt>
      <trkpt lat="50.7694450" lon="5.9146680"><time>2026-07-22T22:34:22.110Z</time></trkpt>
      <trkpt lat="50.7695870" lon="5.9146540"><time>2026-07-22T22:34:24.777Z</time></trkpt>
      <trkpt lat="50.7702810" lon="5.9148370"><time>2026-07-22T22:34:36.304Z</time></trkpt>
      <trkpt lat="50.7704560" lon="5.9149590"><time>2026-07-22T22:34:38.058Z</time></trkpt>
      <trkpt lat="50.7708600" lon="5.9151510"><time>2026-07-22T22:34:41.479Z</time></trkpt>
      <trkpt lat="50.7710690" lon="5.9151990"><time>2026-07-22T22:34:43.237Z</time></trkpt>
      <trkpt lat="50.7712420" lon="5.9151980"><time>2026-07-22T22:34:44.608Z</time></trkpt>
      <trkpt lat="50.7713820" lon="5.9152190"><time>2026-07-22T22:34:45.565Z</time></trkpt>
      <trkpt lat="50.7714800" lon="5.9156140"><time>2026-07-22T22:34:47.433Z</time></trkpt>
      <trkpt lat="50.7715100" lon="5.9158220"><time>2026-07-22T22:34:48.433Z</time></trkpt>
      <trkpt lat="50.7714700" lon="5.9164730"><time>2026-07-22T22:34:51.648Z</time></trkpt>
      <trkpt lat="50.7714600" lon="5.9167580"><time>2026-07-22T22:34:53.101Z</time></trkpt>
      <trkpt lat="50.7715120" lon="5.9170450"><time>2026-07-22T22:34:54.627Z</time></trkpt>
      <trkpt lat="50.7716200" lon="5.9172680"><time>2026-07-22T22:34:56.114Z</time></trkpt>
      <trkpt lat="50.7718730" lon="5.9175900"><time>2026-07-22T22:34:59.443Z</time></trkpt>
      <trkpt lat="50.7719480" lon="5.9177600"><time>2026-07-22T22:35:00.595Z</time></trkpt>
      <trkpt lat="50.7721230" lon="5.9183700"><time>2026-07-22T22:35:04.054Z</time></trkpt>
      <trkpt lat="50.7721440" lon="5.9184460"><time>2026-07-22T22:35:04.467Z</time></trkpt>
      <trkpt lat="50.7722600" lon="5.9188500"><time>2026-07-22T22:35:06.697Z</time></trkpt>
      <trkpt lat="50.7723200" lon="5.9189800"><time>2026-07-22T22:35:07.558Z</time></trkpt>
      <trkpt lat="50.7724670" lon="5.9191820"><time>2026-07-22T22:35:09.312Z</time></trkpt>
      <trkpt lat="50.7726940" lon="5.9193590"><time>2026-07-22T22:35:12.498Z</time></trkpt>
      <trkpt lat="50.7729900" lon="5.9195710"><time>2026-07-22T22:35:16.636Z</time></trkpt>
      <trkpt lat="50.7731820" lon="5.9197520"><time>2026-07-22T22:35:18.576Z</time></trkpt>
      <trkpt lat="50.7734120" lon="5.9200740"><time>2026-07-22T22:35:21.298Z</time></trkpt>
      <trkpt lat="50.7736180" lon="5.9205660"><time>2026-07-22T22:35:24.564Z</time></trkpt>
      <trkpt lat="50.7736850" lon="5.9209500"><time>2026-07-22T22:35:26.732Z</time></trkpt>
      <trkpt lat="50.7736680" lon="5.9212340"><time>2026-07-22T22:35:28.536Z</time></trkpt>
      <trkpt lat="50.7736150" lon="5.9214560"><time>2026-07-22T22:35:30.389Z</time></trkpt>
      <trkpt lat="50.7735420" lon="5.9216290"><time>2026-07-22T22:35:32.295Z</time></trkpt>
      <trkpt lat="50.7734960" lon="5.9217360"><time>2026-07-22T22:35:33.554Z</time></trkpt>
      <trkpt lat="50.7734430" lon="5.9218660"><time>2026-07-22T22:35:35.105Z</time></trkpt>
      <trkpt lat="50.7733450" lon="5.9221050"><time>2026-07-22T22:35:38.016Z</time></trkpt>
      <trkpt lat="50.7733170" lon="5.9221780"><time>2026-07-22T22:35:38.716Z</time></trkpt>
      <trkpt lat="50.7732540" lon="5.9223450"><time>2026-07-22T22:35:39.994Z</time></trkpt>
      <trkpt lat="50.7731040" lon="5.9227590"><time>2026-07-22T22:35:43.258Z</time></trkpt>
      <trkpt lat="50.7729260" lon="5.9232900"><time>2026-07-22T22:35:52.983Z</time></trkpt>
      <trkpt lat="50.7723200" lon="5.9250790"><time>2026-07-22T22:36:42.680Z</time></trkpt>
      <trkpt lat="50.7721440" lon="5.9254190"><time>2026-07-22T22:36:51.578Z</time></trkpt>
      <trkpt lat="50.7719680" lon="5.9256640"><time>2026-07-22T22:37:02.634Z</time></trkpt>
      <trkpt lat="50.7717680" lon="5.9258550"><time>2026-07-22T22:37:14.906Z</time></trkpt>
      <trkpt lat="50.7715670" lon="5.9259940"><time>2026-07-22T22:37:25.668Z</time></trkpt>
      <trkpt lat="50.7713490" lon="5.9260730"><time>2026-07-22T22:37:36.181Z</time></trkpt>
      <trkpt lat="50.7711570" lon="5.9261110"><time>2026-07-22T22:37:44.627Z</time></trkpt>
      <trkpt lat="50.7709000" lon="5.9260840"><time>2026-07-22T22:37:54.176Z</time></trkpt>
      <trkpt lat="50.7701660" lon="5.9258470"><time>2026-07-22T22:38:14.089Z</time></trkpt>
      <trkpt lat="50.7700190" lon="5.9259150"><time>2026-07-22T22:38:17.396Z</time></trkpt>
      <trkpt lat="50.7699370" lon="5.9260510"><time>2026-07-22T22:38:20.840Z</time></trkpt>
      <trkpt lat="50.7699010" lon="5.9262390"><time>2026-07-22T22:38:25.263Z</time></trkpt>
      <trkpt lat="50.7699000" lon="5.9264260"><time>2026-07-22T22:38:29.949Z</time></trkpt>
      <trkpt lat="50.7699860" lon="5.9287340"><time>2026-07-22T22:39:29.713Z</time></trkpt>
      <trkpt lat="50.7700010" lon="5.9291580"><time>2026-07-22T22:39:37.625Z</time></trkpt>
      <trkpt lat="50.7700020" lon="5.9291870"><time>2026-07-22T22:39:38.250Z</time></trkpt>
      <trkpt lat="50.7700320" lon="5.9302200"><time>2026-07-22T22:40:05.541Z</time></trkpt>
      <trkpt lat="50.7700130" lon="5.9304910"><time>2026-07-22T22:40:12.364Z</time></trkpt>
      <trkpt lat="50.7699690" lon="5.9307440"><time>2026-07-22T22:40:18.672Z</time></trkpt>
      <trkpt lat="50.7699020" lon="5.9309920"><time>2026-07-22T22:40:24.980Z</time></trkpt>
      <trkpt lat="50.7698290" lon="5.9311600"><time>2026-07-22T22:40:29.702Z</time></trkpt>
      <trkpt lat="50.7694380" lon="5.9318240"><time>2026-07-22T22:40:50.208Z</time></trkpt>
      <trkpt lat="50.7693360" lon="5.9320320"><time>2026-07-22T22:40:55.481Z</time></trkpt>
      <trkpt lat="50.7692570" lon="5.9323750"><time>2026-07-22T22:41:05.348Z</time></trkpt>
      <trkpt lat="50.7692420" lon="5.9326450"><time>2026-07-22T22:41:13.432Z</time></trkpt>
      <trkpt lat="50.7692630" lon="5.9330570"><time>2026-07-22T22:41:27.351Z</time></trkpt>
      <trkpt lat="50.7692670" lon="5.9335300"><time>2026-07-22T22:41:37.257Z</time></trkpt>
      <trkpt lat="50.7691900" lon="5.9339780"><time>2026-07-22T22:41:44.362Z</time></trkpt>
      <trkpt lat="50.7690080" lon="5.9344220"><time>2026-07-22T22:41:52.255Z</time></trkpt>
      <trkpt lat="50.7684720" lon="5.9355310"><time>2026-07-22T22:42:07.980Z</time></trkpt>
      <trkpt lat="50.7682780" lon="5.9358300"><time>2026-07-22T22:42:13.557Z</time></trkpt>
      <trkpt lat="50.7681180" lon="5.9360390"><time>2026-07-22T22:42:17.525Z</time></trkpt>
      <trkpt lat="50.7679070" lon="5.9363270"><time>2026-07-22T22:42:23.347Z</time></trkpt>
      <trkpt lat="50.7672700" lon="5.9372150"><time>2026-07-22T22:42:29.930Z</time></trkpt>
      <trkpt lat="50.7672230" lon="5.9373290"><time>2026-07-22T22:42:31.419Z</time></trkpt>
      <trkpt lat="50.7672070" lon="5.9375490"><time>2026-07-22T22:42:35.937Z</time></trkpt>
      <trkpt lat="50.7672860" lon="5.9383970"><time>2026-07-22T22:42:55.804Z</time></trkpt>
      <trkpt lat="50.7675180" lon="5.9397190"><time>2026-07-22T22:43:32.783Z</time></trkpt>
      <trkpt lat="50.7676600" lon="5.9406950"><time>2026-07-22T22:44:01.016Z</time></trkpt>
      <trkpt lat="50.7677050" lon="5.9412260"><time>2026-07-22T22:44:13.105Z</time></trkpt>
      <trkpt lat="50.7676990" lon="5.9414840"><time>2026-07-22T22:44:16.539Z</time></trkpt>
      <trkpt lat="50.7676260" lon="5.9418050"><time>2026-07-22T22:44:18.364Z</time></trkpt>
      <trkpt lat="50.7673240" lon="5.9423350"><time>2026-07-22T22:44:21.378Z</time></trkpt>
      <trkpt lat="50.7667300" lon="5.9431240"><time>2026-07-22T22:44:26.764Z</time></trkpt>
      <trkpt lat="50.7665780" lon="5.9434600"><time>2026-07-22T22:44:28.643Z</time></trkpt>
      <trkpt lat="50.7665090" lon="5.9437430"><time>2026-07-22T22:44:30.068Z</time></trkpt>
      <trkpt lat="50.7664840" lon="5.9441640"><time>2026-07-22T22:44:32.098Z</time></trkpt>
      <trkpt lat="50.7665100" lon="5.9444310"><time>2026-07-22T22:44:35.515Z</time></trkpt>
      <trkpt lat="50.7665930" lon="5.9447650"><time>2026-07-22T22:44:44.263Z</time></trkpt>
      <trkpt lat="50.7668440" lon="5.9452730"><time>2026-07-22T22:45:03.340Z</time></trkpt>
      <trkpt lat="50.7672310" lon="5.9457720"><time>2026-07-22T22:45:21.469Z</time></trkpt>
      <trkpt lat="50.7672640" lon="5.9458780"><time>2026-07-22T22:45:23.692Z</time></trkpt>
      <trkpt lat="50.7672700" lon="5.9460180"><time>2026-07-22T22:45:25.980Z</time></trkpt>
      <trkpt lat="50.7672410" lon="5.9461650"><time>2026-07-22T22:45:28.037Z</time></trkpt>
      <trkpt lat="50.7671760" lon="5.9462920"><time>2026-07-22T22:45:29.369Z</time></trkpt>
      <trkpt lat="50.7662930" lon="5.9469320"><time>2026-07-22T22:45:36.996Z</time></trkpt>
      <trkpt lat="50.7662020" lon="5.9470820"><time>2026-07-22T22:45:37.972Z</time></trkpt>
      <trkpt lat="50.7661600" lon="5.9472780"><time>2026-07-22T22:45:39.095Z</time></trkpt>
      <trkpt lat="50.7661580" lon="5.9473910"><time>2026-07-22T22:45:40.508Z</time></trkpt>
      <trkpt lat="50.7662210" lon="5.9477330"><time>2026-07-22T22:45:48.842Z</time></trkpt>
      <trkpt lat="50.7666620" lon="5.9490820"><time>2026-07-22T22:46:39.781Z</time></trkpt>
      <trkpt lat="50.7667010" lon="5.9492350"><time>2026-07-22T22:46:44.269Z</time></trkpt>
      <trkpt lat="50.7667500" lon="5.9496360"><time>2026-07-22T22:46:53.466Z</time></trkpt>
      <trkpt lat="50.7667140" lon="5.9502830"><time>2026-07-22T22:47:05.264Z</time></trkpt>
      <trkpt lat="50.7665130" lon="5.9519220"><time>2026-07-22T22:47:32.158Z</time></trkpt>
      <trkpt lat="50.7664700" lon="5.9521610"><time>2026-07-22T22:47:42.141Z</time></trkpt>
      <trkpt lat="50.7663690" lon="5.9523690"><time>2026-07-22T22:47:48.746Z</time></trkpt>
      <trkpt lat="50.7662730" lon="5.9524400"><time>2026-07-22T22:47:50.136Z</time></trkpt>
      <trkpt lat="50.7661470" lon="5.9524360"><time>2026-07-22T22:47:51.193Z</time></trkpt>
      <trkpt lat="50.7656410" lon="5.9520740"><time>2026-07-22T22:47:55.508Z</time></trkpt>
      <trkpt lat="50.7654390" lon="5.9520580"><time>2026-07-22T22:47:58.487Z</time></trkpt>
      <trkpt lat="50.7649920" lon="5.9522190"><time>2026-07-22T22:48:07.682Z</time></trkpt>
      <trkpt lat="50.7648450" lon="5.9522370"><time>2026-07-22T22:48:09.351Z</time></trkpt>
      <trkpt lat="50.7643540" lon="5.9520660"><time>2026-07-22T22:48:13.579Z</time></trkpt>
      <trkpt lat="50.7641500" lon="5.9520760"><time>2026-07-22T22:48:15.114Z</time></trkpt>
      <trkpt lat="50.7639820" lon="5.9521640"><time>2026-07-22T22:48:16.458Z</time></trkpt>
      <trkpt lat="50.7638580" lon="5.9522870"><time>2026-07-22T22:48:17.534Z</time></trkpt>
      <trkpt lat="50.7637910" lon="5.9523990"><time>2026-07-22T22:48:18.258Z</time></trkpt>
      <trkpt lat="50.7637570" lon="5.9525800"><time>2026-07-22T22:48:19.298Z</time></trkpt>
      <trkpt lat="50.7637490" lon="5.9531290"><time>2026-07-22T22:48:24.994Z</time></trkpt>
      <trkpt lat="50.7637340" lon="5.9542450"><time>2026-07-22T22:48:56.618Z</time></trkpt>
      <trkpt lat="50.7637480" lon="5.9548080"><time>2026-07-22T22:49:20.852Z</time></trkpt>
      <trkpt lat="50.7637850" lon="5.9549440"><time>2026-07-22T22:49:28.563Z</time></trkpt>
      <trkpt lat="50.7638800" lon="5.9550600"><time>2026-07-22T22:49:35.766Z</time></trkpt>
      <trkpt lat="50.7639850" lon="5.9550590"><time>2026-07-22T22:49:37.137Z</time></trkpt>
      <trkpt lat="50.7640450" lon="5.9550040"><time>2026-07-22T22:49:37.649Z</time></trkpt>
      <trkpt lat="50.7640850" lon="5.9549150"><time>2026-07-22T22:49:38.164Z</time></trkpt>
      <trkpt lat="50.7641040" lon="5.9547880"><time>2026-07-22T22:49:38.764Z</time></trkpt>
      <trkpt lat="50.7640960" lon="5.9542860"><time>2026-07-22T22:49:40.923Z</time></trkpt>
      <trkpt lat="50.7641690" lon="5.9538930"><time>2026-07-22T22:49:42.716Z</time></trkpt>
      <trkpt lat="50.7643010" lon="5.9535590"><time>2026-07-22T22:49:44.926Z</time></trkpt>
      <trkpt lat="50.7643940" lon="5.9534220"><time>2026-07-22T22:49:52.141Z</time></trkpt>
      <trkpt lat="50.7644800" lon="5.9533270"><time>2026-07-22T22:49:58.091Z</time></trkpt>
      <trkpt lat="50.7648230" lon="5.9531240"><time>2026-07-22T22:50:11.537Z</time></trkpt>
      <trkpt lat="50.7651670" lon="5.9530790"><time>2026-07-22T22:50:21.893Z</time></trkpt>
      <trkpt lat="50.7654480" lon="5.9531770"><time>2026-07-22T22:50:30.063Z</time></trkpt>
      <trkpt lat="50.7661350" lon="5.9535250"><time>2026-07-22T22:50:51.076Z</time></trkpt>
      <trkpt lat="50.7664310" lon="5.9535850"><time>2026-07-22T22:50:59.284Z</time></trkpt>
      <trkpt lat="50.7666500" lon="5.9535640"><time>2026-07-22T22:51:05.335Z</time></trkpt>
      <trkpt lat="50.7667820" lon="5.9535140"><time>2026-07-22T22:51:08.572Z</time></trkpt>
      <trkpt lat="50.7671970" lon="5.9532610"><time>2026-07-22T22:51:17.697Z</time></trkpt>
      <trkpt lat="50.7673100" lon="5.9532080"><time>2026-07-22T22:51:19.717Z</time></trkpt>
      <trkpt lat="50.7673730" lon="5.9532220"><time>2026-07-22T22:51:21.483Z</time></trkpt>
      <trkpt lat="50.7674020" lon="5.9532450"><time>2026-07-22T22:51:22.717Z</time></trkpt>
      <trkpt lat="50.7674860" lon="5.9534320"><time>2026-07-22T22:51:30.998Z</time></trkpt>
      <trkpt lat="50.7674920" lon="5.9537150"><time>2026-07-22T22:51:43.739Z</time></trkpt>
      <trkpt lat="50.7673510" lon="5.9550560"><time>2026-07-22T22:52:21.146Z</time></trkpt>
      <trkpt lat="50.7672070" lon="5.9562100"><time>2026-07-22T22:52:35.981Z</time></trkpt>
      <trkpt lat="50.7670060" lon="5.9575440"><time>2026-07-22T22:52:51.330Z</time></trkpt>
      <trkpt lat="50.7667590" lon="5.9588770"><time>2026-07-22T22:53:06.299Z</time></trkpt>
      <trkpt lat="50.7665980" lon="5.9595010"><time>2026-07-22T22:53:15.725Z</time></trkpt>
      <trkpt lat="50.7664510" lon="5.9598480"><time>2026-07-22T22:53:21.598Z</time></trkpt>
      <trkpt lat="50.7661870" lon="5.9603010"><time>2026-07-22T22:53:29.679Z</time></trkpt>
      <trkpt lat="50.7659710" lon="5.9608310"><time>2026-07-22T22:53:35.193Z</time></trkpt>
      <trkpt lat="50.7658520" lon="5.9613200"><time>2026-07-22T22:53:40.812Z</time></trkpt>
      <trkpt lat="50.7657800" lon="5.9619110"><time>2026-07-22T22:53:48.141Z</time></trkpt>
      <trkpt lat="50.7657590" lon="5.9621760"><time>2026-07-22T22:53:50.986Z</time></trkpt>
      <trkpt lat="50.7657180" lon="5.9627120"><time>2026-07-22T22:53:56.660Z</time></trkpt>
      <trkpt lat="50.7656230" lon="5.9636980"><time>2026-07-22T22:54:09.612Z</time></trkpt>
      <trkpt lat="50.7654580" lon="5.9646750"><time>2026-07-22T22:54:20.367Z</time></trkpt>
      <trkpt lat="50.7649400" lon="5.9666740"><time>2026-07-22T22:54:39.113Z</time></trkpt>
      <trkpt lat="50.7647520" lon="5.9674320"><time>2026-07-22T22:54:43.345Z</time></trkpt>
      <trkpt lat="50.7646550" lon="5.9679500"><time>2026-07-22T22:54:46.435Z</time></trkpt>
      <trkpt lat="50.7645350" lon="5.9690300"><time>2026-07-22T22:54:54.222Z</time></trkpt>
      <trkpt lat="50.7643560" lon="5.9733070"><time>2026-07-22T22:55:25.105Z</time></trkpt>
      <trkpt lat="50.7644100" lon="5.9738220"><time>2026-07-22T22:55:28.495Z</time></trkpt>
      <trkpt lat="50.7645480" lon="5.9742850"><time>2026-07-22T22:55:31.194Z</time></trkpt>
      <trkpt lat="50.7647260" lon="5.9746190"><time>2026-07-22T22:55:33.140Z</time></trkpt>
      <trkpt lat="50.7652130" lon="5.9753020"><time>2026-07-22T22:55:39.115Z</time></trkpt>
      <trkpt lat="50.7654270" lon="5.9757060"><time>2026-07-22T22:55:42.213Z</time></trkpt>
      <trkpt lat="50.7655300" lon="5.9760510"><time>2026-07-22T22:55:44.229Z</time></trkpt>
      <trkpt lat="50.7655840" lon="5.9763690"><time>2026-07-22T22:55:45.968Z</time></trkpt>
      <trkpt lat="50.7655990" lon="5.9766900"><time>2026-07-22T22:55:47.936Z</time></trkpt>
      <trkpt lat="50.7655870" lon="5.9772340"><time>2026-07-22T22:55:52.766Z</time></trkpt>
      <trkpt lat="50.7655730" lon="5.9777560"><time>2026-07-22T22:55:57.033Z</time></trkpt>
      <trkpt lat="50.7656050" lon="5.9781880"><time>2026-07-22T22:55:59.553Z</time></trkpt>
      <trkpt lat="50.7660690" lon="5.9801570"><time>2026-07-22T22:56:13.371Z</time></trkpt>
      <trkpt lat="50.7662170" lon="5.9805090"><time>2026-07-22T22:56:15.826Z</time></trkpt>
      <trkpt lat="50.7664790" lon="5.9810240"><time>2026-07-22T22:56:18.735Z</time></trkpt>
      <trkpt lat="50.7666940" lon="5.9816670"><time>2026-07-22T22:56:21.838Z</time></trkpt>
      <trkpt lat="50.7670210" lon="5.9832800"><time>2026-07-22T22:56:28.966Z</time></trkpt>
      <trkpt lat="50.7670290" lon="5.9834610"><time>2026-07-22T22:56:29.736Z</time></trkpt>
      <trkpt lat="50.7669580" lon="5.9836770"><time>2026-07-22T22:56:30.800Z</time></trkpt>
      <trkpt lat="50.7670050" lon="5.9837720"><time>2026-07-22T22:56:31.539Z</time></trkpt>
      <trkpt lat="50.7671920" lon="5.9842250"><time>2026-07-22T22:56:33.849Z</time></trkpt>
      <trkpt lat="50.7672740" lon="5.9844970"><time>2026-07-22T22:56:35.138Z</time></trkpt>
      <trkpt lat="50.7673050" lon="5.9846790"><time>2026-07-22T22:56:35.938Z</time></trkpt>
      <trkpt lat="50.7672680" lon="5.9857070"><time>2026-07-22T22:56:40.304Z</time></trkpt>
      <trkpt lat="50.7673260" lon="5.9864290"><time>2026-07-22T22:56:43.403Z</time></trkpt>
      <trkpt lat="50.7673460" lon="5.9872130"><time>2026-07-22T22:56:46.803Z</time></trkpt>
      <trkpt lat="50.7673230" lon="5.9873110"><time>2026-07-22T22:56:47.264Z</time></trkpt>
      <trkpt lat="50.7674380" lon="5.9875360"><time>2026-07-22T22:56:48.568Z</time></trkpt>
      <trkpt lat="50.7676380" lon="5.9880560"><time>2026-07-22T22:56:51.323Z</time></trkpt>
      <trkpt lat="50.7677690" lon="5.9886790"><time>2026-07-22T22:56:54.475Z</time></trkpt>
      <trkpt lat="50.7678180" lon="5.9892240"><time>2026-07-22T22:56:57.122Z</time></trkpt>
      <trkpt lat="50.7678120" lon="5.9901140"><time>2026-07-22T22:57:01.270Z</time></trkpt>
      <trkpt lat="50.7677980" lon="5.9913480"><time>2026-07-22T22:57:07.036Z</time></trkpt>
      <trkpt lat="50.7678150" lon="5.9919210"><time>2026-07-22T22:57:09.751Z</time></trkpt>
      <trkpt lat="50.7679010" lon="5.9926880"><time>2026-07-22T22:57:13.380Z</time></trkpt>
      <trkpt lat="50.7680490" lon="5.9933540"><time>2026-07-22T22:57:16.549Z</time></trkpt>
      <trkpt lat="50.7682850" lon="5.9941880"><time>2026-07-22T22:57:20.671Z</time></trkpt>
      <trkpt lat="50.7683760" lon="5.9946170"><time>2026-07-22T22:57:22.820Z</time></trkpt>
      <trkpt lat="50.7684880" lon="5.9954480"><time>2026-07-22T22:57:27.059Z</time></trkpt>
      <trkpt lat="50.7685760" lon="5.9962260"><time>2026-07-22T22:57:31.835Z</time></trkpt>
      <trkpt lat="50.7686970" lon="5.9972190"><time>2026-07-22T22:57:44.282Z</time></trkpt>
      <trkpt lat="50.7686480" lon="5.9972290"><time>2026-07-22T22:57:46.466Z</time></trkpt>
      <trkpt lat="50.7684970" lon="5.9972400"><time>2026-07-22T22:57:54.396Z</time></trkpt>
      <trkpt lat="50.7681310" lon="5.9972690"><time>2026-07-22T22:58:07.453Z</time></trkpt>
      <trkpt lat="50.7678450" lon="5.9973330"><time>2026-07-22T22:58:17.729Z</time></trkpt>
      <trkpt lat="50.7669240" lon="5.9977200"><time>2026-07-22T22:58:43.986Z</time></trkpt>
      <trkpt lat="50.7666790" lon="5.9978680"><time>2026-07-22T22:58:49.711Z</time></trkpt>
      <trkpt lat="50.7662550" lon="5.9982430"><time>2026-07-22T22:59:00.835Z</time></trkpt>
      <trkpt lat="50.7658780" lon="5.9986420"><time>2026-07-22T22:59:13.583Z</time></trkpt>
      <trkpt lat="50.7654140" lon="5.9992570"><time>2026-07-22T22:59:32.670Z</time></trkpt>
      <trkpt lat="50.7646210" lon="6.0000160"><time>2026-07-22T23:00:01.588Z</time></trkpt>
      <trkpt lat="50.7644820" lon="6.0001390"><time>2026-07-22T23:00:05.498Z</time></trkpt>
      <trkpt lat="50.7643890" lon="6.0001770"><time>2026-07-22T23:00:07.414Z</time></trkpt>
      <trkpt lat="50.7640110" lon="6.0001610"><time>2026-07-22T23:00:15.012Z</time></trkpt>
      <trkpt lat="50.7638270" lon="6.0002340"><time>2026-07-22T23:00:20.884Z</time></trkpt>
      <trkpt lat="50.7634530" lon="6.0004490"><time>2026-07-22T23:00:35.837Z</time></trkpt>
      <trkpt lat="50.7614750" lon="6.0016270"><time>2026-07-22T23:01:34.094Z</time></trkpt>
      <trkpt lat="50.7611850" lon="6.0020640"><time>2026-07-22T23:01:42.063Z</time></trkpt>
      <trkpt lat="50.7610980" lon="6.0021970"><time>2026-07-22T23:01:44.883Z</time></trkpt>
      <trkpt lat="50.7609220" lon="6.0025470"><time>2026-07-22T23:01:48.786Z</time></trkpt>
      <trkpt lat="50.7608030" lon="6.0027260"><time>2026-07-22T23:01:50.430Z</time></trkpt>
      <trkpt lat="50.7603180" lon="6.0031470"><time>2026-07-22T23:01:56.209Z</time></trkpt>
      <trkpt lat="50.7596750" lon="6.0039180"><time>2026-07-22T23:02:08.893Z</time></trkpt>
      <trkpt lat="50.7595260" lon="6.0039790"><time>2026-07-22T23:02:12.849Z</time></trkpt>
      <trkpt lat="50.7587980" lon="6.0041070"><time>2026-07-22T23:02:34.103Z</time></trkpt>
      <trkpt lat="50.7587210" lon="6.0042680"><time>2026-07-22T23:02:37.822Z</time></trkpt>
      <trkpt lat="50.7585840" lon="6.0041490"><time>2026-07-22T23:02:44.256Z</time></trkpt>
      <trkpt lat="50.7583830" lon="6.0040590"><time>2026-07-22T23:02:56.849Z</time></trkpt>
      <trkpt lat="50.7582830" lon="6.0040340"><time>2026-07-22T23:03:03.745Z</time></trkpt>
      <trkpt lat="50.7581000" lon="6.0039940"><time>2026-07-22T23:03:13.198Z</time></trkpt>
      <trkpt lat="50.7579210" lon="6.0039650"><time>2026-07-22T23:03:18.344Z</time></trkpt>
      <trkpt lat="50.7575360" lon="6.0038560"><time>2026-07-22T23:03:36.468Z</time></trkpt>
      <trkpt lat="50.7573900" lon="6.0037790"><time>2026-07-22T23:03:43.421Z</time></trkpt>
      <trkpt lat="50.7571070" lon="6.0035730"><time>2026-07-22T23:03:53.347Z</time></trkpt>
      <trkpt lat="50.7567710" lon="6.0031940"><time>2026-07-22T23:04:03.534Z</time></trkpt>
      <trkpt lat="50.7566750" lon="6.0030680"><time>2026-07-22T23:04:08.035Z</time></trkpt>
      <trkpt lat="50.7563780" lon="6.0026460"><time>2026-07-22T23:04:23.855Z</time></trkpt>
      <trkpt lat="50.7559920" lon="6.0021190"><time>2026-07-22T23:04:34.607Z</time></trkpt>
      <trkpt lat="50.7557550" lon="6.0019030"><time>2026-07-22T23:04:42.418Z</time></trkpt>
      <trkpt lat="50.7554960" lon="6.0017930"><time>2026-07-22T23:04:50.262Z</time></trkpt>
      <trkpt lat="50.7552820" lon="6.0017490"><time>2026-07-22T23:04:57.741Z</time></trkpt>
      <trkpt lat="50.7548240" lon="6.0017240"><time>2026-07-22T23:05:13.806Z</time></trkpt>
      <trkpt lat="50.7546300" lon="6.0017120"><time>2026-07-22T23:05:22.485Z</time></trkpt>
      <trkpt lat="50.7544030" lon="6.0016660"><time>2026-07-22T23:05:33.592Z</time></trkpt>
      <trkpt lat="50.7541670" lon="6.0015320"><time>2026-07-22T23:05:41.766Z</time></trkpt>
      <trkpt lat="50.7541430" lon="6.0015150"><time>2026-07-22T23:05:42.316Z</time></trkpt>
      <trkpt lat="50.7538770" lon="6.0013450"><time>2026-07-22T23:05:46.182Z</time></trkpt>
      <trkpt lat="50.7536800" lon="6.0012250"><time>2026-07-22T23:05:48.002Z</time></trkpt>
      <trkpt lat="50.7535630" lon="6.0011970"><time>2026-07-22T23:05:48.838Z</time></trkpt>
      <trkpt lat="50.7535230" lon="6.0011920"><time>2026-07-22T23:05:49.115Z</time></trkpt>
      <trkpt lat="50.7534240" lon="6.0012070"><time>2026-07-22T23:05:49.809Z</time></trkpt>
      <trkpt lat="50.7531600" lon="6.0012290"><time>2026-07-22T23:05:51.794Z</time></trkpt>
      <trkpt lat="50.7531250" lon="6.0012050"><time>2026-07-22T23:05:52.132Z</time></trkpt>
      <trkpt lat="50.7530260" lon="6.0010920"><time>2026-07-22T23:05:53.222Z</time></trkpt>
      <trkpt lat="50.7527640" lon="6.0005900"><time>2026-07-22T23:05:56.262Z</time></trkpt>
      <trkpt lat="50.7526180" lon="6.0003690"><time>2026-07-22T23:05:57.697Z</time></trkpt>
      <trkpt lat="50.7524940" lon="6.0002580"><time>2026-07-22T23:05:58.655Z</time></trkpt>
      <trkpt lat="50.7523280" lon="6.0001950"><time>2026-07-22T23:05:59.779Z</time></trkpt>
      <trkpt lat="50.7516600" lon="6.0001540"><time>2026-07-22T23:06:04.307Z</time></trkpt>
      <trkpt lat="50.7510980" lon="6.0001950"><time>2026-07-22T23:06:08.150Z</time></trkpt>
      <trkpt lat="50.7508080" lon="6.0002790"><time>2026-07-22T23:06:10.290Z</time></trkpt>
      <trkpt lat="50.7507250" lon="6.0003330"><time>2026-07-22T23:06:10.926Z</time></trkpt>
      <trkpt lat="50.7505690" lon="6.0004930"><time>2026-07-22T23:06:12.211Z</time></trkpt>
      <trkpt lat="50.7504830" lon="6.0006820"><time>2026-07-22T23:06:13.241Z</time></trkpt>
      <trkpt lat="50.7504450" lon="6.0008270"><time>2026-07-22T23:06:13.986Z</time></trkpt>
      <trkpt lat="50.7504130" lon="6.0011540"><time>2026-07-22T23:06:15.776Z</time></trkpt>
      <trkpt lat="50.7503520" lon="6.0017400"><time>2026-07-22T23:06:18.832Z</time></trkpt>
      <trkpt lat="50.7503190" lon="6.0018540"><time>2026-07-22T23:06:19.422Z</time></trkpt>
      <trkpt lat="50.7502220" lon="6.0020310"><time>2026-07-22T23:06:20.478Z</time></trkpt>
      <trkpt lat="50.7500360" lon="6.0021690"><time>2026-07-22T23:06:21.948Z</time></trkpt>
      <trkpt lat="50.7494180" lon="6.0020770"><time>2026-07-22T23:06:26.317Z</time></trkpt>
      <trkpt lat="50.7492670" lon="6.0021110"><time>2026-07-22T23:06:27.362Z</time></trkpt>
      <trkpt lat="50.7489240" lon="6.0022660"><time>2026-07-22T23:06:29.809Z</time></trkpt>
      <trkpt lat="50.7487960" lon="6.0022620"><time>2026-07-22T23:06:30.733Z</time></trkpt>
      <trkpt lat="50.7486330" lon="6.0021700"><time>2026-07-22T23:06:32.080Z</time></trkpt>
      <trkpt lat="50.7484680" lon="6.0019910"><time>2026-07-22T23:06:33.627Z</time></trkpt>
      <trkpt lat="50.7483070" lon="6.0016770"><time>2026-07-22T23:06:35.566Z</time></trkpt>
      <trkpt lat="50.7479940" lon="6.0009210"><time>2026-07-22T23:06:40.112Z</time></trkpt>
      <trkpt lat="50.7479960" lon="6.0011860"><time>2026-07-22T23:06:42.790Z</time></trkpt>
      <trkpt lat="50.7479960" lon="6.0012370"><time>2026-07-22T23:06:43.327Z</time></trkpt>
      <trkpt lat="50.7483100" lon="6.0029330"><time>2026-07-22T23:06:55.869Z</time></trkpt>
      <trkpt lat="50.7491080" lon="6.0055760"><time>2026-07-22T23:07:24.923Z</time></trkpt>
      <trkpt lat="50.7493910" lon="6.0065830"><time>2026-07-22T23:07:46.052Z</time></trkpt>
      <trkpt lat="50.7495940" lon="6.0073240"><time>2026-07-22T23:08:03.659Z</time></trkpt>
      <trkpt lat="50.7498660" lon="6.0082770"><time>2026-07-22T23:08:13.403Z</time></trkpt>
      <trkpt lat="50.7499470" lon="6.0085750"><time>2026-07-22T23:08:16.462Z</time></trkpt>
      <trkpt lat="50.7499750" lon="6.0086740"><time>2026-07-22T23:08:18.016Z</time></trkpt>
      <trkpt lat="50.7501840" lon="6.0094450"><time>2026-07-22T23:08:34.054Z</time></trkpt>
      <trkpt lat="50.7502610" lon="6.0098020"><time>2026-07-22T23:08:40.352Z</time></trkpt>
      <trkpt lat="50.7502890" lon="6.0098460"><time>2026-07-22T23:08:41.577Z</time></trkpt>
      <trkpt lat="50.7505340" lon="6.0099380"><time>2026-07-22T23:08:50.594Z</time></trkpt>
      <trkpt lat="50.7505760" lon="6.0100680"><time>2026-07-22T23:08:53.634Z</time></trkpt>
      <trkpt lat="50.7505490" lon="6.0102720"><time>2026-07-22T23:08:56.755Z</time></trkpt>
      <trkpt lat="50.7505230" lon="6.0105120"><time>2026-07-22T23:08:59.305Z</time></trkpt>
      <trkpt lat="50.7505220" lon="6.0108010"><time>2026-07-22T23:09:03.603Z</time></trkpt>
      <trkpt lat="50.7505990" lon="6.0114100"><time>2026-07-22T23:09:17.059Z</time></trkpt>
      <trkpt lat="50.7509180" lon="6.0137360"><time>2026-07-22T23:10:12.782Z</time></trkpt>
      <trkpt lat="50.7510160" lon="6.0140630"><time>2026-07-22T23:10:18.380Z</time></trkpt>
      <trkpt lat="50.7517820" lon="6.0157590"><time>2026-07-22T23:10:49.797Z</time></trkpt>
      <trkpt lat="50.7523320" lon="6.0169980"><time>2026-07-22T23:11:10.458Z</time></trkpt>
      <trkpt lat="50.7526940" lon="6.0176620"><time>2026-07-22T23:11:45.414Z</time></trkpt>
      <trkpt lat="50.7527580" lon="6.0179340"><time>2026-07-22T23:11:54.867Z</time></trkpt>
      <trkpt lat="50.7527480" lon="6.0181650"><time>2026-07-22T23:11:58.597Z</time></trkpt>
      <trkpt lat="50.7526470" lon="6.0183720"><time>2026-07-22T23:11:59.864Z</time></trkpt>
      <trkpt lat="50.7525510" lon="6.0184880"><time>2026-07-22T23:12:01.277Z</time></trkpt>
      <trkpt lat="50.7522790" lon="6.0188140"><time>2026-07-22T23:12:12.634Z</time></trkpt>
      <trkpt lat="50.7521460" lon="6.0189560"><time>2026-07-22T23:12:21.188Z</time></trkpt>
      <trkpt lat="50.7520340" lon="6.0190260"><time>2026-07-22T23:12:25.367Z</time></trkpt>
      <trkpt lat="50.7518660" lon="6.0189940"><time>2026-07-22T23:12:27.567Z</time></trkpt>
      <trkpt lat="50.7517530" lon="6.0188980"><time>2026-07-22T23:12:28.527Z</time></trkpt>
      <trkpt lat="50.7516620" lon="6.0188260"><time>2026-07-22T23:12:31.209Z</time></trkpt>
      <trkpt lat="50.7515800" lon="6.0188310"><time>2026-07-22T23:12:36.193Z</time></trkpt>
      <trkpt lat="50.7515370" lon="6.0189190"><time>2026-07-22T23:12:41.011Z</time></trkpt>
      <trkpt lat="50.7515630" lon="6.0190860"><time>2026-07-22T23:12:47.281Z</time></trkpt>
      <trkpt lat="50.7523470" lon="6.0197650"><time>2026-07-22T23:13:17.534Z</time></trkpt>
      <trkpt lat="50.7524680" lon="6.0198030"><time>2026-07-22T23:13:22.023Z</time></trkpt>
      <trkpt lat="50.7526280" lon="6.0197900"><time>2026-07-22T23:13:27.851Z</time></trkpt>
      <trkpt lat="50.7527730" lon="6.0197100"><time>2026-07-22T23:13:34.626Z</time></trkpt>
      <trkpt lat="50.7528360" lon="6.0196430"><time>2026-07-22T23:13:38.789Z</time></trkpt>
      <trkpt lat="50.7529260" lon="6.0195070"><time>2026-07-22T23:13:44.991Z</time></trkpt>
      <trkpt lat="50.7536510" lon="6.0183020"><time>2026-07-22T23:14:03.574Z</time></trkpt>
      <trkpt lat="50.7537210" lon="6.0181210"><time>2026-07-22T23:14:08.480Z</time></trkpt>
      <trkpt lat="50.7537620" lon="6.0179310"><time>2026-07-22T23:14:12.818Z</time></trkpt>
      <trkpt lat="50.7538200" lon="6.0174610"><time>2026-07-22T23:14:18.445Z</time></trkpt>
      <trkpt lat="50.7538860" lon="6.0173930"><time>2026-07-22T23:14:20.988Z</time></trkpt>
      <trkpt lat="50.7539340" lon="6.0174190"><time>2026-07-22T23:14:23.005Z</time></trkpt>
      <trkpt lat="50.7539690" lon="6.0174930"><time>2026-07-22T23:14:25.399Z</time></trkpt>
      <trkpt lat="50.7539760" lon="6.0175890"><time>2026-07-22T23:14:27.802Z</time></trkpt>
      <trkpt lat="50.7539930" lon="6.0192010"><time>2026-07-22T23:15:01.977Z</time></trkpt>
      <trkpt lat="50.7539490" lon="6.0194870"><time>2026-07-22T23:15:08.125Z</time></trkpt>
      <trkpt lat="50.7536980" lon="6.0202920"><time>2026-07-22T23:15:27.485Z</time></trkpt>
      <trkpt lat="50.7535870" lon="6.0206250"><time>2026-07-22T23:15:38.670Z</time></trkpt>
      <trkpt lat="50.7535620" lon="6.0207000"><time>2026-07-22T23:15:40.120Z</time></trkpt>
      <trkpt lat="50.7535300" lon="6.0208130"><time>2026-07-22T23:15:42.382Z</time></trkpt>
      <trkpt lat="50.7534810" lon="6.0210120"><time>2026-07-22T23:15:49.599Z</time></trkpt>
      <trkpt lat="50.7534740" lon="6.0210940"><time>2026-07-22T23:15:53.128Z</time></trkpt>
      <trkpt lat="50.7534900" lon="6.0211980"><time>2026-07-22T23:15:57.096Z</time></trkpt>
      <trkpt lat="50.7535230" lon="6.0212530"><time>2026-07-22T23:15:59.045Z</time></trkpt>
      <trkpt lat="50.7535640" lon="6.0212700"><time>2026-07-22T23:16:00.045Z</time></trkpt>
      <trkpt lat="50.7535230" lon="6.0212530"><time>2026-07-22T23:16:00.889Z</time></trkpt>
      <trkpt lat="50.7534900" lon="6.0211980"><time>2026-07-22T23:16:01.671Z</time></trkpt>
      <trkpt lat="50.7535230" lon="6.0212530"><time>2026-07-22T23:16:02.308Z</time></trkpt>
      <trkpt lat="50.7535640" lon="6.0212700"><time>2026-07-22T23:16:02.963Z</time></trkpt>
      <trkpt lat="50.7536050" lon="6.0212650"><time>2026-07-22T23:16:03.823Z</time></trkpt>
      <trkpt lat="50.7538380" lon="6.0211600"><time>2026-07-22T23:16:06.779Z</time></trkpt>
      <trkpt lat="50.7540250" lon="6.0210720"><time>2026-07-22T23:16:09.138Z</time></trkpt>
      <trkpt lat="50.7540590" lon="6.0210580"><time>2026-07-22T23:16:10.170Z</time></trkpt>
      <trkpt lat="50.7541270" lon="6.0210290"><time>2026-07-22T23:16:12.927Z</time></trkpt>
      <trkpt lat="50.7541940" lon="6.0210010"><time>2026-07-22T23:16:16.610Z</time></trkpt>
      <trkpt lat="50.7542420" lon="6.0209680"><time>2026-07-22T23:16:20.000Z</time></trkpt>
      <trkpt lat="50.7543120" lon="6.0209390"><time>2026-07-22T23:16:23.991Z</time></trkpt>
      <trkpt lat="50.7543380" lon="6.0209410"><time>2026-07-22T23:16:25.226Z</time></trkpt>
      <trkpt lat="50.7543820" lon="6.0209180"><time>2026-07-22T23:16:26.509Z</time></trkpt>
      <trkpt lat="50.7547710" lon="6.0208220"><time>2026-07-22T23:16:32.056Z</time></trkpt>
      <trkpt lat="50.7551100" lon="6.0205470"><time>2026-07-22T23:16:37.075Z</time></trkpt>
      <trkpt lat="50.7553120" lon="6.0204180"><time>2026-07-22T23:16:40.280Z</time></trkpt>
      <trkpt lat="50.7557830" lon="6.0201210"><time>2026-07-22T23:16:46.409Z</time></trkpt>
      <trkpt lat="50.7558360" lon="6.0200730"><time>2026-07-22T23:16:47.146Z</time></trkpt>
      <trkpt lat="50.7559350" lon="6.0201420"><time>2026-07-22T23:16:48.096Z</time></trkpt>
      <trkpt lat="50.7560860" lon="6.0201240"><time>2026-07-22T23:16:49.673Z</time></trkpt>
      <trkpt lat="50.7564320" lon="6.0196940"><time>2026-07-22T23:16:53.671Z</time></trkpt>
      <trkpt lat="50.7575530" lon="6.0190030"><time>2026-07-22T23:17:05.505Z</time></trkpt>
      <trkpt lat="50.7576240" lon="6.0189600"><time>2026-07-22T23:17:06.272Z</time></trkpt>
      <trkpt lat="50.7581520" lon="6.0186390"><time>2026-07-22T23:17:13.596Z</time></trkpt>
      <trkpt lat="50.7581820" lon="6.0186230"><time>2026-07-22T23:17:13.907Z</time></trkpt>
      <trkpt lat="50.7585780" lon="6.0184020"><time>2026-07-22T23:17:17.426Z</time></trkpt>
      <trkpt lat="50.7586560" lon="6.0182790"><time>2026-07-22T23:17:18.351Z</time></trkpt>
      <trkpt lat="50.7587190" lon="6.0179840"><time>2026-07-22T23:17:19.955Z</time></trkpt>
      <trkpt lat="50.7587250" lon="6.0178960"><time>2026-07-22T23:17:20.398Z</time></trkpt>
      <trkpt lat="50.7589920" lon="6.0179530"><time>2026-07-22T23:17:22.579Z</time></trkpt>
      <trkpt lat="50.7592160" lon="6.0180000"><time>2026-07-22T23:17:24.625Z</time></trkpt>
      <trkpt lat="50.7592760" lon="6.0180040"><time>2026-07-22T23:17:25.196Z</time></trkpt>
      <trkpt lat="50.7594700" lon="6.0179540"><time>2026-07-22T23:17:27.110Z</time></trkpt>
      <trkpt lat="50.7600060" lon="6.0177030"><time>2026-07-22T23:17:33.282Z</time></trkpt>
      <trkpt lat="50.7610500" lon="6.0172090"><time>2026-07-22T23:17:53.012Z</time></trkpt>
      <trkpt lat="50.7614140" lon="6.0170280"><time>2026-07-22T23:17:57.431Z</time></trkpt>
      <trkpt lat="50.7615300" lon="6.0169250"><time>2026-07-22T23:17:58.499Z</time></trkpt>
      <trkpt lat="50.7616120" lon="6.0167480"><time>2026-07-22T23:17:59.474Z</time></trkpt>
      <trkpt lat="50.7616340" lon="6.0165200"><time>2026-07-22T23:18:00.506Z</time></trkpt>
      <trkpt lat="50.7615790" lon="6.0162310"><time>2026-07-22T23:18:01.847Z</time></trkpt>
      <trkpt lat="50.7614800" lon="6.0159610"><time>2026-07-22T23:18:03.302Z</time></trkpt>
      <trkpt lat="50.7613790" lon="6.0158090"><time>2026-07-22T23:18:04.323Z</time></trkpt>
      <trkpt lat="50.7612310" lon="6.0156620"><time>2026-07-22T23:18:05.591Z</time></trkpt>
      <trkpt lat="50.7608170" lon="6.0153990"><time>2026-07-22T23:18:09.054Z</time></trkpt>
      <trkpt lat="50.7601800" lon="6.0148470"><time>2026-07-22T23:18:14.284Z</time></trkpt>
      <trkpt lat="50.7598090" lon="6.0146240"><time>2026-07-22T23:18:17.305Z</time></trkpt>
      <trkpt lat="50.7596100" lon="6.0145320"><time>2026-07-22T23:18:20.202Z</time></trkpt>
      <trkpt lat="50.7595790" lon="6.0144350"><time>2026-07-22T23:18:20.697Z</time></trkpt>
      <trkpt lat="50.7595880" lon="6.0143270"><time>2026-07-22T23:18:21.164Z</time></trkpt>
      <trkpt lat="50.7596580" lon="6.0142540"><time>2026-07-22T23:18:21.719Z</time></trkpt>
      <trkpt lat="50.7598650" lon="6.0142870"><time>2026-07-22T23:18:23.242Z</time></trkpt>
      <trkpt lat="50.7601580" lon="6.0142780"><time>2026-07-22T23:18:25.499Z</time></trkpt>
      <trkpt lat="50.7607870" lon="6.0141010"><time>2026-07-22T23:18:29.902Z</time></trkpt>
      <trkpt lat="50.7609320" lon="6.0140890"><time>2026-07-22T23:18:30.924Z</time></trkpt>
      <trkpt lat="50.7613140" lon="6.0142080"><time>2026-07-22T23:18:33.779Z</time></trkpt>
      <trkpt lat="50.7614300" lon="6.0142870"><time>2026-07-22T23:18:34.754Z</time></trkpt>
      <trkpt lat="50.7615490" lon="6.0144320"><time>2026-07-22T23:18:36.024Z</time></trkpt>
      <trkpt lat="50.7617940" lon="6.0147370"><time>2026-07-22T23:18:38.403Z</time></trkpt>
      <trkpt lat="50.7621260" lon="6.0149010"><time>2026-07-22T23:18:40.900Z</time></trkpt>
      <trkpt lat="50.7631350" lon="6.0147590"><time>2026-07-22T23:18:47.925Z</time></trkpt>
      <trkpt lat="50.7634060" lon="6.0148320"><time>2026-07-22T23:18:49.989Z</time></trkpt>
      <trkpt lat="50.7635920" lon="6.0149670"><time>2026-07-22T23:18:51.722Z</time></trkpt>
      <trkpt lat="50.7637000" lon="6.0151150"><time>2026-07-22T23:18:53.066Z</time></trkpt>
      <trkpt lat="50.7638410" lon="6.0154280"><time>2026-07-22T23:18:55.964Z</time></trkpt>
      <trkpt lat="50.7639260" lon="6.0157350"><time>2026-07-22T23:18:58.272Z</time></trkpt>
      <trkpt lat="50.7639350" lon="6.0157820"><time>2026-07-22T23:18:58.960Z</time></trkpt>
      <trkpt lat="50.7639670" lon="6.0161270"><time>2026-07-22T23:19:07.172Z</time></trkpt>
      <trkpt lat="50.7639500" lon="6.0164110"><time>2026-07-22T23:19:13.166Z</time></trkpt>
      <trkpt lat="50.7638650" lon="6.0168730"><time>2026-07-22T23:19:19.261Z</time></trkpt>
      <trkpt lat="50.7638720" lon="6.0170240"><time>2026-07-22T23:19:19.944Z</time></trkpt>
      <trkpt lat="50.7639060" lon="6.0171420"><time>2026-07-22T23:19:20.488Z</time></trkpt>
      <trkpt lat="50.7639810" lon="6.0172720"><time>2026-07-22T23:19:21.220Z</time></trkpt>
      <trkpt lat="50.7640510" lon="6.0173360"><time>2026-07-22T23:19:21.756Z</time></trkpt>
      <trkpt lat="50.7641080" lon="6.0173750"><time>2026-07-22T23:19:22.187Z</time></trkpt>
      <trkpt lat="50.7641950" lon="6.0174280"><time>2026-07-22T23:19:22.837Z</time></trkpt>
      <trkpt lat="50.7643850" lon="6.0175440"><time>2026-07-22T23:19:24.204Z</time></trkpt>
      <trkpt lat="50.7645670" lon="6.0176510"><time>2026-07-22T23:19:25.478Z</time></trkpt>
      <trkpt lat="50.7647030" lon="6.0177010"><time>2026-07-22T23:19:26.407Z</time></trkpt>
      <trkpt lat="50.7648370" lon="6.0177030"><time>2026-07-22T23:19:27.353Z</time></trkpt>
      <trkpt lat="50.7649780" lon="6.0176540"><time>2026-07-22T23:19:28.416Z</time></trkpt>
      <trkpt lat="50.7650850" lon="6.0175730"><time>2026-07-22T23:19:29.388Z</time></trkpt>
      <trkpt lat="50.7651290" lon="6.0175290"><time>2026-07-22T23:19:29.795Z</time></trkpt>
      <trkpt lat="50.7652510" lon="6.0173340"><time>2026-07-22T23:19:31.028Z</time></trkpt>
      <trkpt lat="50.7653250" lon="6.0171090"><time>2026-07-22T23:19:32.116Z</time></trkpt>
      <trkpt lat="50.7653540" lon="6.0168850"><time>2026-07-22T23:19:33.097Z</time></trkpt>
      <trkpt lat="50.7653460" lon="6.0166550"><time>2026-07-22T23:19:34.189Z</time></trkpt>
      <trkpt lat="50.7650250" lon="6.0149280"><time>2026-07-22T23:19:52.353Z</time></trkpt>
      <trkpt lat="50.7650640" lon="6.0146850"><time>2026-07-22T23:19:53.663Z</time></trkpt>
      <trkpt lat="50.7649960" lon="6.0146110"><time>2026-07-22T23:19:54.356Z</time></trkpt>
      <trkpt lat="50.7649790" lon="6.0145260"><time>2026-07-22T23:19:54.799Z</time></trkpt>
      <trkpt lat="50.7649620" lon="6.0139760"><time>2026-07-22T23:19:57.204Z</time></trkpt>
      <trkpt lat="50.7649700" lon="6.0138200"><time>2026-07-22T23:19:57.887Z</time></trkpt>
      <trkpt lat="50.7650520" lon="6.0132020"><time>2026-07-22T23:20:00.964Z</time></trkpt>
      <trkpt lat="50.7651590" lon="6.0127780"><time>2026-07-22T23:20:03.062Z</time></trkpt>
      <trkpt lat="50.7653430" lon="6.0123320"><time>2026-07-22T23:20:05.380Z</time></trkpt>
      <trkpt lat="50.7655310" lon="6.0120190"><time>2026-07-22T23:20:07.242Z</time></trkpt>
      <trkpt lat="50.7658310" lon="6.0116610"><time>2026-07-22T23:20:09.749Z</time></trkpt>
      <trkpt lat="50.7660930" lon="6.0114540"><time>2026-07-22T23:20:11.899Z</time></trkpt>
      <trkpt lat="50.7663200" lon="6.0113370"><time>2026-07-22T23:20:13.799Z</time></trkpt>
      <trkpt lat="50.7665890" lon="6.0112600"><time>2026-07-22T23:20:16.018Z</time></trkpt>
      <trkpt lat="50.7668790" lon="6.0112460"><time>2026-07-22T23:20:18.561Z</time></trkpt>
      <trkpt lat="50.7669090" lon="6.0112470"><time>2026-07-22T23:20:18.819Z</time></trkpt>
      <trkpt lat="50.7669390" lon="6.0112820"><time>2026-07-22T23:20:19.128Z</time></trkpt>
      <trkpt lat="50.7672470" lon="6.0112940"><time>2026-07-22T23:20:21.634Z</time></trkpt>
      <trkpt lat="50.7673670" lon="6.0112620"><time>2026-07-22T23:20:22.614Z</time></trkpt>
      <trkpt lat="50.7675150" lon="6.0111790"><time>2026-07-22T23:20:23.896Z</time></trkpt>
      <trkpt lat="50.7676290" lon="6.0110760"><time>2026-07-22T23:20:25.624Z</time></trkpt>
      <trkpt lat="50.7677060" lon="6.0109660"><time>2026-07-22T23:20:27.533Z</time></trkpt>
      <trkpt lat="50.7678810" lon="6.0106200"><time>2026-07-22T23:20:31.802Z</time></trkpt>
      <trkpt lat="50.7679460" lon="6.0103390"><time>2026-07-22T23:20:34.336Z</time></trkpt>
      <trkpt lat="50.7679710" lon="6.0101040"><time>2026-07-22T23:20:36.831Z</time></trkpt>
      <trkpt lat="50.7679550" lon="6.0100530"><time>2026-07-22T23:20:37.322Z</time></trkpt>
      <trkpt lat="50.7679760" lon="6.0093790"><time>2026-07-22T23:20:41.077Z</time></trkpt>
      <trkpt lat="50.7680280" lon="6.0088640"><time>2026-07-22T23:20:43.452Z</time></trkpt>
      <trkpt lat="50.7680730" lon="6.0087890"><time>2026-07-22T23:20:43.911Z</time></trkpt>
      <trkpt lat="50.7681140" lon="6.0086330"><time>2026-07-22T23:20:44.648Z</time></trkpt>
      <trkpt lat="50.7681220" lon="6.0085880"><time>2026-07-22T23:20:44.940Z</time></trkpt>
      <trkpt lat="50.7683020" lon="6.0078050"><time>2026-07-22T23:20:50.194Z</time></trkpt>
      <trkpt lat="50.7684030" lon="6.0075270"><time>2026-07-22T23:20:52.210Z</time></trkpt>
      <trkpt lat="50.7685350" lon="6.0072870"><time>2026-07-22T23:20:54.327Z</time></trkpt>
      <trkpt lat="50.7686430" lon="6.0071480"><time>2026-07-22T23:20:55.987Z</time></trkpt>
      <trkpt lat="50.7687800" lon="6.0070420"><time>2026-07-22T23:20:57.698Z</time></trkpt>
      <trkpt lat="50.7687680" lon="6.0070030"><time>2026-07-22T23:20:57.979Z</time></trkpt>
      <trkpt lat="50.7687610" lon="6.0069800"><time>2026-07-22T23:20:58.092Z</time></trkpt>
      <trkpt lat="50.7687550" lon="6.0069590"><time>2026-07-22T23:20:58.199Z</time></trkpt>
      <trkpt lat="50.7687770" lon="6.0068930"><time>2026-07-22T23:20:58.678Z</time></trkpt>
      <trkpt lat="50.7687730" lon="6.0068710"><time>2026-07-22T23:20:58.784Z</time></trkpt>
      <trkpt lat="50.7687670" lon="6.0068420"><time>2026-07-22T23:20:58.926Z</time></trkpt>
      <trkpt lat="50.7687570" lon="6.0067870"><time>2026-07-22T23:20:59.336Z</time></trkpt>
      <trkpt lat="50.7686320" lon="6.0068360"><time>2026-07-22T23:21:01.470Z</time></trkpt>
      <trkpt lat="50.7686030" lon="6.0068620"><time>2026-07-22T23:21:01.998Z</time></trkpt>
      <trkpt lat="50.7685410" lon="6.0067040"><time>2026-07-22T23:21:02.974Z</time></trkpt>
      <trkpt lat="50.7685140" lon="6.0065250"><time>2026-07-22T23:21:03.873Z</time></trkpt>
      <trkpt lat="50.7684990" lon="6.0064790"><time>2026-07-22T23:21:04.121Z</time></trkpt>
      <trkpt lat="50.7685370" lon="6.0062830"><time>2026-07-22T23:21:05.050Z</time></trkpt>
      <trkpt lat="50.7685470" lon="6.0062360"><time>2026-07-22T23:21:05.270Z</time></trkpt>
      <trkpt lat="50.7690180" lon="6.0041020"><time>2026-07-22T23:21:15.306Z</time></trkpt>
      <trkpt lat="50.7691100" lon="6.0035450"><time>2026-07-22T23:21:17.991Z</time></trkpt>
      <trkpt lat="50.7692180" lon="6.0026710"><time>2026-07-22T23:21:22.028Z</time></trkpt>
      <trkpt lat="50.7692480" lon="6.0020720"><time>2026-07-22T23:21:24.749Z</time></trkpt>
      <trkpt lat="50.7692210" lon="6.0016420"><time>2026-07-22T23:21:26.971Z</time></trkpt>
      <trkpt lat="50.7690430" lon="6.0001490"><time>2026-07-22T23:21:38.793Z</time></trkpt>
      <trkpt lat="50.7689430" lon="5.9993120"><time>2026-07-22T23:21:46.953Z</time></trkpt>
      <trkpt lat="50.7688870" lon="5.9988250"><time>2026-07-22T23:21:50.481Z</time></trkpt>
      <trkpt lat="50.7686970" lon="5.9972190"><time>2026-07-22T23:21:58.724Z</time></trkpt>
      <trkpt lat="50.7685760" lon="5.9962260"><time>2026-07-22T23:22:04.421Z</time></trkpt>
      <trkpt lat="50.7684880" lon="5.9954480"><time>2026-07-22T23:22:11.450Z</time></trkpt>
      <trkpt lat="50.7686280" lon="5.9954090"><time>2026-07-22T23:22:12.625Z</time></trkpt>
      <trkpt lat="50.7687860" lon="5.9953030"><time>2026-07-22T23:22:14.252Z</time></trkpt>
      <trkpt lat="50.7689580" lon="5.9950570"><time>2026-07-22T23:22:19.985Z</time></trkpt>
      <trkpt lat="50.7696460" lon="5.9932530"><time>2026-07-22T23:23:00.968Z</time></trkpt>
      <trkpt lat="50.7708540" lon="5.9908530"><time>2026-07-22T23:23:21.077Z</time></trkpt>
      <trkpt lat="50.7712740" lon="5.9898870"><time>2026-07-22T23:23:28.210Z</time></trkpt>
      <trkpt lat="50.7718580" lon="5.9883290"><time>2026-07-22T23:24:00.866Z</time></trkpt>
      <trkpt lat="50.7724060" lon="5.9867770"><time>2026-07-22T23:24:36.229Z</time></trkpt>
      <trkpt lat="50.7726710" lon="5.9859200"><time>2026-07-22T23:24:47.528Z</time></trkpt>
      <trkpt lat="50.7728280" lon="5.9855280"><time>2026-07-22T23:24:51.511Z</time></trkpt>
      <trkpt lat="50.7728570" lon="5.9854680"><time>2026-07-22T23:24:51.910Z</time></trkpt>
      <trkpt lat="50.7729220" lon="5.9855400"><time>2026-07-22T23:24:52.527Z</time></trkpt>
      <trkpt lat="50.7730980" lon="5.9859130"><time>2026-07-22T23:24:54.774Z</time></trkpt>
      <trkpt lat="50.7732280" lon="5.9860650"><time>2026-07-22T23:24:56.024Z</time></trkpt>
      <trkpt lat="50.7738390" lon="5.9864040"><time>2026-07-22T23:25:01.157Z</time></trkpt>
      <trkpt lat="50.7744090" lon="5.9864590"><time>2026-07-22T23:25:05.694Z</time></trkpt>
      <trkpt lat="50.7749480" lon="5.9865580"><time>2026-07-22T23:25:09.842Z</time></trkpt>
      <trkpt lat="50.7750710" lon="5.9865230"><time>2026-07-22T23:25:10.849Z</time></trkpt>
      <trkpt lat="50.7752390" lon="5.9863840"><time>2026-07-22T23:25:12.427Z</time></trkpt>
      <trkpt lat="50.7754190" lon="5.9860470"><time>2026-07-22T23:25:14.722Z</time></trkpt>
      <trkpt lat="50.7755330" lon="5.9858010"><time>2026-07-22T23:25:16.244Z</time></trkpt>
      <trkpt lat="50.7755980" lon="5.9857310"><time>2026-07-22T23:25:16.855Z</time></trkpt>
      <trkpt lat="50.7756810" lon="5.9856990"><time>2026-07-22T23:25:17.537Z</time></trkpt>
      <trkpt lat="50.7757870" lon="5.9857610"><time>2026-07-22T23:25:18.459Z</time></trkpt>
      <trkpt lat="50.7767080" lon="5.9867580"><time>2026-07-22T23:25:27.467Z</time></trkpt>
      <trkpt lat="50.7767790" lon="5.9868450"><time>2026-07-22T23:25:28.167Z</time></trkpt>
      <trkpt lat="50.7774310" lon="5.9876410"><time>2026-07-22T23:25:34.406Z</time></trkpt>
      <trkpt lat="50.7782100" lon="5.9887490"><time>2026-07-22T23:25:42.423Z</time></trkpt>
      <trkpt lat="50.7784880" lon="5.9890870"><time>2026-07-22T23:25:45.180Z</time></trkpt>
      <trkpt lat="50.7790300" lon="5.9897400"><time>2026-07-22T23:25:51.190Z</time></trkpt>
      <trkpt lat="50.7791780" lon="5.9898250"><time>2026-07-22T23:25:52.596Z</time></trkpt>
      <trkpt lat="50.7793210" lon="5.9898270"><time>2026-07-22T23:25:53.793Z</time></trkpt>
      <trkpt lat="50.7794260" lon="5.9897640"><time>2026-07-22T23:25:54.749Z</time></trkpt>
      <trkpt lat="50.7796700" lon="5.9894850"><time>2026-07-22T23:25:57.664Z</time></trkpt>
      <trkpt lat="50.7798200" lon="5.9894060"><time>2026-07-22T23:25:59.162Z</time></trkpt>
      <trkpt lat="50.7800450" lon="5.9894230"><time>2026-07-22T23:26:01.179Z</time></trkpt>
      <trkpt lat="50.7807240" lon="5.9898200"><time>2026-07-22T23:26:07.024Z</time></trkpt>
      <trkpt lat="50.7809530" lon="5.9899420"><time>2026-07-22T23:26:08.900Z</time></trkpt>
      <trkpt lat="50.7812490" lon="5.9901140"><time>2026-07-22T23:26:11.420Z</time></trkpt>
      <trkpt lat="50.7819360" lon="5.9905940"><time>2026-07-22T23:26:17.613Z</time></trkpt>
      <trkpt lat="50.7820860" lon="5.9906590"><time>2026-07-22T23:26:18.914Z</time></trkpt>
      <trkpt lat="50.7825540" lon="5.9907680"><time>2026-07-22T23:26:22.789Z</time></trkpt>
      <trkpt lat="50.7831830" lon="5.9909090"><time>2026-07-22T23:26:29.261Z</time></trkpt>
      <trkpt lat="50.7832480" lon="5.9909240"><time>2026-07-22T23:26:29.996Z</time></trkpt>
      <trkpt lat="50.7839400" lon="5.9910730"><time>2026-07-22T23:26:36.972Z</time></trkpt>
      <trkpt lat="50.7841310" lon="5.9911170"><time>2026-07-22T23:26:38.836Z</time></trkpt>
      <trkpt lat="50.7848820" lon="5.9913240"><time>2026-07-22T23:26:45.275Z</time></trkpt>
      <trkpt lat="50.7853930" lon="5.9916550"><time>2026-07-22T23:26:50.218Z</time></trkpt>
      <trkpt lat="50.7859290" lon="5.9920260"><time>2026-07-22T23:26:55.624Z</time></trkpt>
      <trkpt lat="50.7860890" lon="5.9921450"><time>2026-07-22T23:26:57.777Z</time></trkpt>
      <trkpt lat="50.7861120" lon="5.9921710"><time>2026-07-22T23:26:58.126Z</time></trkpt>
      <trkpt lat="50.7861300" lon="5.9921950"><time>2026-07-22T23:26:58.322Z</time></trkpt>
      <trkpt lat="50.7862120" lon="5.9922430"><time>2026-07-22T23:26:59.055Z</time></trkpt>
      <trkpt lat="50.7862310" lon="5.9922700"><time>2026-07-22T23:26:59.270Z</time></trkpt>
      <trkpt lat="50.7862850" lon="5.9923440"><time>2026-07-22T23:27:00.119Z</time></trkpt>
      <trkpt lat="50.7865970" lon="5.9927610"><time>2026-07-22T23:27:05.001Z</time></trkpt>
      <trkpt lat="50.7868050" lon="5.9929730"><time>2026-07-22T23:27:07.816Z</time></trkpt>
      <trkpt lat="50.7870950" lon="5.9931750"><time>2026-07-22T23:27:11.277Z</time></trkpt>
      <trkpt lat="50.7871280" lon="5.9932000"><time>2026-07-22T23:27:11.728Z</time></trkpt>
      <trkpt lat="50.7871600" lon="5.9932630"><time>2026-07-22T23:27:12.389Z</time></trkpt>
      <trkpt lat="50.7871690" lon="5.9933600"><time>2026-07-22T23:27:13.305Z</time></trkpt>
      <trkpt lat="50.7871570" lon="5.9938670"><time>2026-07-22T23:27:17.870Z</time></trkpt>
      <trkpt lat="50.7868320" lon="5.9955900"><time>2026-07-22T23:27:31.793Z</time></trkpt>
      <trkpt lat="50.7868000" lon="5.9960290"><time>2026-07-22T23:27:34.674Z</time></trkpt>
      <trkpt lat="50.7868060" lon="5.9962260"><time>2026-07-22T23:27:35.960Z</time></trkpt>
      <trkpt lat="50.7868050" lon="5.9966800"><time>2026-07-22T23:27:39.250Z</time></trkpt>
      <trkpt lat="50.7867600" lon="5.9969380"><time>2026-07-22T23:27:41.288Z</time></trkpt>
      <trkpt lat="50.7867790" lon="5.9970570"><time>2026-07-22T23:27:41.944Z</time></trkpt>
      <trkpt lat="50.7867860" lon="5.9971180"><time>2026-07-22T23:27:42.439Z</time></trkpt>
      <trkpt lat="50.7868020" lon="5.9972570"><time>2026-07-22T23:27:43.273Z</time></trkpt>
      <trkpt lat="50.7868530" lon="5.9974170"><time>2026-07-22T23:27:44.538Z</time></trkpt>
      <trkpt lat="50.7871550" lon="5.9980620"><time>2026-07-22T23:27:51.614Z</time></trkpt>
      <trkpt lat="50.7872430" lon="5.9978940"><time>2026-07-22T23:27:53.130Z</time></trkpt>
      <trkpt lat="50.7874500" lon="5.9975560"><time>2026-07-22T23:27:57.931Z</time></trkpt>
      <trkpt lat="50.7877780" lon="5.9973320"><time>2026-07-22T23:28:09.574Z</time></trkpt>
      <trkpt lat="50.7878630" lon="5.9973530"><time>2026-07-22T23:28:12.606Z</time></trkpt>
      <trkpt lat="50.7881960" lon="5.9975930"><time>2026-07-22T23:28:26.932Z</time></trkpt>
      <trkpt lat="50.7882960" lon="5.9976040"><time>2026-07-22T23:28:29.213Z</time></trkpt>
      <trkpt lat="50.7883580" lon="5.9975160"><time>2026-07-22T23:28:29.986Z</time></trkpt>
      <trkpt lat="50.7885430" lon="5.9964580"><time>2026-07-22T23:28:35.135Z</time></trkpt>
      <trkpt lat="50.7885870" lon="5.9963730"><time>2026-07-22T23:28:35.659Z</time></trkpt>
      <trkpt lat="50.7886490" lon="5.9963140"><time>2026-07-22T23:28:36.223Z</time></trkpt>
      <trkpt lat="50.7887710" lon="5.9962730"><time>2026-07-22T23:28:37.249Z</time></trkpt>
      <trkpt lat="50.7892200" lon="5.9962570"><time>2026-07-22T23:28:41.588Z</time></trkpt>
      <trkpt lat="50.7895360" lon="5.9962470"><time>2026-07-22T23:28:44.427Z</time></trkpt>
      <trkpt lat="50.7902600" lon="5.9962060"><time>2026-07-22T23:28:52.747Z</time></trkpt>
      <trkpt lat="50.7907620" lon="5.9955800"><time>2026-07-22T23:28:58.394Z</time></trkpt>
      <trkpt lat="50.7909510" lon="5.9954820"><time>2026-07-22T23:29:01.527Z</time></trkpt>
      <trkpt lat="50.7917260" lon="5.9953610"><time>2026-07-22T23:29:28.774Z</time></trkpt>
      <trkpt lat="50.7923490" lon="5.9954300"><time>2026-07-22T23:29:55.142Z</time></trkpt>
      <trkpt lat="50.7924200" lon="5.9954130"><time>2026-07-22T23:29:57.892Z</time></trkpt>
      <trkpt lat="50.7925890" lon="5.9953600"><time>2026-07-22T23:30:04.423Z</time></trkpt>
      <trkpt lat="50.7928080" lon="5.9952950"><time>2026-07-22T23:30:13.699Z</time></trkpt>
      <trkpt lat="50.7941590" lon="5.9952730"><time>2026-07-22T23:31:06.511Z</time></trkpt>
      <trkpt lat="50.7950490" lon="5.9954150"><time>2026-07-22T23:31:56.563Z</time></trkpt>
      <trkpt lat="50.7952660" lon="5.9953320"><time>2026-07-22T23:32:04.885Z</time></trkpt>
      <trkpt lat="50.7953080" lon="5.9953030"><time>2026-07-22T23:32:06.258Z</time></trkpt>
      <trkpt lat="50.7955270" lon="5.9951480"><time>2026-07-22T23:32:14.697Z</time></trkpt>
      <trkpt lat="50.7956350" lon="5.9950710"><time>2026-07-22T23:32:22.279Z</time></trkpt>
      <trkpt lat="50.7957730" lon="5.9950480"><time>2026-07-22T23:32:31.840Z</time></trkpt>
      <trkpt lat="50.7958700" lon="5.9950620"><time>2026-07-22T23:32:36.988Z</time></trkpt>
      <trkpt lat="50.7966080" lon="5.9954030"><time>2026-07-22T23:33:01.478Z</time></trkpt>
      <trkpt lat="50.7972120" lon="5.9958920"><time>2026-07-22T23:33:16.479Z</time></trkpt>
      <trkpt lat="50.7974250" lon="5.9961180"><time>2026-07-22T23:33:22.435Z</time></trkpt>
      <trkpt lat="50.7974870" lon="5.9962440"><time>2026-07-22T23:33:25.084Z</time></trkpt>
      <trkpt lat="50.7976810" lon="5.9968720"><time>2026-07-22T23:33:35.512Z</time></trkpt>
      <trkpt lat="50.7980470" lon="5.9963180"><time>2026-07-22T23:33:39.159Z</time></trkpt>
      <trkpt lat="50.7981400" lon="5.9962190"><time>2026-07-22T23:33:39.984Z</time></trkpt>
      <trkpt lat="50.7983010" lon="5.9961150"><time>2026-07-22T23:33:41.305Z</time></trkpt>
      <trkpt lat="50.7984360" lon="5.9960980"><time>2026-07-22T23:33:42.545Z</time></trkpt>
      <trkpt lat="50.7985080" lon="5.9961040"><time>2026-07-22T23:33:43.548Z</time></trkpt>
      <trkpt lat="50.7987640" lon="5.9961280"><time>2026-07-22T23:33:47.520Z</time></trkpt>
      <trkpt lat="50.7987400" lon="5.9960150"><time>2026-07-22T23:33:48.163Z</time></trkpt>
      <trkpt lat="50.7984370" lon="5.9955870"><time>2026-07-22T23:33:51.230Z</time></trkpt>
      <trkpt lat="50.7981950" lon="5.9953090"><time>2026-07-22T23:33:53.944Z</time></trkpt>
      <trkpt lat="50.7980910" lon="5.9951740"><time>2026-07-22T23:33:54.958Z</time></trkpt>
      <trkpt lat="50.7980160" lon="5.9950070"><time>2026-07-22T23:33:55.898Z</time></trkpt>
      <trkpt lat="50.7978090" lon="5.9943830"><time>2026-07-22T23:33:59.039Z</time></trkpt>
      <trkpt lat="50.7975450" lon="5.9937260"><time>2026-07-22T23:34:02.482Z</time></trkpt>
      <trkpt lat="50.7971540" lon="5.9926360"><time>2026-07-22T23:34:07.993Z</time></trkpt>
      <trkpt lat="50.7967910" lon="5.9915230"><time>2026-07-22T23:34:13.366Z</time></trkpt>
      <trkpt lat="50.7967350" lon="5.9913330"><time>2026-07-22T23:34:14.312Z</time></trkpt>
      <trkpt lat="50.7965470" lon="5.9909870"><time>2026-07-22T23:34:16.347Z</time></trkpt>
      <trkpt lat="50.7964240" lon="5.9907790"><time>2026-07-22T23:34:17.654Z</time></trkpt>
      <trkpt lat="50.7962920" lon="5.9901930"><time>2026-07-22T23:34:20.908Z</time></trkpt>
      <trkpt lat="50.7962260" lon="5.9891020"><time>2026-07-22T23:34:27.516Z</time></trkpt>
      <trkpt lat="50.7961960" lon="5.9877020"><time>2026-07-22T23:34:35.833Z</time></trkpt>
      <trkpt lat="50.7961350" lon="5.9868790"><time>2026-07-22T23:34:40.397Z</time></trkpt>
      <trkpt lat="50.7961690" lon="5.9862940"><time>2026-07-22T23:34:43.611Z</time></trkpt>
      <trkpt lat="50.7963720" lon="5.9852070"><time>2026-07-22T23:34:49.716Z</time></trkpt>
      <trkpt lat="50.7979630" lon="5.9779420"><time>2026-07-22T23:35:26.217Z</time></trkpt>
      <trkpt lat="50.7980180" lon="5.9775210"><time>2026-07-22T23:35:28.197Z</time></trkpt>
      <trkpt lat="50.7980250" lon="5.9767940"><time>2026-07-22T23:35:31.596Z</time></trkpt>
      <trkpt lat="50.7980460" lon="5.9752360"><time>2026-07-22T23:35:40.596Z</time></trkpt>
      <trkpt lat="50.7980650" lon="5.9750910"><time>2026-07-22T23:35:41.461Z</time></trkpt>
      <trkpt lat="50.7982370" lon="5.9750370"><time>2026-07-22T23:35:43.123Z</time></trkpt>
      <trkpt lat="50.7981520" lon="5.9749360"><time>2026-07-22T23:35:46.323Z</time></trkpt>
      <trkpt lat="50.7980610" lon="5.9743440"><time>2026-07-22T23:36:12.222Z</time></trkpt>
      <trkpt lat="50.7980160" lon="5.9742870"><time>2026-07-22T23:36:13.523Z</time></trkpt>
      <trkpt lat="50.7980140" lon="5.9742840"><time>2026-07-22T23:36:13.623Z</time></trkpt>
      <trkpt lat="50.7979310" lon="5.9741930"><time>2026-07-22T23:36:16.233Z</time></trkpt>
      <trkpt lat="50.7978300" lon="5.9740190"><time>2026-07-22T23:36:21.818Z</time></trkpt>
      <trkpt lat="50.7976740" lon="5.9736640"><time>2026-07-22T23:36:32.516Z</time></trkpt>
      <trkpt lat="50.7975330" lon="5.9733610"><time>2026-07-22T23:36:38.597Z</time></trkpt>
      <trkpt lat="50.7975700" lon="5.9731100"><time>2026-07-22T23:36:42.253Z</time></trkpt>
      <trkpt lat="50.7976680" lon="5.9729010"><time>2026-07-22T23:36:46.222Z</time></trkpt>
      <trkpt lat="50.7976540" lon="5.9727560"><time>2026-07-22T23:36:48.635Z</time></trkpt>
      <trkpt lat="50.7976200" lon="5.9726930"><time>2026-07-22T23:36:50.211Z</time></trkpt>
      <trkpt lat="50.7976160" lon="5.9726850"><time>2026-07-22T23:36:50.383Z</time></trkpt>
      <trkpt lat="50.7976110" lon="5.9726730"><time>2026-07-22T23:36:50.657Z</time></trkpt>
      <trkpt lat="50.7975370" lon="5.9727910"><time>2026-07-22T23:36:53.703Z</time></trkpt>
      <trkpt lat="50.7974880" lon="5.9726810"><time>2026-07-22T23:36:56.712Z</time></trkpt>
      <trkpt lat="50.7974780" lon="5.9726590"><time>2026-07-22T23:36:57.388Z</time></trkpt>
      <trkpt lat="50.7974700" lon="5.9726410"><time>2026-07-22T23:36:57.949Z</time></trkpt>
      <trkpt lat="50.7974550" lon="5.9726070"><time>2026-07-22T23:36:58.985Z</time></trkpt>
      <trkpt lat="50.7974460" lon="5.9725860"><time>2026-07-22T23:36:59.588Z</time></trkpt>
      <trkpt lat="50.7974360" lon="5.9725630"><time>2026-07-22T23:37:00.250Z</time></trkpt>
      <trkpt lat="50.7974210" lon="5.9725270"><time>2026-07-22T23:37:01.283Z</time></trkpt>
      <trkpt lat="50.7973180" lon="5.9725930"><time>2026-07-22T23:37:04.829Z</time></trkpt>
      <trkpt lat="50.7970470" lon="5.9724880"><time>2026-07-22T23:37:11.255Z</time></trkpt>
      <trkpt lat="50.7970090" lon="5.9725170"><time>2026-07-22T23:37:11.774Z</time></trkpt>
      <trkpt lat="50.7969970" lon="5.9725420"><time>2026-07-22T23:37:11.996Z</time></trkpt>
      <trkpt lat="50.7969870" lon="5.9725620"><time>2026-07-22T23:37:12.176Z</time></trkpt>
      <trkpt lat="50.7969700" lon="5.9725960"><time>2026-07-22T23:37:12.466Z</time></trkpt>
      <trkpt lat="50.7969590" lon="5.9726190"><time>2026-07-22T23:37:12.667Z</time></trkpt>
      <trkpt lat="50.7969460" lon="5.9726450"><time>2026-07-22T23:37:12.893Z</time></trkpt>
      <trkpt lat="50.7969110" lon="5.9727220"><time>2026-07-22T23:37:13.613Z</time></trkpt>
      <trkpt lat="50.7969010" lon="5.9727110"><time>2026-07-22T23:37:13.782Z</time></trkpt>
      <trkpt lat="50.7966010" lon="5.9723240"><time>2026-07-22T23:37:23.642Z</time></trkpt>
      <trkpt lat="50.7962560" lon="5.9719150"><time>2026-07-22T23:37:32.877Z</time></trkpt>
      <trkpt lat="50.7960030" lon="5.9715390"><time>2026-07-22T23:37:41.743Z</time></trkpt>
      <trkpt lat="50.7959330" lon="5.9713910"><time>2026-07-22T23:37:44.975Z</time></trkpt>
      <trkpt lat="50.7958370" lon="5.9710560"><time>2026-07-22T23:37:51.544Z</time></trkpt>
      <trkpt lat="50.7956910" lon="5.9702140"><time>2026-07-22T23:38:07.148Z</time></trkpt>
      <trkpt lat="50.7956050" lon="5.9699430"><time>2026-07-22T23:38:12.567Z</time></trkpt>
      <trkpt lat="50.7954430" lon="5.9695830"><time>2026-07-22T23:38:19.866Z</time></trkpt>
      <trkpt lat="50.7940980" lon="5.9675930"><time>2026-07-22T23:39:05.541Z</time></trkpt>
      <trkpt lat="50.7932480" lon="5.9664860"><time>2026-07-22T23:39:33.169Z</time></trkpt>
      <trkpt lat="50.7928710" lon="5.9659160"><time>2026-07-22T23:39:48.613Z</time></trkpt>
      <trkpt lat="50.7923940" lon="5.9650560"><time>2026-07-22T23:40:13.006Z</time></trkpt>
      <trkpt lat="50.7922060" lon="5.9646420"><time>2026-07-22T23:40:24.171Z</time></trkpt>
      <trkpt lat="50.7921790" lon="5.9645280"><time>2026-07-22T23:40:27.131Z</time></trkpt>
      <trkpt lat="50.7921810" lon="5.9643780"><time>2026-07-22T23:40:30.699Z</time></trkpt>
      <trkpt lat="50.7920380" lon="5.9639310"><time>2026-07-22T23:40:40.956Z</time></trkpt>
      <trkpt lat="50.7918780" lon="5.9635160"><time>2026-07-22T23:40:51.113Z</time></trkpt>
      <trkpt lat="50.7914140" lon="5.9627010"><time>2026-07-22T23:41:03.644Z</time></trkpt>
      <trkpt lat="50.7913230" lon="5.9625520"><time>2026-07-22T23:41:04.858Z</time></trkpt>
      <trkpt lat="50.7913640" lon="5.9624860"><time>2026-07-22T23:41:05.358Z</time></trkpt>
      <trkpt lat="50.7914640" lon="5.9623440"><time>2026-07-22T23:41:06.519Z</time></trkpt>
      <trkpt lat="50.7920840" lon="5.9616280"><time>2026-07-22T23:41:12.815Z</time></trkpt>
      <trkpt lat="50.7922030" lon="5.9614900"><time>2026-07-22T23:41:13.905Z</time></trkpt>
      <trkpt lat="50.7923680" lon="5.9612960"><time>2026-07-22T23:41:15.473Z</time></trkpt>
      <trkpt lat="50.7932420" lon="5.9602210"><time>2026-07-22T23:41:30.282Z</time></trkpt>
      <trkpt lat="50.7934620" lon="5.9599500"><time>2026-07-22T23:41:32.437Z</time></trkpt>
      <trkpt lat="50.7938440" lon="5.9594810"><time>2026-07-22T23:41:35.921Z</time></trkpt>
      <trkpt lat="50.7944300" lon="5.9587430"><time>2026-07-22T23:41:41.905Z</time></trkpt>
      <trkpt lat="50.7945930" lon="5.9585110"><time>2026-07-22T23:41:45.374Z</time></trkpt>
      <trkpt lat="50.7949580" lon="5.9578510"><time>2026-07-22T23:41:58.893Z</time></trkpt>
      <trkpt lat="50.7956260" lon="5.9565770"><time>2026-07-22T23:42:14.051Z</time></trkpt>
      <trkpt lat="50.7958780" lon="5.9561370"><time>2026-07-22T23:42:20.002Z</time></trkpt>
      <trkpt lat="50.7963290" lon="5.9554520"><time>2026-07-22T23:42:31.716Z</time></trkpt>
      <trkpt lat="50.7964830" lon="5.9552250"><time>2026-07-22T23:42:35.694Z</time></trkpt>
      <trkpt lat="50.7965300" lon="5.9551560"><time>2026-07-22T23:42:36.796Z</time></trkpt>
      <trkpt lat="50.7969560" lon="5.9544420"><time>2026-07-22T23:42:44.328Z</time></trkpt>
      <trkpt lat="50.7971160" lon="5.9541140"><time>2026-07-22T23:42:46.833Z</time></trkpt>
      <trkpt lat="50.7972840" lon="5.9536890"><time>2026-07-22T23:42:49.579Z</time></trkpt>
      <trkpt lat="50.7973740" lon="5.9534280"><time>2026-07-22T23:42:51.389Z</time></trkpt>
      <trkpt lat="50.7974390" lon="5.9532230"><time>2026-07-22T23:42:53.250Z</time></trkpt>
      <trkpt lat="50.7975710" lon="5.9527230"><time>2026-07-22T23:42:58.948Z</time></trkpt>
      <trkpt lat="50.7976830" lon="5.9521400"><time>2026-07-22T23:43:05.080Z</time></trkpt>
      <trkpt lat="50.7979250" lon="5.9504880"><time>2026-07-22T23:43:14.400Z</time></trkpt>
      <trkpt lat="50.7982650" lon="5.9487390"><time>2026-07-22T23:43:23.487Z</time></trkpt>
      <trkpt lat="50.7984670" lon="5.9472780"><time>2026-07-22T23:43:30.600Z</time></trkpt>
      <trkpt lat="50.7985610" lon="5.9461330"><time>2026-07-22T23:43:35.944Z</time></trkpt>
      <trkpt lat="50.7985990" lon="5.9456380"><time>2026-07-22T23:43:38.219Z</time></trkpt>
      <trkpt lat="50.7986170" lon="5.9454800"><time>2026-07-22T23:43:38.954Z</time></trkpt>
      <trkpt lat="50.7989610" lon="5.9437800"><time>2026-07-22T23:43:47.147Z</time></trkpt>
      <trkpt lat="50.7989990" lon="5.9434160"><time>2026-07-22T23:43:48.860Z</time></trkpt>
      <trkpt lat="50.7989880" lon="5.9430330"><time>2026-07-22T23:43:50.821Z</time></trkpt>
      <trkpt lat="50.7989350" lon="5.9426380"><time>2026-07-22T23:43:52.820Z</time></trkpt>
      <trkpt lat="50.7988820" lon="5.9423220"><time>2026-07-22T23:43:54.392Z</time></trkpt>
      <trkpt lat="50.7987480" lon="5.9414710"><time>2026-07-22T23:43:58.628Z</time></trkpt>
      <trkpt lat="50.7987070" lon="5.9410070"><time>2026-07-22T23:44:00.868Z</time></trkpt>
      <trkpt lat="50.7986910" lon="5.9404180"><time>2026-07-22T23:44:03.695Z</time></trkpt>
      <trkpt lat="50.7987130" lon="5.9398840"><time>2026-07-22T23:44:06.470Z</time></trkpt>
      <trkpt lat="50.7988160" lon="5.9386680"><time>2026-07-22T23:44:12.508Z</time></trkpt>
      <trkpt lat="50.7988090" lon="5.9381190"><time>2026-07-22T23:44:15.162Z</time></trkpt>
      <trkpt lat="50.7986450" lon="5.9367780"><time>2026-07-22T23:44:22.381Z</time></trkpt>
      <trkpt lat="50.7986310" lon="5.9366780"><time>2026-07-22T23:44:23.015Z</time></trkpt>
      <trkpt lat="50.7986130" lon="5.9363880"><time>2026-07-22T23:44:24.968Z</time></trkpt>
      <trkpt lat="50.7985570" lon="5.9361790"><time>2026-07-22T23:44:26.319Z</time></trkpt>
      <trkpt lat="50.7984050" lon="5.9354230"><time>2026-07-22T23:44:31.193Z</time></trkpt>
      <trkpt lat="50.7979170" lon="5.9334510"><time>2026-07-22T23:44:43.355Z</time></trkpt>
      <trkpt lat="50.7977860" lon="5.9326390"><time>2026-07-22T23:44:47.927Z</time></trkpt>
      <trkpt lat="50.7977220" lon="5.9319820"><time>2026-07-22T23:44:51.580Z</time></trkpt>
      <trkpt lat="50.7976430" lon="5.9312140"><time>2026-07-22T23:44:55.527Z</time></trkpt>
      <trkpt lat="50.7975120" lon="5.9302790"><time>2026-07-22T23:45:00.479Z</time></trkpt>
      <trkpt lat="50.7975020" lon="5.9302170"><time>2026-07-22T23:45:00.839Z</time></trkpt>
      <trkpt lat="50.7974640" lon="5.9299910"><time>2026-07-22T23:45:02.236Z</time></trkpt>
      <trkpt lat="50.7974370" lon="5.9298290"><time>2026-07-22T23:45:03.271Z</time></trkpt>
      <trkpt lat="50.7974280" lon="5.9297770"><time>2026-07-22T23:45:03.606Z</time></trkpt>
      <trkpt lat="50.7974120" lon="5.9296880"><time>2026-07-22T23:45:04.194Z</time></trkpt>
      <trkpt lat="50.7974030" lon="5.9296440"><time>2026-07-22T23:45:04.494Z</time></trkpt>
      <trkpt lat="50.7974130" lon="5.9295500"><time>2026-07-22T23:45:05.122Z</time></trkpt>
      <trkpt lat="50.7973910" lon="5.9294360"><time>2026-07-22T23:45:05.914Z</time></trkpt>
      <trkpt lat="50.7973480" lon="5.9293680"><time>2026-07-22T23:45:06.547Z</time></trkpt>
      <trkpt lat="50.7972880" lon="5.9290730"><time>2026-07-22T23:45:08.421Z</time></trkpt>
      <trkpt lat="50.7972240" lon="5.9287550"><time>2026-07-22T23:45:10.111Z</time></trkpt>
      <trkpt lat="50.7971680" lon="5.9284840"><time>2026-07-22T23:45:11.475Z</time></trkpt>
      <trkpt lat="50.7971560" lon="5.9284330"><time>2026-07-22T23:45:11.738Z</time></trkpt>
      <trkpt lat="50.7969800" lon="5.9275610"><time>2026-07-22T23:45:16.372Z</time></trkpt>
      <trkpt lat="50.7969750" lon="5.9275300"><time>2026-07-22T23:45:16.528Z</time></trkpt>
      <trkpt lat="50.7969630" lon="5.9273840"><time>2026-07-22T23:45:17.243Z</time></trkpt>
      <trkpt lat="50.7969840" lon="5.9272150"><time>2026-07-22T23:45:18.138Z</time></trkpt>
      <trkpt lat="50.7970960" lon="5.9272610"><time>2026-07-22T23:45:19.560Z</time></trkpt>
      <trkpt lat="50.7971860" lon="5.9272990"><time>2026-07-22T23:45:21.304Z</time></trkpt>
      <trkpt lat="50.7977700" lon="5.9277650"><time>2026-07-22T23:45:35.665Z</time></trkpt>
      <trkpt lat="50.7980970" lon="5.9279290"><time>2026-07-22T23:45:42.588Z</time></trkpt>
      <trkpt lat="50.7983110" lon="5.9279890"><time>2026-07-22T23:45:46.827Z</time></trkpt>
      <trkpt lat="50.7991060" lon="5.9281090"><time>2026-07-22T23:46:01.315Z</time></trkpt>
      <trkpt lat="50.7993770" lon="5.9282050"><time>2026-07-22T23:46:06.680Z</time></trkpt>
      <trkpt lat="50.7996640" lon="5.9283090"><time>2026-07-22T23:46:13.252Z</time></trkpt>
      <trkpt lat="50.7999630" lon="5.9283540"><time>2026-07-22T23:46:18.869Z</time></trkpt>
      <trkpt lat="50.7999980" lon="5.9283530"><time>2026-07-22T23:46:19.432Z</time></trkpt>
      <trkpt lat="50.8001740" lon="5.9283510"><time>2026-07-22T23:46:22.115Z</time></trkpt>
      <trkpt lat="50.8002850" lon="5.9283910"><time>2026-07-22T23:46:24.533Z</time></trkpt>
      <trkpt lat="50.8004760" lon="5.9285030"><time>2026-07-22T23:46:29.246Z</time></trkpt>
      <trkpt lat="50.8005940" lon="5.9287730"><time>2026-07-22T23:46:34.502Z</time></trkpt>
      <trkpt lat="50.8007040" lon="5.9288540"><time>2026-07-22T23:46:37.249Z</time></trkpt>
      <trkpt lat="50.8009080" lon="5.9289900"><time>2026-07-22T23:46:40.618Z</time></trkpt>
      <trkpt lat="50.8009730" lon="5.9290540"><time>2026-07-22T23:46:41.668Z</time></trkpt>
      <trkpt lat="50.8011810" lon="5.9291960"><time>2026-07-22T23:46:44.508Z</time></trkpt>
      <trkpt lat="50.8012370" lon="5.9291870"><time>2026-07-22T23:46:45.274Z</time></trkpt>
      <trkpt lat="50.8013540" lon="5.9292770"><time>2026-07-22T23:46:46.779Z</time></trkpt>
      <trkpt lat="50.8024440" lon="5.9302030"><time>2026-07-22T23:46:58.212Z</time></trkpt>
      <trkpt lat="50.8032050" lon="5.9309170"><time>2026-07-22T23:47:08.956Z</time></trkpt>
      <trkpt lat="50.8039030" lon="5.9317170"><time>2026-07-22T23:47:26.733Z</time></trkpt>
      <trkpt lat="50.8043770" lon="5.9321050"><time>2026-07-22T23:47:37.381Z</time></trkpt>
      <trkpt lat="50.8046870" lon="5.9323720"><time>2026-07-22T23:47:43.563Z</time></trkpt>
      <trkpt lat="50.8048800" lon="5.9326490"><time>2026-07-22T23:47:48.170Z</time></trkpt>
      <trkpt lat="50.8051120" lon="5.9331310"><time>2026-07-22T23:47:55.284Z</time></trkpt>
      <trkpt lat="50.8053280" lon="5.9337540"><time>2026-07-22T23:48:04.498Z</time></trkpt>
      <trkpt lat="50.8054200" lon="5.9338770"><time>2026-07-22T23:48:07.168Z</time></trkpt>
      <trkpt lat="50.8055160" lon="5.9339470"><time>2026-07-22T23:48:09.405Z</time></trkpt>
      <trkpt lat="50.8062000" lon="5.9340590"><time>2026-07-22T23:48:17.819Z</time></trkpt>
      <trkpt lat="50.8066350" lon="5.9342180"><time>2026-07-22T23:48:21.529Z</time></trkpt>
      <trkpt lat="50.8069300" lon="5.9344570"><time>2026-07-22T23:48:24.136Z</time></trkpt>
      <trkpt lat="50.8074360" lon="5.9350190"><time>2026-07-22T23:48:28.997Z</time></trkpt>
      <trkpt lat="50.8078330" lon="5.9353480"><time>2026-07-22T23:48:32.415Z</time></trkpt>
      <trkpt lat="50.8079560" lon="5.9354840"><time>2026-07-22T23:48:33.557Z</time></trkpt>
      <trkpt lat="50.8082880" lon="5.9359670"><time>2026-07-22T23:48:37.172Z</time></trkpt>
      <trkpt lat="50.8086040" lon="5.9362970"><time>2026-07-22T23:48:41.111Z</time></trkpt>
      <trkpt lat="50.8092160" lon="5.9369020"><time>2026-07-22T23:48:46.751Z</time></trkpt>
      <trkpt lat="50.8093070" lon="5.9369590"><time>2026-07-22T23:48:47.573Z</time></trkpt>
      <trkpt lat="50.8093680" lon="5.9369790"><time>2026-07-22T23:48:48.157Z</time></trkpt>
      <trkpt lat="50.8094460" lon="5.9369970"><time>2026-07-22T23:48:48.935Z</time></trkpt>
      <trkpt lat="50.8094900" lon="5.9370040"><time>2026-07-22T23:48:49.375Z</time></trkpt>
      <trkpt lat="50.8095470" lon="5.9370120"><time>2026-07-22T23:48:49.896Z</time></trkpt>
      <trkpt lat="50.8095800" lon="5.9370190"><time>2026-07-22T23:48:50.186Z</time></trkpt>
      <trkpt lat="50.8096650" lon="5.9370300"><time>2026-07-22T23:48:50.866Z</time></trkpt>
      <trkpt lat="50.8100500" lon="5.9371270"><time>2026-07-22T23:48:53.842Z</time></trkpt>
      <trkpt lat="50.8100250" lon="5.9372210"><time>2026-07-22T23:48:54.795Z</time></trkpt>
      <trkpt lat="50.8100170" lon="5.9374060"><time>2026-07-22T23:48:57.347Z</time></trkpt>
      <trkpt lat="50.8100300" lon="5.9377370"><time>2026-07-22T23:49:01.939Z</time></trkpt>
      <trkpt lat="50.8100180" lon="5.9396990"><time>2026-07-22T23:49:24.180Z</time></trkpt>
      <trkpt lat="50.8106000" lon="5.9396010"><time>2026-07-22T23:49:28.611Z</time></trkpt>
      <trkpt lat="50.8107200" lon="5.9400200"><time>2026-07-22T23:49:30.819Z</time></trkpt>
      <trkpt lat="50.8108660" lon="5.9402170"><time>2026-07-22T23:49:32.218Z</time></trkpt>
      <trkpt lat="50.8110000" lon="5.9402430"><time>2026-07-22T23:49:33.210Z</time></trkpt>
      <trkpt lat="50.8113890" lon="5.9401580"><time>2026-07-22T23:49:36.319Z</time></trkpt>
      <trkpt lat="50.8114590" lon="5.9401490"><time>2026-07-22T23:49:36.951Z</time></trkpt>
      <trkpt lat="50.8115350" lon="5.9401390"><time>2026-07-22T23:49:37.665Z</time></trkpt>
      <trkpt lat="50.8115510" lon="5.9401380"><time>2026-07-22T23:49:37.813Z</time></trkpt>
      <trkpt lat="50.8115970" lon="5.9401360"><time>2026-07-22T23:49:38.216Z</time></trkpt>
      <trkpt lat="50.8118020" lon="5.9401320"><time>2026-07-22T23:49:40.079Z</time></trkpt>
      <trkpt lat="50.8127600" lon="5.9401930"><time>2026-07-22T23:50:00.700Z</time></trkpt>
      <trkpt lat="50.8131760" lon="5.9405000"><time>2026-07-22T23:50:15.624Z</time></trkpt>
      <trkpt lat="50.8136340" lon="5.9406180"><time>2026-07-22T23:50:32.119Z</time></trkpt>
      <trkpt lat="50.8138680" lon="5.9406620"><time>2026-07-22T23:50:48.074Z</time></trkpt>
      <trkpt lat="50.8141090" lon="5.9408580"><time>2026-07-22T23:51:07.805Z</time></trkpt>
      <trkpt lat="50.8146860" lon="5.9411660"><time>2026-07-22T23:51:46.760Z</time></trkpt>
      <trkpt lat="50.8149330" lon="5.9413110"><time>2026-07-22T23:52:04.034Z</time></trkpt>
      <trkpt lat="50.8151220" lon="5.9414540"><time>2026-07-22T23:52:14.127Z</time></trkpt>
      <trkpt lat="50.8157030" lon="5.9420170"><time>2026-07-22T23:52:50.014Z</time></trkpt>
      <trkpt lat="50.8158200" lon="5.9422260"><time>2026-07-22T23:52:58.954Z</time></trkpt>
      <trkpt lat="50.8160050" lon="5.9426710"><time>2026-07-22T23:53:14.161Z</time></trkpt>
      <trkpt lat="50.8162360" lon="5.9429350"><time>2026-07-22T23:53:24.622Z</time></trkpt>
      <trkpt lat="50.8163870" lon="5.9430140"><time>2026-07-22T23:53:29.227Z</time></trkpt>
      <trkpt lat="50.8172880" lon="5.9431840"><time>2026-07-22T23:53:45.700Z</time></trkpt>
      <trkpt lat="50.8175500" lon="5.9433510"><time>2026-07-22T23:53:53.340Z</time></trkpt>
      <trkpt lat="50.8176600" lon="5.9432610"><time>2026-07-22T23:53:56.241Z</time></trkpt>
      <trkpt lat="50.8185940" lon="5.9422090"><time>2026-07-22T23:54:13.562Z</time></trkpt>
      <trkpt lat="50.8187560" lon="5.9419880"><time>2026-07-22T23:54:15.423Z</time></trkpt>
      <trkpt lat="50.8191130" lon="5.9413560"><time>2026-07-22T23:54:19.474Z</time></trkpt>
      <trkpt lat="50.8196130" lon="5.9407250"><time>2026-07-22T23:54:24.046Z</time></trkpt>
      <trkpt lat="50.8200050" lon="5.9402790"><time>2026-07-22T23:54:27.500Z</time></trkpt>
      <trkpt lat="50.8210000" lon="5.9393200"><time>2026-07-22T23:54:35.957Z</time></trkpt>
      <trkpt lat="50.8214080" lon="5.9385080"><time>2026-07-22T23:54:41.053Z</time></trkpt>
      <trkpt lat="50.8217610" lon="5.9376800"><time>2026-07-22T23:54:45.464Z</time></trkpt>
      <trkpt lat="50.8217940" lon="5.9376260"><time>2026-07-22T23:54:45.790Z</time></trkpt>
      <trkpt lat="50.8221620" lon="5.9375960"><time>2026-07-22T23:54:48.272Z</time></trkpt>
      <trkpt lat="50.8227140" lon="5.9370970"><time>2026-07-22T23:54:52.669Z</time></trkpt>
      <trkpt lat="50.8228930" lon="5.9369440"><time>2026-07-22T23:54:54.091Z</time></trkpt>
      <trkpt lat="50.8229150" lon="5.9369300"><time>2026-07-22T23:54:54.252Z</time></trkpt>
      <trkpt lat="50.8231050" lon="5.9368350"><time>2026-07-22T23:54:55.593Z</time></trkpt>
      <trkpt lat="50.8233280" lon="5.9367990"><time>2026-07-22T23:54:57.140Z</time></trkpt>
      <trkpt lat="50.8235190" lon="5.9368660"><time>2026-07-22T23:54:58.585Z</time></trkpt>
      <trkpt lat="50.8236590" lon="5.9370170"><time>2026-07-22T23:54:59.877Z</time></trkpt>
      <trkpt lat="50.8239110" lon="5.9371460"><time>2026-07-22T23:55:01.803Z</time></trkpt>
      <trkpt lat="50.8240850" lon="5.9371750"><time>2026-07-22T23:55:03.021Z</time></trkpt>
      <trkpt lat="50.8243150" lon="5.9371470"><time>2026-07-22T23:55:04.605Z</time></trkpt>
      <trkpt lat="50.8243260" lon="5.9370620"><time>2026-07-22T23:55:05.007Z</time></trkpt>
      <trkpt lat="50.8243450" lon="5.9362210"><time>2026-07-22T23:55:09.495Z</time></trkpt>
      <trkpt lat="50.8243230" lon="5.9360090"><time>2026-07-22T23:55:10.727Z</time></trkpt>
      <trkpt lat="50.8241710" lon="5.9352450"><time>2026-07-22T23:55:15.387Z</time></trkpt>
      <trkpt lat="50.8241730" lon="5.9351400"><time>2026-07-22T23:55:16.007Z</time></trkpt>
      <trkpt lat="50.8241860" lon="5.9350540"><time>2026-07-22T23:55:16.527Z</time></trkpt>
      <trkpt lat="50.8242460" lon="5.9349790"><time>2026-07-22T23:55:17.215Z</time></trkpt>
      <trkpt lat="50.8244570" lon="5.9347990"><time>2026-07-22T23:55:19.312Z</time></trkpt>
      <trkpt lat="50.8245150" lon="5.9347490"><time>2026-07-22T23:55:20.169Z</time></trkpt>
      <trkpt lat="50.8248280" lon="5.9345060"><time>2026-07-22T23:55:23.695Z</time></trkpt>
      <trkpt lat="50.8250370" lon="5.9344220"><time>2026-07-22T23:55:26.914Z</time></trkpt>
      <trkpt lat="50.8251300" lon="5.9344030"><time>2026-07-22T23:55:28.501Z</time></trkpt>
      <trkpt lat="50.8251330" lon="5.9344620"><time>2026-07-22T23:55:29.161Z</time></trkpt>
      <trkpt lat="50.8253150" lon="5.9344580"><time>2026-07-22T23:55:32.372Z</time></trkpt>
      <trkpt lat="50.8255150" lon="5.9344400"><time>2026-07-22T23:55:35.962Z</time></trkpt>
      <trkpt lat="50.8257540" lon="5.9344170"><time>2026-07-22T23:55:42.053Z</time></trkpt>
      <trkpt lat="50.8257860" lon="5.9344260"><time>2026-07-22T23:55:43.083Z</time></trkpt>
      <trkpt lat="50.8259460" lon="5.9344700"><time>2026-07-22T23:55:49.023Z</time></trkpt>
      <trkpt lat="50.8261420" lon="5.9345390"><time>2026-07-22T23:55:57.104Z</time></trkpt>
      <trkpt lat="50.8261750" lon="5.9345500"><time>2026-07-22T23:55:58.402Z</time></trkpt>
      <trkpt lat="50.8267930" lon="5.9347440"><time>2026-07-22T23:56:21.293Z</time></trkpt>
      <trkpt lat="50.8276880" lon="5.9347700"><time>2026-07-22T23:56:45.089Z</time></trkpt>
      <trkpt lat="50.8280280" lon="5.9347380"><time>2026-07-22T23:56:54.936Z</time></trkpt>
      <trkpt lat="50.8285640" lon="5.9346770"><time>2026-07-22T23:57:06.307Z</time></trkpt>
      <trkpt lat="50.8295820" lon="5.9342280"><time>2026-07-22T23:57:33.714Z</time></trkpt>
      <trkpt lat="50.8298310" lon="5.9341960"><time>2026-07-22T23:57:42.743Z</time></trkpt>
      <trkpt lat="50.8300830" lon="5.9342390"><time>2026-07-22T23:57:52.946Z</time></trkpt>
      <trkpt lat="50.8303960" lon="5.9343690"><time>2026-07-22T23:58:06.805Z</time></trkpt>
      <trkpt lat="50.8305780" lon="5.9344970"><time>2026-07-22T23:58:14.800Z</time></trkpt>
      <trkpt lat="50.8308440" lon="5.9347500"><time>2026-07-22T23:58:26.408Z</time></trkpt>
      <trkpt lat="50.8312430" lon="5.9352190"><time>2026-07-22T23:58:45.731Z</time></trkpt>
      <trkpt lat="50.8314530" lon="5.9355540"><time>2026-07-22T23:58:56.171Z</time></trkpt>
      <trkpt lat="50.8318120" lon="5.9362360"><time>2026-07-22T23:59:15.375Z</time></trkpt>
      <trkpt lat="50.8320650" lon="5.9367910"><time>2026-07-22T23:59:24.622Z</time></trkpt>
      <trkpt lat="50.8324230" lon="5.9379820"><time>2026-07-22T23:59:42.864Z</time></trkpt>
      <trkpt lat="50.8326350" lon="5.9385600"><time>2026-07-22T23:59:52.377Z</time></trkpt>
      <trkpt lat="50.8327570" lon="5.9387730"><time>2026-07-22T23:59:56.017Z</time></trkpt>
      <trkpt lat="50.8329310" lon="5.9389990"><time>2026-07-22T23:59:59.815Z</time></trkpt>
      <trkpt lat="50.8334620" lon="5.9394570"><time>2026-07-23T00:00:08.779Z</time></trkpt>
      <trkpt lat="50.8340600" lon="5.9400130"><time>2026-07-23T00:00:39.195Z</time></trkpt>
      <trkpt lat="50.8345980" lon="5.9404760"><time>2026-07-23T00:01:01.073Z</time></trkpt>
      <trkpt lat="50.8348980" lon="5.9407830"><time>2026-07-23T00:01:14.672Z</time></trkpt>
      <trkpt lat="50.8361160" lon="5.9429200"><time>2026-07-23T00:02:13.741Z</time></trkpt>
      <trkpt lat="50.8367400" lon="5.9438700"><time>2026-07-23T00:02:37.769Z</time></trkpt>
      <trkpt lat="50.8368700" lon="5.9442300"><time>2026-07-23T00:02:44.849Z</time></trkpt>
      <trkpt lat="50.8370600" lon="5.9450200"><time>2026-07-23T00:02:58.437Z</time></trkpt>
      <trkpt lat="50.8371600" lon="5.9453230"><time>2026-07-23T00:03:02.415Z</time></trkpt>
      <trkpt lat="50.8372660" lon="5.9455050"><time>2026-07-23T00:03:04.872Z</time></trkpt>
      <trkpt lat="50.8374480" lon="5.9457170"><time>2026-07-23T00:03:08.733Z</time></trkpt>
      <trkpt lat="50.8377510" lon="5.9460580"><time>2026-07-23T00:03:15.519Z</time></trkpt>
      <trkpt lat="50.8379040" lon="5.9461840"><time>2026-07-23T00:03:19.147Z</time></trkpt>
      <trkpt lat="50.8383090" lon="5.9462160"><time>2026-07-23T00:03:28.936Z</time></trkpt>
      <trkpt lat="50.8385910" lon="5.9463620"><time>2026-07-23T00:03:35.163Z</time></trkpt>
      <trkpt lat="50.8390790" lon="5.9471340"><time>2026-07-23T00:03:47.874Z</time></trkpt>
      <trkpt lat="50.8392380" lon="5.9473090"><time>2026-07-23T00:03:51.595Z</time></trkpt>
      <trkpt lat="50.8397900" lon="5.9476600"><time>2026-07-23T00:04:00.765Z</time></trkpt>
      <trkpt lat="50.8402970" lon="5.9483940"><time>2026-07-23T00:04:10.611Z</time></trkpt>
      <trkpt lat="50.8403620" lon="5.9484250"><time>2026-07-23T00:04:11.552Z</time></trkpt>
      <trkpt lat="50.8404530" lon="5.9484690"><time>2026-07-23T00:04:12.772Z</time></trkpt>
      <trkpt lat="50.8406090" lon="5.9484470"><time>2026-07-23T00:04:14.415Z</time></trkpt>
      <trkpt lat="50.8408320" lon="5.9482970"><time>2026-07-23T00:04:16.586Z</time></trkpt>
      <trkpt lat="50.8410290" lon="5.9481890"><time>2026-07-23T00:04:19.380Z</time></trkpt>
      <trkpt lat="50.8416250" lon="5.9480240"><time>2026-07-23T00:04:28.925Z</time></trkpt>
      <trkpt lat="50.8423510" lon="5.9477250"><time>2026-07-23T00:04:36.486Z</time></trkpt>
      <trkpt lat="50.8428270" lon="5.9476100"><time>2026-07-23T00:04:43.592Z</time></trkpt>
      <trkpt lat="50.8433900" lon="5.9473400"><time>2026-07-23T00:04:55.579Z</time></trkpt>
      <trkpt lat="50.8440620" lon="5.9471250"><time>2026-07-23T00:05:11.540Z</time></trkpt>
      <trkpt lat="50.8444420" lon="5.9470820"><time>2026-07-23T00:05:15.722Z</time></trkpt>
      <trkpt lat="50.8445320" lon="5.9470720"><time>2026-07-23T00:05:16.899Z</time></trkpt>
      <trkpt lat="50.8445950" lon="5.9470520"><time>2026-07-23T00:05:17.422Z</time></trkpt>
      <trkpt lat="50.8446830" lon="5.9469950"><time>2026-07-23T00:05:18.173Z</time></trkpt>
      <trkpt lat="50.8446070" lon="5.9467610"><time>2026-07-23T00:05:19.568Z</time></trkpt>
      <trkpt lat="50.8443440" lon="5.9462830"><time>2026-07-23T00:05:22.770Z</time></trkpt>
      <trkpt lat="50.8442590" lon="5.9461280"><time>2026-07-23T00:05:23.816Z</time></trkpt>
      <trkpt lat="50.8438710" lon="5.9453930"><time>2026-07-23T00:05:29.467Z</time></trkpt>
      <trkpt lat="50.8435850" lon="5.9446910"><time>2026-07-23T00:05:33.979Z</time></trkpt>
      <trkpt lat="50.8433530" lon="5.9442630"><time>2026-07-23T00:05:37.001Z</time></trkpt>
      <trkpt lat="50.8421720" lon="5.9420650"><time>2026-07-23T00:05:53.312Z</time></trkpt>
      <trkpt lat="50.8413990" lon="5.9402250"><time>2026-07-23T00:06:06.311Z</time></trkpt>
      <trkpt lat="50.8409310" lon="5.9389730"><time>2026-07-23T00:06:15.757Z</time></trkpt>
      <trkpt lat="50.8405330" lon="5.9376550"><time>2026-07-23T00:06:26.843Z</time></trkpt>
      <trkpt lat="50.8401150" lon="5.9358930"><time>2026-07-23T00:06:40.648Z</time></trkpt>
      <trkpt lat="50.8395830" lon="5.9331800"><time>2026-07-23T00:07:01.687Z</time></trkpt>
      <trkpt lat="50.8395900" lon="5.9330530"><time>2026-07-23T00:07:02.724Z</time></trkpt>
      <trkpt lat="50.8395350" lon="5.9329930"><time>2026-07-23T00:07:03.643Z</time></trkpt>
      <trkpt lat="50.8394450" lon="5.9326740"><time>2026-07-23T00:07:06.920Z</time></trkpt>
      <trkpt lat="50.8393650" lon="5.9325210"><time>2026-07-23T00:07:08.761Z</time></trkpt>
      <trkpt lat="50.8392990" lon="5.9324610"><time>2026-07-23T00:07:09.767Z</time></trkpt>
      <trkpt lat="50.8391520" lon="5.9324110"><time>2026-07-23T00:07:11.523Z</time></trkpt>
      <trkpt lat="50.8388320" lon="5.9323640"><time>2026-07-23T00:07:15.334Z</time></trkpt>
      <trkpt lat="50.8384000" lon="5.9320550"><time>2026-07-23T00:07:20.432Z</time></trkpt>
      <trkpt lat="50.8378340" lon="5.9318710"><time>2026-07-23T00:07:25.629Z</time></trkpt>
      <trkpt lat="50.8378860" lon="5.9313340"><time>2026-07-23T00:07:34.934Z</time></trkpt>
      <trkpt lat="50.8378880" lon="5.9310270"><time>2026-07-23T00:07:38.741Z</time></trkpt>
      <trkpt lat="50.8378680" lon="5.9305920"><time>2026-07-23T00:07:42.231Z</time></trkpt>
      <trkpt lat="50.8378420" lon="5.9304270"><time>2026-07-23T00:07:43.293Z</time></trkpt>
      <trkpt lat="50.8377580" lon="5.9302710"><time>2026-07-23T00:07:44.447Z</time></trkpt>
      <trkpt lat="50.8376330" lon="5.9301300"><time>2026-07-23T00:07:45.755Z</time></trkpt>
      <trkpt lat="50.8370030" lon="5.9294670"><time>2026-07-23T00:07:52.448Z</time></trkpt>
      <trkpt lat="50.8364140" lon="5.9288410"><time>2026-07-23T00:07:59.978Z</time></trkpt>
      <trkpt lat="50.8341980" lon="5.9264620"><time>2026-07-23T00:08:30.636Z</time></trkpt>
      <trkpt lat="50.8336500" lon="5.9259330"><time>2026-07-23T00:08:37.632Z</time></trkpt>
      <trkpt lat="50.8335930" lon="5.9258400"><time>2026-07-23T00:08:38.477Z</time></trkpt>
      <trkpt lat="50.8324670" lon="5.9233980"><time>2026-07-23T00:08:58.603Z</time></trkpt>
      <trkpt lat="50.8322360" lon="5.9228620"><time>2026-07-23T00:09:04.396Z</time></trkpt>
      <trkpt lat="50.8321750" lon="5.9226050"><time>2026-07-23T00:09:06.315Z</time></trkpt>
      <trkpt lat="50.8321600" lon="5.9222010"><time>2026-07-23T00:09:08.377Z</time></trkpt>
      <trkpt lat="50.8322090" lon="5.9215110"><time>2026-07-23T00:09:11.737Z</time></trkpt>
      <trkpt lat="50.8322030" lon="5.9213070"><time>2026-07-23T00:09:12.735Z</time></trkpt>
      <trkpt lat="50.8321320" lon="5.9208670"><time>2026-07-23T00:09:14.966Z</time></trkpt>
      <trkpt lat="50.8320280" lon="5.9205800"><time>2026-07-23T00:09:16.608Z</time></trkpt>
      <trkpt lat="50.8319150" lon="5.9203250"><time>2026-07-23T00:09:18.752Z</time></trkpt>
      <trkpt lat="50.8318630" lon="5.9201390"><time>2026-07-23T00:09:20.163Z</time></trkpt>
      <trkpt lat="50.8317920" lon="5.9195560"><time>2026-07-23T00:09:24.253Z</time></trkpt>
      <trkpt lat="50.8315030" lon="5.9178950"><time>2026-07-23T00:09:35.517Z</time></trkpt>
      <trkpt lat="50.8313760" lon="5.9159120"><time>2026-07-23T00:09:45.783Z</time></trkpt>
      <trkpt lat="50.8312500" lon="5.9128410"><time>2026-07-23T00:10:01.745Z</time></trkpt>
      <trkpt lat="50.8312650" lon="5.9124060"><time>2026-07-23T00:10:03.880Z</time></trkpt>
      <trkpt lat="50.8314600" lon="5.9109360"><time>2026-07-23T00:10:11.466Z</time></trkpt>
      <trkpt lat="50.8315870" lon="5.9102600"><time>2026-07-23T00:10:18.100Z</time></trkpt>
      <trkpt lat="50.8318360" lon="5.9095380"><time>2026-07-23T00:10:25.934Z</time></trkpt>
      <trkpt lat="50.8320120" lon="5.9090280"><time>2026-07-23T00:10:31.177Z</time></trkpt>
      <trkpt lat="50.8321470" lon="5.9083210"><time>2026-07-23T00:10:35.340Z</time></trkpt>
      <trkpt lat="50.8322270" lon="5.9080910"><time>2026-07-23T00:10:36.713Z</time></trkpt>
      <trkpt lat="50.8324100" lon="5.9078410"><time>2026-07-23T00:10:38.640Z</time></trkpt>
      <trkpt lat="50.8328920" lon="5.9074620"><time>2026-07-23T00:10:42.952Z</time></trkpt>
      <trkpt lat="50.8330930" lon="5.9072680"><time>2026-07-23T00:10:44.807Z</time></trkpt>
      <trkpt lat="50.8332590" lon="5.9069340"><time>2026-07-23T00:10:46.873Z</time></trkpt>
      <trkpt lat="50.8333150" lon="5.9067500"><time>2026-07-23T00:10:47.834Z</time></trkpt>
      <trkpt lat="50.8333400" lon="5.9065640"><time>2026-07-23T00:10:48.706Z</time></trkpt>
      <trkpt lat="50.8332450" lon="5.9064330"><time>2026-07-23T00:10:49.615Z</time></trkpt>
      <trkpt lat="50.8331670" lon="5.9062690"><time>2026-07-23T00:10:50.538Z</time></trkpt>
      <trkpt lat="50.8331570" lon="5.9062480"><time>2026-07-23T00:10:50.654Z</time></trkpt>
      <trkpt lat="50.8329420" lon="5.9055790"><time>2026-07-23T00:10:53.958Z</time></trkpt>
      <trkpt lat="50.8327570" lon="5.9049480"><time>2026-07-23T00:10:56.912Z</time></trkpt>
      <trkpt lat="50.8326180" lon="5.9046320"><time>2026-07-23T00:10:58.577Z</time></trkpt>
      <trkpt lat="50.8318350" lon="5.9033310"><time>2026-07-23T00:11:06.440Z</time></trkpt>
      <trkpt lat="50.8315560" lon="5.9027060"><time>2026-07-23T00:11:09.791Z</time></trkpt>
      <trkpt lat="50.8312590" lon="5.9023800"><time>2026-07-23T00:11:12.330Z</time></trkpt>
      <trkpt lat="50.8312230" lon="5.9023400"><time>2026-07-23T00:11:12.641Z</time></trkpt>
      <trkpt lat="50.8311040" lon="5.9021640"><time>2026-07-23T00:11:13.785Z</time></trkpt>
      <trkpt lat="50.8307730" lon="5.9010770"><time>2026-07-23T00:11:19.090Z</time></trkpt>
      <trkpt lat="50.8307730" lon="5.9009140"><time>2026-07-23T00:11:19.894Z</time></trkpt>
      <trkpt lat="50.8308080" lon="5.9007450"><time>2026-07-23T00:11:20.827Z</time></trkpt>
      <trkpt lat="50.8311090" lon="5.9002920"><time>2026-07-23T00:11:24.203Z</time></trkpt>
      <trkpt lat="50.8311230" lon="5.9001880"><time>2026-07-23T00:11:24.711Z</time></trkpt>
      <trkpt lat="50.8310860" lon="5.9000450"><time>2026-07-23T00:11:25.436Z</time></trkpt>
      <trkpt lat="50.8310660" lon="5.8999800"><time>2026-07-23T00:11:25.793Z</time></trkpt>
      <trkpt lat="50.8307320" lon="5.9004240"><time>2026-07-23T00:11:31.334Z</time></trkpt>
      <trkpt lat="50.8305670" lon="5.9005610"><time>2026-07-23T00:11:33.714Z</time></trkpt>
      <trkpt lat="50.8305590" lon="5.9005340"><time>2026-07-23T00:11:33.877Z</time></trkpt>
      <trkpt lat="50.8303600" lon="5.8995970"><time>2026-07-23T00:11:38.478Z</time></trkpt>
      <trkpt lat="50.8303430" lon="5.8995230"><time>2026-07-23T00:11:38.836Z</time></trkpt>
      <trkpt lat="50.8300730" lon="5.8982310"><time>2026-07-23T00:11:45.125Z</time></trkpt>
      <trkpt lat="50.8298980" lon="5.8974340"><time>2026-07-23T00:11:49.304Z</time></trkpt>
      <trkpt lat="50.8298640" lon="5.8971760"><time>2026-07-23T00:11:50.666Z</time></trkpt>
      <trkpt lat="50.8300330" lon="5.8970360"><time>2026-07-23T00:11:52.602Z</time></trkpt>
      <trkpt lat="50.8305000" lon="5.8963460"><time>2026-07-23T00:11:57.934Z</time></trkpt>
      <trkpt lat="50.8303390" lon="5.8957550"><time>2026-07-23T00:12:00.925Z</time></trkpt>
      <trkpt lat="50.8301350" lon="5.8949140"><time>2026-07-23T00:12:05.036Z</time></trkpt>
      <trkpt lat="50.8300970" lon="5.8945310"><time>2026-07-23T00:12:06.931Z</time></trkpt>
      <trkpt lat="50.8301220" lon="5.8944270"><time>2026-07-23T00:12:07.499Z</time></trkpt>
      <trkpt lat="50.8301710" lon="5.8943630"><time>2026-07-23T00:12:08.014Z</time></trkpt>
      <trkpt lat="50.8300850" lon="5.8940500"><time>2026-07-23T00:12:09.740Z</time></trkpt>
      <trkpt lat="50.8300360" lon="5.8930720"><time>2026-07-23T00:12:14.950Z</time></trkpt>
      <trkpt lat="50.8300170" lon="5.8928070"><time>2026-07-23T00:12:16.530Z</time></trkpt>
      <trkpt lat="50.8299990" lon="5.8926630"><time>2026-07-23T00:12:17.336Z</time></trkpt>
      <trkpt lat="50.8299840" lon="5.8926080"><time>2026-07-23T00:12:17.657Z</time></trkpt>
      <trkpt lat="50.8299910" lon="5.8923480"><time>2026-07-23T00:12:19.670Z</time></trkpt>
      <trkpt lat="50.8298890" lon="5.8921870"><time>2026-07-23T00:12:21.511Z</time></trkpt>
      <trkpt lat="50.8298780" lon="5.8920220"><time>2026-07-23T00:12:22.916Z</time></trkpt>
      <trkpt lat="50.8296950" lon="5.8910210"><time>2026-07-23T00:12:29.487Z</time></trkpt>
      <trkpt lat="50.8292420" lon="5.8889630"><time>2026-07-23T00:12:45.317Z</time></trkpt>
      <trkpt lat="50.8292370" lon="5.8888310"><time>2026-07-23T00:12:46.949Z</time></trkpt>
      <trkpt lat="50.8292580" lon="5.8887160"><time>2026-07-23T00:12:48.704Z</time></trkpt>
      <trkpt lat="50.8294440" lon="5.8883740"><time>2026-07-23T00:12:54.986Z</time></trkpt>
      <trkpt lat="50.8296190" lon="5.8881580"><time>2026-07-23T00:12:58.012Z</time></trkpt>
      <trkpt lat="50.8298340" lon="5.8879190"><time>2026-07-23T00:13:01.180Z</time></trkpt>
      <trkpt lat="50.8308550" lon="5.8867040"><time>2026-07-23T00:13:17.929Z</time></trkpt>
      <trkpt lat="50.8315370" lon="5.8858860"><time>2026-07-23T00:13:30.043Z</time></trkpt>
      <trkpt lat="50.8316200" lon="5.8858030"><time>2026-07-23T00:13:31.201Z</time></trkpt>
      <trkpt lat="50.8322460" lon="5.8854670"><time>2026-07-23T00:13:37.400Z</time></trkpt>
      <trkpt lat="50.8327210" lon="5.8850010"><time>2026-07-23T00:13:44.570Z</time></trkpt>
      <trkpt lat="50.8327840" lon="5.8849320"><time>2026-07-23T00:13:45.698Z</time></trkpt>
      <trkpt lat="50.8329110" lon="5.8847680"><time>2026-07-23T00:13:48.078Z</time></trkpt>
      <trkpt lat="50.8332060" lon="5.8842770"><time>2026-07-23T00:13:54.583Z</time></trkpt>
      <trkpt lat="50.8333410" lon="5.8840750"><time>2026-07-23T00:13:57.478Z</time></trkpt>
      <trkpt lat="50.8335490" lon="5.8838540"><time>2026-07-23T00:14:01.092Z</time></trkpt>
      <trkpt lat="50.8342950" lon="5.8833190"><time>2026-07-23T00:14:12.540Z</time></trkpt>
      <trkpt lat="50.8345540" lon="5.8832200"><time>2026-07-23T00:14:17.033Z</time></trkpt>
      <trkpt lat="50.8345580" lon="5.8827460"><time>2026-07-23T00:14:24.003Z</time></trkpt>
      <trkpt lat="50.8345610" lon="5.8821260"><time>2026-07-23T00:14:35.654Z</time></trkpt>
      <trkpt lat="50.8346430" lon="5.8816510"><time>2026-07-23T00:14:41.010Z</time></trkpt>
      <trkpt lat="50.8346540" lon="5.8814530"><time>2026-07-23T00:14:45.615Z</time></trkpt>
      <trkpt lat="50.8346560" lon="5.8813420"><time>2026-07-23T00:14:48.612Z</time></trkpt>
      <trkpt lat="50.8346630" lon="5.8809530"><time>2026-07-23T00:14:58.316Z</time></trkpt>
      <trkpt lat="50.8346650" lon="5.8808380"><time>2026-07-23T00:15:01.342Z</time></trkpt>
      <trkpt lat="50.8347670" lon="5.8795100"><time>2026-07-23T00:15:51.004Z</time></trkpt>
      <trkpt lat="50.8347810" lon="5.8786820"><time>2026-07-23T00:16:21.352Z</time></trkpt>
      <trkpt lat="50.8347370" lon="5.8779020"><time>2026-07-23T00:16:40.605Z</time></trkpt>
      <trkpt lat="50.8346580" lon="5.8773320"><time>2026-07-23T00:16:55.017Z</time></trkpt>
      <trkpt lat="50.8345130" lon="5.8762650"><time>2026-07-23T00:17:31.477Z</time></trkpt>
      <trkpt lat="50.8343670" lon="5.8755000"><time>2026-07-23T00:17:55.407Z</time></trkpt>
      <trkpt lat="50.8343060" lon="5.8749030"><time>2026-07-23T00:18:13.751Z</time></trkpt>
      <trkpt lat="50.8343450" lon="5.8736830"><time>2026-07-23T00:18:51.638Z</time></trkpt>
      <trkpt lat="50.8343180" lon="5.8728490"><time>2026-07-23T00:19:12.881Z</time></trkpt>
      <trkpt lat="50.8343220" lon="5.8720890"><time>2026-07-23T00:19:27.118Z</time></trkpt>
      <trkpt lat="50.8342120" lon="5.8713310"><time>2026-07-23T00:19:34.584Z</time></trkpt>
      <trkpt lat="50.8341850" lon="5.8710070"><time>2026-07-23T00:19:39.836Z</time></trkpt>
      <trkpt lat="50.8341860" lon="5.8707600"><time>2026-07-23T00:19:43.844Z</time></trkpt>
      <trkpt lat="50.8342740" lon="5.8700350"><time>2026-07-23T00:19:57.125Z</time></trkpt>
      <trkpt lat="50.8342740" lon="5.8697550"><time>2026-07-23T00:20:02.500Z</time></trkpt>
      <trkpt lat="50.8341050" lon="5.8688660"><time>2026-07-23T00:20:18.272Z</time></trkpt>
      <trkpt lat="50.8340870" lon="5.8687180"><time>2026-07-23T00:20:20.218Z</time></trkpt>
      <trkpt lat="50.8340590" lon="5.8684720"><time>2026-07-23T00:20:22.674Z</time></trkpt>
      <trkpt lat="50.8342100" lon="5.8685640"><time>2026-07-23T00:20:24.231Z</time></trkpt>
      <trkpt lat="50.8349890" lon="5.8693710"><time>2026-07-23T00:20:32.540Z</time></trkpt>
      <trkpt lat="50.8352920" lon="5.8696370"><time>2026-07-23T00:20:35.595Z</time></trkpt>
      <trkpt lat="50.8358790" lon="5.8699410"><time>2026-07-23T00:20:40.796Z</time></trkpt>
      <trkpt lat="50.8365490" lon="5.8702130"><time>2026-07-23T00:20:46.333Z</time></trkpt>
      <trkpt lat="50.8373060" lon="5.8706530"><time>2026-07-23T00:20:53.181Z</time></trkpt>
      <trkpt lat="50.8393520" lon="5.8713290"><time>2026-07-23T00:21:10.723Z</time></trkpt>
      <trkpt lat="50.8399150" lon="5.8714870"><time>2026-07-23T00:21:15.305Z</time></trkpt>
      <trkpt lat="50.8402760" lon="5.8716420"><time>2026-07-23T00:21:18.365Z</time></trkpt>
      <trkpt lat="50.8405340" lon="5.8717970"><time>2026-07-23T00:21:20.623Z</time></trkpt>
      <trkpt lat="50.8413480" lon="5.8724860"><time>2026-07-23T00:21:28.069Z</time></trkpt>
      <trkpt lat="50.8418920" lon="5.8728670"><time>2026-07-23T00:21:32.825Z</time></trkpt>
      <trkpt lat="50.8420340" lon="5.8729400"><time>2026-07-23T00:21:34.045Z</time></trkpt>
      <trkpt lat="50.8426630" lon="5.8731430"><time>2026-07-23T00:21:39.216Z</time></trkpt>
      <trkpt lat="50.8431490" lon="5.8733960"><time>2026-07-23T00:21:43.135Z</time></trkpt>
      <trkpt lat="50.8434450" lon="5.8736070"><time>2026-07-23T00:21:45.444Z</time></trkpt>
      <trkpt lat="50.8436150" lon="5.8736840"><time>2026-07-23T00:21:46.733Z</time></trkpt>
      <trkpt lat="50.8439390" lon="5.8736490"><time>2026-07-23T00:21:49.126Z</time></trkpt>
      <trkpt lat="50.8444850" lon="5.8736110"><time>2026-07-23T00:21:52.823Z</time></trkpt>
      <trkpt lat="50.8457450" lon="5.8737680"><time>2026-07-23T00:22:01.203Z</time></trkpt>
      <trkpt lat="50.8463180" lon="5.8739040"><time>2026-07-23T00:22:05.061Z</time></trkpt>
      <trkpt lat="50.8464390" lon="5.8739570"><time>2026-07-23T00:22:05.899Z</time></trkpt>
      <trkpt lat="50.8464510" lon="5.8739610"><time>2026-07-23T00:22:05.980Z</time></trkpt>
      <trkpt lat="50.8467370" lon="5.8742170"><time>2026-07-23T00:22:08.176Z</time></trkpt>
      <trkpt lat="50.8467560" lon="5.8742240"><time>2026-07-23T00:22:08.313Z</time></trkpt>
      <trkpt lat="50.8470090" lon="5.8741020"><time>2026-07-23T00:22:10.245Z</time></trkpt>
      <trkpt lat="50.8471710" lon="5.8741700"><time>2026-07-23T00:22:11.392Z</time></trkpt>
      <trkpt lat="50.8472640" lon="5.8742970"><time>2026-07-23T00:22:12.203Z</time></trkpt>
      <trkpt lat="50.8472940" lon="5.8744340"><time>2026-07-23T00:22:12.802Z</time></trkpt>
      <trkpt lat="50.8473050" lon="5.8746600"><time>2026-07-23T00:22:13.737Z</time></trkpt>
      <trkpt lat="50.8473350" lon="5.8747080"><time>2026-07-23T00:22:14.019Z</time></trkpt>
      <trkpt lat="50.8474340" lon="5.8747440"><time>2026-07-23T00:22:14.717Z</time></trkpt>
      <trkpt lat="50.8475960" lon="5.8747670"><time>2026-07-23T00:22:16.280Z</time></trkpt>
      <trkpt lat="50.8477560" lon="5.8747350"><time>2026-07-23T00:22:17.791Z</time></trkpt>
      <trkpt lat="50.8482350" lon="5.8745200"><time>2026-07-23T00:22:22.138Z</time></trkpt>
      <trkpt lat="50.8484210" lon="5.8743840"><time>2026-07-23T00:22:24.910Z</time></trkpt>
      <trkpt lat="50.8484730" lon="5.8743410"><time>2026-07-23T00:22:25.709Z</time></trkpt>
      <trkpt lat="50.8488540" lon="5.8740290"><time>2026-07-23T00:22:29.833Z</time></trkpt>
      <trkpt lat="50.8499470" lon="5.8733460"><time>2026-07-23T00:22:42.908Z</time></trkpt>
      <trkpt lat="50.8502510" lon="5.8731630"><time>2026-07-23T00:22:47.044Z</time></trkpt>
      <trkpt lat="50.8511520" lon="5.8727300"><time>2026-07-23T00:22:57.472Z</time></trkpt>
      <trkpt lat="50.8518760" lon="5.8723880"><time>2026-07-23T00:23:07.411Z</time></trkpt>
      <trkpt lat="50.8515350" lon="5.8708550"><time>2026-07-23T00:23:25.497Z</time></trkpt>
      <trkpt lat="50.8515030" lon="5.8707130"><time>2026-07-23T00:23:26.822Z</time></trkpt>
      <trkpt lat="50.8513510" lon="5.8700560"><time>2026-07-23T00:23:32.815Z</time></trkpt>
      <trkpt lat="50.8511920" lon="5.8695800"><time>2026-07-23T00:23:39.043Z</time></trkpt>
      <trkpt lat="50.8508240" lon="5.8687140"><time>2026-07-23T00:23:56.427Z</time></trkpt>
      <trkpt lat="50.8507670" lon="5.8684240"><time>2026-07-23T00:24:01.072Z</time></trkpt>
      <trkpt lat="50.8507550" lon="5.8680760"><time>2026-07-23T00:24:05.060Z</time></trkpt>
      <trkpt lat="50.8507840" lon="5.8678020"><time>2026-07-23T00:24:08.776Z</time></trkpt>
      <trkpt lat="50.8508840" lon="5.8673450"><time>2026-07-23T00:24:15.512Z</time></trkpt>
      <trkpt lat="50.8510900" lon="5.8666100"><time>2026-07-23T00:24:23.648Z</time></trkpt>
      <trkpt lat="50.8514850" lon="5.8654740"><time>2026-07-23T00:24:31.083Z</time></trkpt>
      <trkpt lat="50.8515450" lon="5.8652090"><time>2026-07-23T00:24:33.476Z</time></trkpt>
      <trkpt lat="50.8516470" lon="5.8638800"><time>2026-07-23T00:24:49.180Z</time></trkpt>
      <trkpt lat="50.8517130" lon="5.8632900"><time>2026-07-23T00:24:56.292Z</time></trkpt>
      <trkpt lat="50.8518380" lon="5.8627240"><time>2026-07-23T00:25:00.050Z</time></trkpt>
      <trkpt lat="50.8520320" lon="5.8621010"><time>2026-07-23T00:25:04.005Z</time></trkpt>
      <trkpt lat="50.8521230" lon="5.8617720"><time>2026-07-23T00:25:05.871Z</time></trkpt>
      <trkpt lat="50.8521680" lon="5.8615200"><time>2026-07-23T00:25:07.250Z</time></trkpt>
      <trkpt lat="50.8523090" lon="5.8596670"><time>2026-07-23T00:25:16.402Z</time></trkpt>
      <trkpt lat="50.8523720" lon="5.8595650"><time>2026-07-23T00:25:17.111Z</time></trkpt>
      <trkpt lat="50.8524340" lon="5.8592100"><time>2026-07-23T00:25:19.437Z</time></trkpt>
      <trkpt lat="50.8524800" lon="5.8590290"><time>2026-07-23T00:25:21.601Z</time></trkpt>
      <trkpt lat="50.8526320" lon="5.8585410"><time>2026-07-23T00:25:27.134Z</time></trkpt>
      <trkpt lat="50.8526410" lon="5.8584130"><time>2026-07-23T00:25:28.099Z</time></trkpt>
      <trkpt lat="50.8529100" lon="5.8579350"><time>2026-07-23T00:25:31.573Z</time></trkpt>
      <trkpt lat="50.8533210" lon="5.8573960"><time>2026-07-23T00:25:36.263Z</time></trkpt>
      <trkpt lat="50.8534960" lon="5.8571700"><time>2026-07-23T00:25:39.216Z</time></trkpt>
      <trkpt lat="50.8536480" lon="5.8569370"><time>2026-07-23T00:25:41.798Z</time></trkpt>
      <trkpt lat="50.8540000" lon="5.8562860"><time>2026-07-23T00:25:48.358Z</time></trkpt>
      <trkpt lat="50.8543570" lon="5.8554360"><time>2026-07-23T00:25:56.381Z</time></trkpt>
      <trkpt lat="50.8545510" lon="5.8549220"><time>2026-07-23T00:26:03.168Z</time></trkpt>
      <trkpt lat="50.8546190" lon="5.8546600"><time>2026-07-23T00:26:05.921Z</time></trkpt>
      <trkpt lat="50.8547650" lon="5.8540540"><time>2026-07-23T00:26:09.812Z</time></trkpt>
      <trkpt lat="50.8547700" lon="5.8540240"><time>2026-07-23T00:26:09.978Z</time></trkpt>
      <trkpt lat="50.8548030" lon="5.8538160"><time>2026-07-23T00:26:11.111Z</time></trkpt>
      <trkpt lat="50.8548690" lon="5.8532880"><time>2026-07-23T00:26:13.842Z</time></trkpt>
      <trkpt lat="50.8549220" lon="5.8524500"><time>2026-07-23T00:26:18.185Z</time></trkpt>
      <trkpt lat="50.8549740" lon="5.8521110"><time>2026-07-23T00:26:20.087Z</time></trkpt>
      <trkpt lat="50.8549890" lon="5.8516640"><time>2026-07-23T00:26:22.463Z</time></trkpt>
      <trkpt lat="50.8550010" lon="5.8512140"><time>2026-07-23T00:26:24.884Z</time></trkpt>
      <trkpt lat="50.8551790" lon="5.8453310"><time>2026-07-23T00:27:16.556Z</time></trkpt>
      <trkpt lat="50.8552160" lon="5.8449020"><time>2026-07-23T00:27:19.527Z</time></trkpt>
      <trkpt lat="50.8553420" lon="5.8442250"><time>2026-07-23T00:27:24.122Z</time></trkpt>
      <trkpt lat="50.8559230" lon="5.8423570"><time>2026-07-23T00:27:38.567Z</time></trkpt>
      <trkpt lat="50.8560670" lon="5.8418470"><time>2026-07-23T00:27:44.779Z</time></trkpt>
      <trkpt lat="50.8561800" lon="5.8413050"><time>2026-07-23T00:27:51.534Z</time></trkpt>
      <trkpt lat="50.8562050" lon="5.8410200"><time>2026-07-23T00:27:55.023Z</time></trkpt>
      <trkpt lat="50.8564100" lon="5.8401200"><time>2026-07-23T00:28:07.612Z</time></trkpt>
      <trkpt lat="50.8565690" lon="5.8396380"><time>2026-07-23T00:28:15.402Z</time></trkpt>
      <trkpt lat="50.8567970" lon="5.8391470"><time>2026-07-23T00:28:26.738Z</time></trkpt>
      <trkpt lat="50.8568500" lon="5.8389540"><time>2026-07-23T00:28:30.345Z</time></trkpt>
      <trkpt lat="50.8568690" lon="5.8387700"><time>2026-07-23T00:28:32.028Z</time></trkpt>
      <trkpt lat="50.8569860" lon="5.8384250"><time>2026-07-23T00:28:34.865Z</time></trkpt>
      <trkpt lat="50.8573740" lon="5.8373280"><time>2026-07-23T00:28:45.636Z</time></trkpt>
      <trkpt lat="50.8575570" lon="5.8369480"><time>2026-07-23T00:28:51.822Z</time></trkpt>
      <trkpt lat="50.8577220" lon="5.8366870"><time>2026-07-23T00:28:59.041Z</time></trkpt>
      <trkpt lat="50.8577310" lon="5.8366090"><time>2026-07-23T00:29:00.360Z</time></trkpt>
      <trkpt lat="50.8581520" lon="5.8362060"><time>2026-07-23T00:29:06.737Z</time></trkpt>
      <trkpt lat="50.8583290" lon="5.8360570"><time>2026-07-23T00:29:08.242Z</time></trkpt>
      <trkpt lat="50.8584120" lon="5.8359850"><time>2026-07-23T00:29:08.995Z</time></trkpt>
      <trkpt lat="50.8584400" lon="5.8359590"><time>2026-07-23T00:29:09.349Z</time></trkpt>
      <trkpt lat="50.8585840" lon="5.8358250"><time>2026-07-23T00:29:12.737Z</time></trkpt>
      <trkpt lat="50.8586630" lon="5.8357430"><time>2026-07-23T00:29:14.213Z</time></trkpt>
    </trkseg>
  </trk>
</gpx>
