<?xml version='1.0' encoding='UTF-8'?>
<gpx version="1.1" creator="https://www.komoot.de" xmlns="http://www.topografix.com/GPX/1/1" xmlns:xsi="http://www.w3.org/2001/XMLSchema-instance" xsi:schemaLocation="http://www.topografix.com/GPX/1/1 http://www.topografix.com/GPX/1/1/gpx.xsd">
  <metadata>
    <name>Klim Eyserbosweg – Dikkebuikseweg Klim rondtocht vanuit Valkenburg</name>
    <author>
      <link href="https://www.komoot.de">
        <text>komoot</text>
        <type>text/html</type>
      </link>
    </author>
  </metadata>
  <wpt lat="50.833958" lon="5.780799">
    <name>Mooiste verbinding tussen Cadier &amp; Keer en ’t Rooth</name>
    <sym>Flag, Blue</sym>
  </wpt>
  <wpt lat="50.799772" lon="5.768541">
    <name>Fietsroute tussen Sint Geertruid en Eckelrade</name>
    <sym>Flag, Blue</sym>
  </wpt>
  <wpt lat="50.758999" lon="5.826471">
    <name>Ulvenderweg</name>
    <sym>Flag, Blue</sym>
  </wpt>
  <wpt lat="50.713217" lon="5.752560">
    <name>Beklimming van Clos du Grand Sart in Mortroux</name>
    <sym>Flag, Blue</sym>
  </wpt>
  <wpt lat="50.698382" lon="5.802867">
    <name>Holliguette Klim</name>
    <sym>Flag, Blue</sym>
  </wpt>
  <wpt lat="50.718086" lon="5.797477">
    <name>Les Waides</name>
    <sym>Summit</sym>
  </wpt>
  <wpt lat="50.746233" lon="5.842850">
    <name>Konenbos</name>
    <sym>Flag, Blue</sym>
  </wpt>
  <wpt lat="50.769712" lon="5.864726">
    <name>Loorberg Klim</name>
    <sym>Flag, Blue</sym>
  </wpt>
  <wpt lat="50.748055" lon="5.900410">
    <name>Uitzicht op kasteel Beusdael</name>
    <sym>Flag, Blue</sym>
  </wpt>
  <wpt lat="50.752590" lon="5.918940">
    <name>Grensovergang Nederland - België</name>
    <sym>Flag, Blue</sym>
  </wpt>
  <wpt lat="50.748031" lon="6.001185">
    <name>Beklimming van de Vaalserberg via Route des Trois Bornes</name>
    <sym>Flag, Blue</sym>
  </wpt>
  <wpt lat="50.795253" lon="5.995288">
    <name>Uitzicht op de heuvels rond Vijlen</name>
    <sym>Flag, Blue</sym>
  </wpt>
  <wpt lat="50.798502" lon="5.996264">
    <name>Burg Orsbach</name>
    <sym>Flag, Blue</sym>
  </wpt>
  <wpt lat="50.825783" lon="5.934450">
    <name>Trintelerberg</name>
    <sym>Flag, Blue</sym>
  </wpt>
  <wpt lat="50.831869" lon="5.909566">
    <name>Uitzichtpunt</name>
    <sym>Flag, Blue</sym>
  </wpt>
  <wpt lat="50.833222" lon="5.906203">
    <name>Dikkebuikseweg Klim</name>
    <sym>Flag, Blue</sym>
  </wpt>
  <wpt lat="50.831293" lon="5.902303">
    <name>Kalkoven Dikkebuiksweg-noord</name>
    <sym>Flag, Blue</sym>
  </wpt>
  <wpt lat="50.834643" lon="5.881341">
    <name>Doodeman-klim</name>
    <sym>Flag, Blue</sym>
  </wpt>
  <trk>
    <name>Klim Eyserbosweg – Dikkebuikseweg Klim rondtocht vanuit Valkenburg</name>
    <type>racebike</type>
    <trkseg>
      <trkpt lat="50.858663" lon="5.835743">
        <ele>80.954477</ele>
        <time>2026-07-22T19:24:44.919Z</time>
      </trkpt>
      <trkpt lat="50.858584" lon="5.835825">
        <ele>80.954477</ele>
        <time>2026-07-22T19:24:45.824Z</time>
      </trkpt>
      <trkpt lat="50.858440" lon="5.835959">
        <ele>80.954477</ele>
        <time>2026-07-22T19:24:47.219Z</time>
      </trkpt>
      <trkpt lat="50.858412" lon="5.835985">
        <ele>80.954477</ele>
        <time>2026-07-22T19:24:47.646Z</time>
      </trkpt>
      <trkpt lat="50.858329" lon="5.836057">
        <ele>80.954477</ele>
        <time>2026-07-22T19:24:49.850Z</time>
      </trkpt>
      <trkpt lat="50.858152" lon="5.836206">
        <ele>80.954477</ele>
        <time>2026-07-22T19:24:55.530Z</time>
      </trkpt>
      <trkpt lat="50.857731" lon="5.836609">
        <ele>81.727627</ele>
        <time>2026-07-22T19:25:01.489Z</time>
      </trkpt>
      <trkpt lat="50.857678" lon="5.836523">
        <ele>82.050735</ele>
        <time>2026-07-22T19:25:02.669Z</time>
      </trkpt>
      <trkpt lat="50.857617" lon="5.836487">
        <ele>82.327961</ele>
        <time>2026-07-22T19:25:03.772Z</time>
      </trkpt>
      <trkpt lat="50.857349" lon="5.836451">
        <ele>83.473405</ele>
        <time>2026-07-22T19:25:08.331Z</time>
      </trkpt>
      <trkpt lat="50.857091" lon="5.836443">
        <ele>84.572375</ele>
        <time>2026-07-22T19:25:16.215Z</time>
      </trkpt>
      <trkpt lat="50.856941" lon="5.836294">
        <ele>85.326390</ele>
        <time>2026-07-22T19:25:23.661Z</time>
      </trkpt>
      <trkpt lat="50.856473" lon="5.835505">
        <ele>88.237007</ele>
        <time>2026-07-22T19:25:42.386Z</time>
      </trkpt>
      <trkpt lat="50.856202" lon="5.835109">
        <ele>89.974622</ele>
        <time>2026-07-22T19:25:53.203Z</time>
      </trkpt>
      <trkpt lat="50.855927" lon="5.834788">
        <ele>91.633642</ele>
        <time>2026-07-22T19:26:04.146Z</time>
      </trkpt>
      <trkpt lat="50.855716" lon="5.834599">
        <ele>92.810887</ele>
        <time>2026-07-22T19:26:08.850Z</time>
      </trkpt>
      <trkpt lat="50.855231" lon="5.834200">
        <ele>95.465097</ele>
        <time>2026-07-22T19:26:23.164Z</time>
      </trkpt>
      <trkpt lat="50.855089" lon="5.834103">
        <ele>96.216137</ele>
        <time>2026-07-22T19:26:27.693Z</time>
      </trkpt>
      <trkpt lat="50.854899" lon="5.833992">
        <ele>97.199664</ele>
        <time>2026-07-22T19:26:33.492Z</time>
      </trkpt>
      <trkpt lat="50.854619" lon="5.834009">
        <ele>98.715761</ele>
        <time>2026-07-22T19:26:40.559Z</time>
      </trkpt>
      <trkpt lat="50.854381" lon="5.833966">
        <ele>100.028317</ele>
        <time>2026-07-22T19:26:47.955Z</time>
      </trkpt>
      <trkpt lat="50.853642" lon="5.834163">
        <ele>104.134544</ele>
        <time>2026-07-22T19:27:14.658Z</time>
      </trkpt>
      <trkpt lat="50.853554" lon="5.834128">
        <ele>104.631700</ele>
        <time>2026-07-22T19:27:17.114Z</time>
      </trkpt>
      <trkpt lat="50.853377" lon="5.833967">
        <ele>105.750087</ele>
        <time>2026-07-22T19:27:21.259Z</time>
      </trkpt>
      <trkpt lat="50.852987" lon="5.833812">
        <ele>107.679453</ele>
        <time>2026-07-22T19:27:31.873Z</time>
      </trkpt>
      <trkpt lat="50.852813" lon="5.833843">
        <ele>108.287571</ele>
        <time>2026-07-22T19:27:35.263Z</time>
      </trkpt>
      <trkpt lat="50.852697" lon="5.833909">
        <ele>108.715644</ele>
        <time>2026-07-22T19:27:37.807Z</time>
      </trkpt>
      <trkpt lat="50.852499" lon="5.834235">
        <ele>109.707506</ele>
        <time>2026-07-22T19:27:44.982Z</time>
      </trkpt>
      <trkpt lat="50.852219" lon="5.834466">
        <ele>110.803950</ele>
        <time>2026-07-22T19:27:51.306Z</time>
      </trkpt>
      <trkpt lat="50.851873" lon="5.834566">
        <ele>112.025459</ele>
        <time>2026-07-22T19:27:58.418Z</time>
      </trkpt>
      <trkpt lat="50.851053" lon="5.835062">
        <ele>116.066444</ele>
        <time>2026-07-22T19:28:20.084Z</time>
      </trkpt>
      <trkpt lat="50.850957" lon="5.835075">
        <ele>116.605861</ele>
        <time>2026-07-22T19:28:22.993Z</time>
      </trkpt>
      <trkpt lat="50.850793" lon="5.834983">
        <ele>117.579898</ele>
        <time>2026-07-22T19:28:27.030Z</time>
      </trkpt>
      <trkpt lat="50.850691" lon="5.834820">
        <ele>118.391087</ele>
        <time>2026-07-22T19:28:29.717Z</time>
      </trkpt>
      <trkpt lat="50.850465" lon="5.834345">
        <ele>120.493393</ele>
        <time>2026-07-22T19:28:38.359Z</time>
      </trkpt>
      <trkpt lat="50.850321" lon="5.834172">
        <ele>121.505247</ele>
        <time>2026-07-22T19:28:46.441Z</time>
      </trkpt>
      <trkpt lat="50.850074" lon="5.833995">
        <ele>123.023018</ele>
        <time>2026-07-22T19:28:59.092Z</time>
      </trkpt>
      <trkpt lat="50.849612" lon="5.833732">
        <ele>125.456056</ele>
        <time>2026-07-22T19:29:20.904Z</time>
      </trkpt>
      <trkpt lat="50.849112" lon="5.833346">
        <ele>128.133447</ele>
        <time>2026-07-22T19:29:37.507Z</time>
      </trkpt>
      <trkpt lat="50.848892" lon="5.833128">
        <ele>129.382575</ele>
        <time>2026-07-22T19:29:41.533Z</time>
      </trkpt>
      <trkpt lat="50.848247" lon="5.832341">
        <ele>132.718322</ele>
        <time>2026-07-22T19:29:54.578Z</time>
      </trkpt>
      <trkpt lat="50.847807" lon="5.831822">
        <ele>133.986174</ele>
        <time>2026-07-22T19:30:07.177Z</time>
      </trkpt>
      <trkpt lat="50.847500" lon="5.831276">
        <ele>135.052979</ele>
        <time>2026-07-22T19:30:14.885Z</time>
      </trkpt>
      <trkpt lat="50.847035" lon="5.830333">
        <ele>137.222951</ele>
        <time>2026-07-22T19:30:29.201Z</time>
      </trkpt>
      <trkpt lat="50.846645" lon="5.828950">
        <ele>141.459186</ele>
        <time>2026-07-22T19:30:53.360Z</time>
      </trkpt>
      <trkpt lat="50.846363" lon="5.828673">
        <ele>142.929064</ele>
        <time>2026-07-22T19:31:04.124Z</time>
      </trkpt>
      <trkpt lat="50.845774" lon="5.827650">
        <ele>146.408871</ele>
        <time>2026-07-22T19:31:30.411Z</time>
      </trkpt>
      <trkpt lat="50.845667" lon="5.827479">
        <ele>146.976446</ele>
        <time>2026-07-22T19:31:34.541Z</time>
      </trkpt>
      <trkpt lat="50.844993" lon="5.826137">
        <ele>151.019150</ele>
        <time>2026-07-22T19:31:56.953Z</time>
      </trkpt>
      <trkpt lat="50.845080" lon="5.825889">
        <ele>151.483259</ele>
        <time>2026-07-22T19:31:59.682Z</time>
      </trkpt>
      <trkpt lat="50.845099" lon="5.825651">
        <ele>151.875667</ele>
        <time>2026-07-22T19:32:02.081Z</time>
      </trkpt>
      <trkpt lat="50.845057" lon="5.825328">
        <ele>152.415102</ele>
        <time>2026-07-22T19:32:05.839Z</time>
      </trkpt>
      <trkpt lat="50.844918" lon="5.824777">
        <ele>153.385674</ele>
        <time>2026-07-22T19:32:12.793Z</time>
      </trkpt>
      <trkpt lat="50.844910" lon="5.824603">
        <ele>153.671049</ele>
        <time>2026-07-22T19:32:14.870Z</time>
      </trkpt>
      <trkpt lat="50.844940" lon="5.824398">
        <ele>154.015268</ele>
        <time>2026-07-22T19:32:17.648Z</time>
      </trkpt>
      <trkpt lat="50.845185" lon="5.823641">
        <ele>155.406719</ele>
        <time>2026-07-22T19:32:32.553Z</time>
      </trkpt>
      <trkpt lat="50.844992" lon="5.823506">
        <ele>155.864928</ele>
        <time>2026-07-22T19:32:37.035Z</time>
      </trkpt>
      <trkpt lat="50.844580" lon="5.822958">
        <ele>156.809978</ele>
        <time>2026-07-22T19:32:47.716Z</time>
      </trkpt>
      <trkpt lat="50.844436" lon="5.822874">
        <ele>157.079528</ele>
        <time>2026-07-22T19:32:50.645Z</time>
      </trkpt>
      <trkpt lat="50.844563" lon="5.822152">
        <ele>157.910795</ele>
        <time>2026-07-22T19:32:58.571Z</time>
      </trkpt>
      <trkpt lat="50.844548" lon="5.821908">
        <ele>158.182696</ele>
        <time>2026-07-22T19:33:01.362Z</time>
      </trkpt>
      <trkpt lat="50.844425" lon="5.821009">
        <ele>158.870280</ele>
        <time>2026-07-22T19:33:11.867Z</time>
      </trkpt>
      <trkpt lat="50.844482" lon="5.820976">
        <ele>158.879667</ele>
        <time>2026-07-22T19:33:12.840Z</time>
      </trkpt>
      <trkpt lat="50.844407" lon="5.819855">
        <ele>158.989761</ele>
        <time>2026-07-22T19:33:23.126Z</time>
      </trkpt>
      <trkpt lat="50.844379" lon="5.818542">
        <ele>159.096333</ele>
        <time>2026-07-22T19:33:31.702Z</time>
      </trkpt>
      <trkpt lat="50.844063" lon="5.817304">
        <ele>157.566975</ele>
        <time>2026-07-22T19:33:42.039Z</time>
      </trkpt>
      <trkpt lat="50.843872" lon="5.816451">
        <ele>156.530415</ele>
        <time>2026-07-22T19:33:49.233Z</time>
      </trkpt>
      <trkpt lat="50.843721" lon="5.815672">
        <ele>155.703610</ele>
        <time>2026-07-22T19:33:55.960Z</time>
      </trkpt>
      <trkpt lat="50.843654" lon="5.815095">
        <ele>155.310305</ele>
        <time>2026-07-22T19:34:01.034Z</time>
      </trkpt>
      <trkpt lat="50.843655" lon="5.814631">
        <ele>154.999239</ele>
        <time>2026-07-22T19:34:05.258Z</time>
      </trkpt>
      <trkpt lat="50.843880" lon="5.812566">
        <ele>153.509290</ele>
        <time>2026-07-22T19:34:23.896Z</time>
      </trkpt>
      <trkpt lat="50.843945" lon="5.811313">
        <ele>152.461415</ele>
        <time>2026-07-22T19:34:34.235Z</time>
      </trkpt>
      <trkpt lat="50.843978" lon="5.811078">
        <ele>152.260761</ele>
        <time>2026-07-22T19:34:36.066Z</time>
      </trkpt>
      <trkpt lat="50.843617" lon="5.810187">
        <ele>151.393203</ele>
        <time>2026-07-22T19:34:42.766Z</time>
      </trkpt>
      <trkpt lat="50.843339" lon="5.809759">
        <ele>150.920958</ele>
        <time>2026-07-22T19:34:46.350Z</time>
      </trkpt>
      <trkpt lat="50.843020" lon="5.809417">
        <ele>150.451748</ele>
        <time>2026-07-22T19:34:49.754Z</time>
      </trkpt>
      <trkpt lat="50.841919" lon="5.808447">
        <ele>149.070659</ele>
        <time>2026-07-22T19:35:02.151Z</time>
      </trkpt>
      <trkpt lat="50.841641" lon="5.808109">
        <ele>148.785547</ele>
        <time>2026-07-22T19:35:05.883Z</time>
      </trkpt>
      <trkpt lat="50.841465" lon="5.807808">
        <ele>148.574820</ele>
        <time>2026-07-22T19:35:08.177Z</time>
      </trkpt>
      <trkpt lat="50.841102" lon="5.806799">
        <ele>147.978290</ele>
        <time>2026-07-22T19:35:15.931Z</time>
      </trkpt>
      <trkpt lat="50.840970" lon="5.806316">
        <ele>147.859347</ele>
        <time>2026-07-22T19:35:19.293Z</time>
      </trkpt>
      <trkpt lat="50.840948" lon="5.806176">
        <ele>147.839121</ele>
        <time>2026-07-22T19:35:20.251Z</time>
      </trkpt>
      <trkpt lat="50.840939" lon="5.805835">
        <ele>147.791272</ele>
        <time>2026-07-22T19:35:22.571Z</time>
      </trkpt>
      <trkpt lat="50.841017" lon="5.804736">
        <ele>147.636226</ele>
        <time>2026-07-22T19:35:30.595Z</time>
      </trkpt>
      <trkpt lat="50.841037" lon="5.803159">
        <ele>146.976931</ele>
        <time>2026-07-22T19:35:43.010Z</time>
      </trkpt>
      <trkpt lat="50.841230" lon="5.799851">
        <ele>144.946056</ele>
        <time>2026-07-22T19:36:01.976Z</time>
      </trkpt>
      <trkpt lat="50.841240" lon="5.799463">
        <ele>144.799703</ele>
        <time>2026-07-22T19:36:04.108Z</time>
      </trkpt>
      <trkpt lat="50.841257" lon="5.798870">
        <ele>144.575981</ele>
        <time>2026-07-22T19:36:08.526Z</time>
      </trkpt>
      <trkpt lat="50.841239" lon="5.798127">
        <ele>144.268067</ele>
        <time>2026-07-22T19:36:16.815Z</time>
      </trkpt>
      <trkpt lat="50.841273" lon="5.797755">
        <ele>143.990879</ele>
        <time>2026-07-22T19:36:21.778Z</time>
      </trkpt>
      <trkpt lat="50.841329" lon="5.797362">
        <ele>143.693777</ele>
        <time>2026-07-22T19:36:25.162Z</time>
      </trkpt>
      <trkpt lat="50.841420" lon="5.796964">
        <ele>143.381628</ele>
        <time>2026-07-22T19:36:27.383Z</time>
      </trkpt>
      <trkpt lat="50.841681" lon="5.796202">
        <ele>142.742357</ele>
        <time>2026-07-22T19:36:31.761Z</time>
      </trkpt>
      <trkpt lat="50.842375" lon="5.793825">
        <ele>141.529355</ele>
        <time>2026-07-22T19:36:47.598Z</time>
      </trkpt>
      <trkpt lat="50.842480" lon="5.793396">
        <ele>141.362512</ele>
        <time>2026-07-22T19:36:51.484Z</time>
      </trkpt>
      <trkpt lat="50.842728" lon="5.792154">
        <ele>141.248180</ele>
        <time>2026-07-22T19:37:03.878Z</time>
      </trkpt>
      <trkpt lat="50.842809" lon="5.791481">
        <ele>141.295112</ele>
        <time>2026-07-22T19:37:09.979Z</time>
      </trkpt>
      <trkpt lat="50.842845" lon="5.790789">
        <ele>141.342677</ele>
        <time>2026-07-22T19:37:15.426Z</time>
      </trkpt>
      <trkpt lat="50.842896" lon="5.790421">
        <ele>141.368486</ele>
        <time>2026-07-22T19:37:17.918Z</time>
      </trkpt>
      <trkpt lat="50.843008" lon="5.789885">
        <ele>141.043161</ele>
        <time>2026-07-22T19:37:21.181Z</time>
      </trkpt>
      <trkpt lat="50.843277" lon="5.788362">
        <ele>139.250536</ele>
        <time>2026-07-22T19:37:30.050Z</time>
      </trkpt>
      <trkpt lat="50.842226" lon="5.787471">
        <ele>138.150027</ele>
        <time>2026-07-22T19:37:40.247Z</time>
      </trkpt>
      <trkpt lat="50.840608" lon="5.786912">
        <ele>138.110686</ele>
        <time>2026-07-22T19:38:06.641Z</time>
      </trkpt>
      <trkpt lat="50.838351" lon="5.786080">
        <ele>138.196029</ele>
        <time>2026-07-22T19:38:30.915Z</time>
      </trkpt>
      <trkpt lat="50.838288" lon="5.786085">
        <ele>138.206405</ele>
        <time>2026-07-22T19:38:32.381Z</time>
      </trkpt>
      <trkpt lat="50.838222" lon="5.786156">
        <ele>138.219529</ele>
        <time>2026-07-22T19:38:34.642Z</time>
      </trkpt>
      <trkpt lat="50.838183" lon="5.786269">
        <ele>138.232906</ele>
        <time>2026-07-22T19:38:36.868Z</time>
      </trkpt>
      <trkpt lat="50.837841" lon="5.786053">
        <ele>138.293470</ele>
        <time>2026-07-22T19:38:44.151Z</time>
      </trkpt>
      <trkpt lat="50.837195" lon="5.785749">
        <ele>137.548246</ele>
        <time>2026-07-22T19:38:50.065Z</time>
      </trkpt>
      <trkpt lat="50.837008" lon="5.785625">
        <ele>137.175219</ele>
        <time>2026-07-22T19:38:51.801Z</time>
      </trkpt>
      <trkpt lat="50.836052" lon="5.784461">
        <ele>134.929006</ele>
        <time>2026-07-22T19:39:02.269Z</time>
      </trkpt>
      <trkpt lat="50.835984" lon="5.784368">
        <ele>134.697625</ele>
        <time>2026-07-22T19:39:03.232Z</time>
      </trkpt>
      <trkpt lat="50.835195" lon="5.783249">
        <ele>131.970033</ele>
        <time>2026-07-22T19:39:11.938Z</time>
      </trkpt>
      <trkpt lat="50.834023" lon="5.781070">
        <ele>128.521040</ele>
        <time>2026-07-22T19:39:27.372Z</time>
      </trkpt>
      <trkpt lat="50.833920" lon="5.780852">
        <ele>128.251733</ele>
        <time>2026-07-22T19:39:30.063Z</time>
      </trkpt>
      <trkpt lat="50.833914" lon="5.780831">
        <ele>128.228934</ele>
        <time>2026-07-22T19:39:30.302Z</time>
      </trkpt>
      <trkpt lat="50.833858" lon="5.780638">
        <ele>128.018837</ele>
        <time>2026-07-22T19:39:32.170Z</time>
      </trkpt>
      <trkpt lat="50.833850" lon="5.780399">
        <ele>127.782090</ele>
        <time>2026-07-22T19:39:33.698Z</time>
      </trkpt>
      <trkpt lat="50.833897" lon="5.779371">
        <ele>125.091119</ele>
        <time>2026-07-22T19:39:40.455Z</time>
      </trkpt>
      <trkpt lat="50.833929" lon="5.778931">
        <ele>123.752624</ele>
        <time>2026-07-22T19:39:42.930Z</time>
      </trkpt>
      <trkpt lat="50.833959" lon="5.778497">
        <ele>122.433217</ele>
        <time>2026-07-22T19:39:45.138Z</time>
      </trkpt>
      <trkpt lat="50.833963" lon="5.778252">
        <ele>121.692565</ele>
        <time>2026-07-22T19:39:46.458Z</time>
      </trkpt>
      <trkpt lat="50.833927" lon="5.777843">
        <ele>120.444596</ele>
        <time>2026-07-22T19:39:48.338Z</time>
      </trkpt>
      <trkpt lat="50.833950" lon="5.777210">
        <ele>118.168821</ele>
        <time>2026-07-22T19:39:51.047Z</time>
      </trkpt>
      <trkpt lat="50.833920" lon="5.776476">
        <ele>114.132717</ele>
        <time>2026-07-22T19:39:54.146Z</time>
      </trkpt>
      <trkpt lat="50.833893" lon="5.776371">
        <ele>113.510625</ele>
        <time>2026-07-22T19:39:54.621Z</time>
      </trkpt>
      <trkpt lat="50.833796" lon="5.776174">
        <ele>112.139923</ele>
        <time>2026-07-22T19:39:55.665Z</time>
      </trkpt>
      <trkpt lat="50.833680" lon="5.776025">
        <ele>110.842138</ele>
        <time>2026-07-22T19:39:56.652Z</time>
      </trkpt>
      <trkpt lat="50.833503" lon="5.775898">
        <ele>109.153765</ele>
        <time>2026-07-22T19:39:57.970Z</time>
      </trkpt>
      <trkpt lat="50.833315" lon="5.775894">
        <ele>107.520208</ele>
        <time>2026-07-22T19:39:59.359Z</time>
      </trkpt>
      <trkpt lat="50.833036" lon="5.775989">
        <ele>105.040738</ele>
        <time>2026-07-22T19:40:01.787Z</time>
      </trkpt>
      <trkpt lat="50.832962" lon="5.775978">
        <ele>104.394973</ele>
        <time>2026-07-22T19:40:02.323Z</time>
      </trkpt>
      <trkpt lat="50.832880" lon="5.775897">
        <ele>103.555247</ele>
        <time>2026-07-22T19:40:03.039Z</time>
      </trkpt>
      <trkpt lat="50.832117" lon="5.774606">
        <ele>108.542895</ele>
        <time>2026-07-22T19:40:29.999Z</time>
      </trkpt>
      <trkpt lat="50.831654" lon="5.774009">
        <ele>111.386292</ele>
        <time>2026-07-22T19:40:53.290Z</time>
      </trkpt>
      <trkpt lat="50.831487" lon="5.773775">
        <ele>112.757519</ele>
        <time>2026-07-22T19:41:03.110Z</time>
      </trkpt>
      <trkpt lat="50.831105" lon="5.773217">
        <ele>116.646971</ele>
        <time>2026-07-22T19:41:24.217Z</time>
      </trkpt>
      <trkpt lat="50.830966" lon="5.773015">
        <ele>118.058912</ele>
        <time>2026-07-22T19:41:30.724Z</time>
      </trkpt>
      <trkpt lat="50.830861" lon="5.772864">
        <ele>119.120420</ele>
        <time>2026-07-22T19:41:37.211Z</time>
      </trkpt>
      <trkpt lat="50.830739" lon="5.772703">
        <ele>120.308954</ele>
        <time>2026-07-22T19:41:44.339Z</time>
      </trkpt>
      <trkpt lat="50.830473" lon="5.772481">
        <ele>122.559166</ele>
        <time>2026-07-22T19:41:52.929Z</time>
      </trkpt>
      <trkpt lat="50.830200" lon="5.772278">
        <ele>124.816234</ele>
        <time>2026-07-22T19:42:01.340Z</time>
      </trkpt>
      <trkpt lat="50.830051" lon="5.772167">
        <ele>125.677136</ele>
        <time>2026-07-22T19:42:06.871Z</time>
      </trkpt>
      <trkpt lat="50.829973" lon="5.772114">
        <ele>125.966194</ele>
        <time>2026-07-22T19:42:09.563Z</time>
      </trkpt>
      <trkpt lat="50.829747" lon="5.771990">
        <ele>126.780738</ele>
        <time>2026-07-22T19:42:15.774Z</time>
      </trkpt>
      <trkpt lat="50.829137" lon="5.771742">
        <ele>128.925478</ele>
        <time>2026-07-22T19:42:28.782Z</time>
      </trkpt>
      <trkpt lat="50.828254" lon="5.771358">
        <ele>131.587705</ele>
        <time>2026-07-22T19:42:48.986Z</time>
      </trkpt>
      <trkpt lat="50.828345" lon="5.770667">
        <ele>131.850496</ele>
        <time>2026-07-22T19:42:55.034Z</time>
      </trkpt>
      <trkpt lat="50.828614" lon="5.768310">
        <ele>132.237965</ele>
        <time>2026-07-22T19:43:12.116Z</time>
      </trkpt>
      <trkpt lat="50.828305" lon="5.768226">
        <ele>131.931934</ele>
        <time>2026-07-22T19:43:16.742Z</time>
      </trkpt>
      <trkpt lat="50.828137" lon="5.768181">
        <ele>131.765619</ele>
        <time>2026-07-22T19:43:18.725Z</time>
      </trkpt>
      <trkpt lat="50.827927" lon="5.768125">
        <ele>131.557749</ele>
        <time>2026-07-22T19:43:21.353Z</time>
      </trkpt>
      <trkpt lat="50.827573" lon="5.768026">
        <ele>131.206859</ele>
        <time>2026-07-22T19:43:25.009Z</time>
      </trkpt>
      <trkpt lat="50.827170" lon="5.767940">
        <ele>130.809932</ele>
        <time>2026-07-22T19:43:28.378Z</time>
      </trkpt>
      <trkpt lat="50.826996" lon="5.767947">
        <ele>130.497523</ele>
        <time>2026-07-22T19:43:29.721Z</time>
      </trkpt>
      <trkpt lat="50.826413" lon="5.767956">
        <ele>129.410758</ele>
        <time>2026-07-22T19:43:34.236Z</time>
      </trkpt>
      <trkpt lat="50.826384" lon="5.767919">
        <ele>129.341332</ele>
        <time>2026-07-22T19:43:34.596Z</time>
      </trkpt>
      <trkpt lat="50.826367" lon="5.767910">
        <ele>129.307919</ele>
        <time>2026-07-22T19:43:34.788Z</time>
      </trkpt>
      <trkpt lat="50.826339" lon="5.767897">
        <ele>129.253529</ele>
        <time>2026-07-22T19:43:35.138Z</time>
      </trkpt>
      <trkpt lat="50.826345" lon="5.767857">
        <ele>129.205122</ele>
        <time>2026-07-22T19:43:35.505Z</time>
      </trkpt>
      <trkpt lat="50.826357" lon="5.767707">
        <ele>129.027095</ele>
        <time>2026-07-22T19:43:37.456Z</time>
      </trkpt>
      <trkpt lat="50.826336" lon="5.767502">
        <ele>128.782566</ele>
        <time>2026-07-22T19:43:40.129Z</time>
      </trkpt>
      <trkpt lat="50.826365" lon="5.767283">
        <ele>128.519102</ele>
        <time>2026-07-22T19:43:42.793Z</time>
      </trkpt>
      <trkpt lat="50.826430" lon="5.766806">
        <ele>127.944544</ele>
        <time>2026-07-22T19:43:47.019Z</time>
      </trkpt>
      <trkpt lat="50.826502" lon="5.766478">
        <ele>127.535690</ele>
        <time>2026-07-22T19:43:49.925Z</time>
      </trkpt>
      <trkpt lat="50.826466" lon="5.766464">
        <ele>127.466591</ele>
        <time>2026-07-22T19:43:50.468Z</time>
      </trkpt>
      <trkpt lat="50.826453" lon="5.766458">
        <ele>127.440031</ele>
        <time>2026-07-22T19:43:50.667Z</time>
      </trkpt>
      <trkpt lat="50.826437" lon="5.766451">
        <ele>127.393860</ele>
        <time>2026-07-22T19:43:50.913Z</time>
      </trkpt>
      <trkpt lat="50.826407" lon="5.766438">
        <ele>127.307347</ele>
        <time>2026-07-22T19:43:51.392Z</time>
      </trkpt>
      <trkpt lat="50.826393" lon="5.766432">
        <ele>127.267005</ele>
        <time>2026-07-22T19:43:51.619Z</time>
      </trkpt>
      <trkpt lat="50.826380" lon="5.766427">
        <ele>127.229795</ele>
        <time>2026-07-22T19:43:51.833Z</time>
      </trkpt>
      <trkpt lat="50.826359" lon="5.766418">
        <ele>127.169282</ele>
        <time>2026-07-22T19:43:52.168Z</time>
      </trkpt>
      <trkpt lat="50.826286" lon="5.766618">
        <ele>126.763444</ele>
        <time>2026-07-22T19:43:54.235Z</time>
      </trkpt>
      <trkpt lat="50.826279" lon="5.766662">
        <ele>126.683723</ele>
        <time>2026-07-22T19:43:54.496Z</time>
      </trkpt>
      <trkpt lat="50.826240" lon="5.766662">
        <ele>126.575247</ele>
        <time>2026-07-22T19:43:54.832Z</time>
      </trkpt>
      <trkpt lat="50.826205" lon="5.766699">
        <ele>126.458187</ele>
        <time>2026-07-22T19:43:55.174Z</time>
      </trkpt>
      <trkpt lat="50.826184" lon="5.766695">
        <ele>126.399355</ele>
        <time>2026-07-22T19:43:55.337Z</time>
      </trkpt>
      <trkpt lat="50.825961" lon="5.766670">
        <ele>125.777540</ele>
        <time>2026-07-22T19:43:57.018Z</time>
      </trkpt>
      <trkpt lat="50.825753" lon="5.766586">
        <ele>125.180471</ele>
        <time>2026-07-22T19:43:58.694Z</time>
      </trkpt>
      <trkpt lat="50.825627" lon="5.766392">
        <ele>124.691589</ele>
        <time>2026-07-22T19:44:00.170Z</time>
      </trkpt>
      <trkpt lat="50.825545" lon="5.766117">
        <ele>124.157290</ele>
        <time>2026-07-22T19:44:01.907Z</time>
      </trkpt>
      <trkpt lat="50.825439" lon="5.765717">
        <ele>123.395153</ele>
        <time>2026-07-22T19:44:04.503Z</time>
      </trkpt>
      <trkpt lat="50.825299" lon="5.765313">
        <ele>122.585530</ele>
        <time>2026-07-22T19:44:06.955Z</time>
      </trkpt>
      <trkpt lat="50.825136" lon="5.764961">
        <ele>120.441036</ele>
        <time>2026-07-22T19:44:09.084Z</time>
      </trkpt>
      <trkpt lat="50.824984" lon="5.764690">
        <ele>118.395111</ele>
        <time>2026-07-22T19:44:10.802Z</time>
      </trkpt>
      <trkpt lat="50.824529" lon="5.763935">
        <ele>112.504322</ele>
        <time>2026-07-22T19:44:15.453Z</time>
      </trkpt>
      <trkpt lat="50.824309" lon="5.763635">
        <ele>109.909337</ele>
        <time>2026-07-22T19:44:17.428Z</time>
      </trkpt>
      <trkpt lat="50.824272" lon="5.763567">
        <ele>109.402672</ele>
        <time>2026-07-22T19:44:17.805Z</time>
      </trkpt>
      <trkpt lat="50.824195" lon="5.763232">
        <ele>107.390149</ele>
        <time>2026-07-22T19:44:19.295Z</time>
      </trkpt>
      <trkpt lat="50.824141" lon="5.763126">
        <ele>106.621387</ele>
        <time>2026-07-22T19:44:19.870Z</time>
      </trkpt>
      <trkpt lat="50.823774" lon="5.762775">
        <ele>102.842201</ele>
        <time>2026-07-22T19:44:22.713Z</time>
      </trkpt>
      <trkpt lat="50.823676" lon="5.762586">
        <ele>101.482151</ele>
        <time>2026-07-22T19:44:23.760Z</time>
      </trkpt>
      <trkpt lat="50.823610" lon="5.762214">
        <ele>99.332941</ele>
        <time>2026-07-22T19:44:25.469Z</time>
      </trkpt>
      <trkpt lat="50.823530" lon="5.762135">
        <ele>98.502717</ele>
        <time>2026-07-22T19:44:26.114Z</time>
      </trkpt>
      <trkpt lat="50.823462" lon="5.762180">
        <ele>97.853760</ele>
        <time>2026-07-22T19:44:26.629Z</time>
      </trkpt>
      <trkpt lat="50.823236" lon="5.762571">
        <ele>94.905909</ele>
        <time>2026-07-22T19:44:29.060Z</time>
      </trkpt>
      <trkpt lat="50.823094" lon="5.762657">
        <ele>93.567208</ele>
        <time>2026-07-22T19:44:30.073Z</time>
      </trkpt>
      <trkpt lat="50.822986" lon="5.762640">
        <ele>92.611573</ele>
        <time>2026-07-22T19:44:30.804Z</time>
      </trkpt>
      <trkpt lat="50.822638" lon="5.762480">
        <ele>91.073115</ele>
        <time>2026-07-22T19:44:33.669Z</time>
      </trkpt>
      <trkpt lat="50.822473" lon="5.762459">
        <ele>91.787122</ele>
        <time>2026-07-22T19:44:36.848Z</time>
      </trkpt>
      <trkpt lat="50.822325" lon="5.762493">
        <ele>92.432192</ele>
        <time>2026-07-22T19:44:41.571Z</time>
      </trkpt>
      <trkpt lat="50.821723" lon="5.762753">
        <ele>95.123772</ele>
        <time>2026-07-22T19:45:05.202Z</time>
      </trkpt>
      <trkpt lat="50.821379" lon="5.762943">
        <ele>96.695312</ele>
        <time>2026-07-22T19:45:17.759Z</time>
      </trkpt>
      <trkpt lat="50.821223" lon="5.762991">
        <ele>97.380796</ele>
        <time>2026-07-22T19:45:22.103Z</time>
      </trkpt>
      <trkpt lat="50.820641" lon="5.763124">
        <ele>100.527936</ele>
        <time>2026-07-22T19:45:39.234Z</time>
      </trkpt>
      <trkpt lat="50.819928" lon="5.763204">
        <ele>104.766898</ele>
        <time>2026-07-22T19:45:57.189Z</time>
      </trkpt>
      <trkpt lat="50.819580" lon="5.763312">
        <ele>106.869959</ele>
        <time>2026-07-22T19:46:09.030Z</time>
      </trkpt>
      <trkpt lat="50.818882" lon="5.763710">
        <ele>111.151293</ele>
        <time>2026-07-22T19:46:38.283Z</time>
      </trkpt>
      <trkpt lat="50.818389" lon="5.763902">
        <ele>114.008102</ele>
        <time>2026-07-22T19:46:55.852Z</time>
      </trkpt>
      <trkpt lat="50.817336" lon="5.764011">
        <ele>119.484268</ele>
        <time>2026-07-22T19:47:21.425Z</time>
      </trkpt>
      <trkpt lat="50.816516" lon="5.763941">
        <ele>121.654245</ele>
        <time>2026-07-22T19:47:37.510Z</time>
      </trkpt>
      <trkpt lat="50.816331" lon="5.763887">
        <ele>122.151346</ele>
        <time>2026-07-22T19:47:41.136Z</time>
      </trkpt>
      <trkpt lat="50.816201" lon="5.763810">
        <ele>122.518134</ele>
        <time>2026-07-22T19:47:43.849Z</time>
      </trkpt>
      <trkpt lat="50.815621" lon="5.763331">
        <ele>124.209357</ele>
        <time>2026-07-22T19:47:56.557Z</time>
      </trkpt>
      <trkpt lat="50.815322" lon="5.763189">
        <ele>124.960322</ele>
        <time>2026-07-22T19:48:02.784Z</time>
      </trkpt>
      <trkpt lat="50.815056" lon="5.763172">
        <ele>125.600740</ele>
        <time>2026-07-22T19:48:07.974Z</time>
      </trkpt>
      <trkpt lat="50.814632" lon="5.763270">
        <ele>126.631544</ele>
        <time>2026-07-22T19:48:16.287Z</time>
      </trkpt>
      <trkpt lat="50.814146" lon="5.763397">
        <ele>127.816507</ele>
        <time>2026-07-22T19:48:27.004Z</time>
      </trkpt>
      <trkpt lat="50.813922" lon="5.763492">
        <ele>128.220917</ele>
        <time>2026-07-22T19:48:31.952Z</time>
      </trkpt>
      <trkpt lat="50.812751" lon="5.764357">
        <ele>129.152489</ele>
        <time>2026-07-22T19:48:50.864Z</time>
      </trkpt>
      <trkpt lat="50.811820" lon="5.764918">
        <ele>129.565270</ele>
        <time>2026-07-22T19:49:00.516Z</time>
      </trkpt>
      <trkpt lat="50.811369" lon="5.765187">
        <ele>129.659362</ele>
        <time>2026-07-22T19:49:06.851Z</time>
      </trkpt>
      <trkpt lat="50.810544" lon="5.765696">
        <ele>130.039179</ele>
        <time>2026-07-22T19:49:20.942Z</time>
      </trkpt>
      <trkpt lat="50.810381" lon="5.765766">
        <ele>130.305615</ele>
        <time>2026-07-22T19:49:22.858Z</time>
      </trkpt>
      <trkpt lat="50.810015" lon="5.765844">
        <ele>130.888202</ele>
        <time>2026-07-22T19:49:26.779Z</time>
      </trkpt>
      <trkpt lat="50.809184" lon="5.765882">
        <ele>132.199674</ele>
        <time>2026-07-22T19:49:41.253Z</time>
      </trkpt>
      <trkpt lat="50.808748" lon="5.765967">
        <ele>132.780774</ele>
        <time>2026-07-22T19:49:53.223Z</time>
      </trkpt>
      <trkpt lat="50.808549" lon="5.766035">
        <ele>132.959474</ele>
        <time>2026-07-22T19:49:57.699Z</time>
      </trkpt>
      <trkpt lat="50.808474" lon="5.766068">
        <ele>133.027803</ele>
        <time>2026-07-22T19:49:59.098Z</time>
      </trkpt>
      <trkpt lat="50.808316" lon="5.766045">
        <ele>133.167075</ele>
        <time>2026-07-22T19:50:01.992Z</time>
      </trkpt>
      <trkpt lat="50.808229" lon="5.766061">
        <ele>133.243954</ele>
        <time>2026-07-22T19:50:03.453Z</time>
      </trkpt>
      <trkpt lat="50.807270" lon="5.766484">
        <ele>134.117813</ele>
        <time>2026-07-22T19:50:16.202Z</time>
      </trkpt>
      <trkpt lat="50.807142" lon="5.766506">
        <ele>134.189176</ele>
        <time>2026-07-22T19:50:17.330Z</time>
      </trkpt>
      <trkpt lat="50.806885" lon="5.766479">
        <ele>133.606366</ele>
        <time>2026-07-22T19:50:19.453Z</time>
      </trkpt>
      <trkpt lat="50.806648" lon="5.766366">
        <ele>133.046277</ele>
        <time>2026-07-22T19:50:22.414Z</time>
      </trkpt>
      <trkpt lat="50.806476" lon="5.766338">
        <ele>132.655028</ele>
        <time>2026-07-22T19:50:24.800Z</time>
      </trkpt>
      <trkpt lat="50.806401" lon="5.766327">
        <ele>132.484594</ele>
        <time>2026-07-22T19:50:25.910Z</time>
      </trkpt>
      <trkpt lat="50.806358" lon="5.766704">
        <ele>131.936797</ele>
        <time>2026-07-22T19:50:28.977Z</time>
      </trkpt>
      <trkpt lat="50.806347" lon="5.767154">
        <ele>131.292844</ele>
        <time>2026-07-22T19:50:31.177Z</time>
      </trkpt>
      <trkpt lat="50.806407" lon="5.767675">
        <ele>130.535577</ele>
        <time>2026-07-22T19:50:33.751Z</time>
      </trkpt>
      <trkpt lat="50.806432" lon="5.768610">
        <ele>129.086204</ele>
        <time>2026-07-22T19:50:38.404Z</time>
      </trkpt>
      <trkpt lat="50.806527" lon="5.769356">
        <ele>127.870924</ele>
        <time>2026-07-22T19:50:42.437Z</time>
      </trkpt>
      <trkpt lat="50.806742" lon="5.770188">
        <ele>126.435463</ele>
        <time>2026-07-22T19:50:47.551Z</time>
      </trkpt>
      <trkpt lat="50.807101" lon="5.771289">
        <ele>125.801474</ele>
        <time>2026-07-22T19:50:54.573Z</time>
      </trkpt>
      <trkpt lat="50.807329" lon="5.772078">
        <ele>126.040012</ele>
        <time>2026-07-22T19:51:00.142Z</time>
      </trkpt>
      <trkpt lat="50.807353" lon="5.772688">
        <ele>126.208053</ele>
        <time>2026-07-22T19:51:06.725Z</time>
      </trkpt>
      <trkpt lat="50.807288" lon="5.774380">
        <ele>128.025866</ele>
        <time>2026-07-22T19:51:30.453Z</time>
      </trkpt>
      <trkpt lat="50.807408" lon="5.775617">
        <ele>129.987437</ele>
        <time>2026-07-22T19:51:45.662Z</time>
      </trkpt>
      <trkpt lat="50.807461" lon="5.775877">
        <ele>130.415635</ele>
        <time>2026-07-22T19:51:48.717Z</time>
      </trkpt>
      <trkpt lat="50.807269" lon="5.776150">
        <ele>130.822570</ele>
        <time>2026-07-22T19:51:53.428Z</time>
      </trkpt>
      <trkpt lat="50.806857" lon="5.776644">
        <ele>130.667326</ele>
        <time>2026-07-22T19:52:03.107Z</time>
      </trkpt>
      <trkpt lat="50.806789" lon="5.776713">
        <ele>130.643065</ele>
        <time>2026-07-22T19:52:04.300Z</time>
      </trkpt>
      <trkpt lat="50.806618" lon="5.776675">
        <ele>130.591205</ele>
        <time>2026-07-22T19:52:05.998Z</time>
      </trkpt>
      <trkpt lat="50.806214" lon="5.776584">
        <ele>130.468649</ele>
        <time>2026-07-22T19:52:09.673Z</time>
      </trkpt>
      <trkpt lat="50.805691" lon="5.776061">
        <ele>130.290193</ele>
        <time>2026-07-22T19:52:14.752Z</time>
      </trkpt>
      <trkpt lat="50.804607" lon="5.774170">
        <ele>129.949660</ele>
        <time>2026-07-22T19:52:34.650Z</time>
      </trkpt>
      <trkpt lat="50.804410" lon="5.774018">
        <ele>129.966625</ele>
        <time>2026-07-22T19:52:38.062Z</time>
      </trkpt>
      <trkpt lat="50.804157" lon="5.773879">
        <ele>130.055644</ele>
        <time>2026-07-22T19:52:41.738Z</time>
      </trkpt>
      <trkpt lat="50.804088" lon="5.773807">
        <ele>130.083117</ele>
        <time>2026-07-22T19:52:42.761Z</time>
      </trkpt>
      <trkpt lat="50.803720" lon="5.773302">
        <ele>130.245030</ele>
        <time>2026-07-22T19:52:48.337Z</time>
      </trkpt>
      <trkpt lat="50.803159" lon="5.772642">
        <ele>130.477395</ele>
        <time>2026-07-22T19:52:56.779Z</time>
      </trkpt>
      <trkpt lat="50.802878" lon="5.772269">
        <ele>130.873674</ele>
        <time>2026-07-22T19:53:02.107Z</time>
      </trkpt>
      <trkpt lat="50.802550" lon="5.771787">
        <ele>131.577860</ele>
        <time>2026-07-22T19:53:09.647Z</time>
      </trkpt>
      <trkpt lat="50.802339" lon="5.771403">
        <ele>132.083754</ele>
        <time>2026-07-22T19:53:15.375Z</time>
      </trkpt>
      <trkpt lat="50.801513" lon="5.769302">
        <ele>135.168213</ele>
        <time>2026-07-22T19:53:43.550Z</time>
      </trkpt>
      <trkpt lat="50.801440" lon="5.769167">
        <ele>135.437665</ele>
        <time>2026-07-22T19:53:45.916Z</time>
      </trkpt>
      <trkpt lat="50.801136" lon="5.768994">
        <ele>136.212903</ele>
        <time>2026-07-22T19:53:53.295Z</time>
      </trkpt>
      <trkpt lat="50.800642" lon="5.768803">
        <ele>137.433204</ele>
        <time>2026-07-22T19:54:04.533Z</time>
      </trkpt>
      <trkpt lat="50.799771" lon="5.768546">
        <ele>138.412448</ele>
        <time>2026-07-22T19:54:19.421Z</time>
      </trkpt>
      <trkpt lat="50.799348" lon="5.768422">
        <ele>138.817660</ele>
        <time>2026-07-22T19:54:26.375Z</time>
      </trkpt>
      <trkpt lat="50.798920" lon="5.768453">
        <ele>139.221223</ele>
        <time>2026-07-22T19:54:30.957Z</time>
      </trkpt>
      <trkpt lat="50.798487" lon="5.768578">
        <ele>139.067792</ele>
        <time>2026-07-22T19:54:35.411Z</time>
      </trkpt>
      <trkpt lat="50.798111" lon="5.768755">
        <ele>138.660657</ele>
        <time>2026-07-22T19:54:39.481Z</time>
      </trkpt>
      <trkpt lat="50.797599" lon="5.768947">
        <ele>138.114560</ele>
        <time>2026-07-22T19:54:46.318Z</time>
      </trkpt>
      <trkpt lat="50.797320" lon="5.769019">
        <ele>137.821175</ele>
        <time>2026-07-22T19:54:50.082Z</time>
      </trkpt>
      <trkpt lat="50.797011" lon="5.768978">
        <ele>137.499356</ele>
        <time>2026-07-22T19:54:54.569Z</time>
      </trkpt>
      <trkpt lat="50.796338" lon="5.768693">
        <ele>136.431699</ele>
        <time>2026-07-22T19:55:01.380Z</time>
      </trkpt>
      <trkpt lat="50.796225" lon="5.768684">
        <ele>136.258273</ele>
        <time>2026-07-22T19:55:02.453Z</time>
      </trkpt>
      <trkpt lat="50.795391" lon="5.768654">
        <ele>134.979578</ele>
        <time>2026-07-22T19:55:09.635Z</time>
      </trkpt>
      <trkpt lat="50.795136" lon="5.768661">
        <ele>134.583660</ele>
        <time>2026-07-22T19:55:13.177Z</time>
      </trkpt>
      <trkpt lat="50.794650" lon="5.768780">
        <ele>133.805283</ele>
        <time>2026-07-22T19:55:19.571Z</time>
      </trkpt>
      <trkpt lat="50.794612" lon="5.768798">
        <ele>133.742500</ele>
        <time>2026-07-22T19:55:20.098Z</time>
      </trkpt>
      <trkpt lat="50.794544" lon="5.768831">
        <ele>133.629923</ele>
        <time>2026-07-22T19:55:21.002Z</time>
      </trkpt>
      <trkpt lat="50.794469" lon="5.768119">
        <ele>132.907768</ele>
        <time>2026-07-22T19:55:24.771Z</time>
      </trkpt>
      <trkpt lat="50.794455" lon="5.767726">
        <ele>132.513961</ele>
        <time>2026-07-22T19:55:27.139Z</time>
      </trkpt>
      <trkpt lat="50.794468" lon="5.767343">
        <ele>132.130231</ele>
        <time>2026-07-22T19:55:29.260Z</time>
      </trkpt>
      <trkpt lat="50.794506" lon="5.767027">
        <ele>131.887955</ele>
        <time>2026-07-22T19:55:31.750Z</time>
      </trkpt>
      <trkpt lat="50.794607" lon="5.766565">
        <ele>131.847835</ele>
        <time>2026-07-22T19:55:36.157Z</time>
      </trkpt>
      <trkpt lat="50.794711" lon="5.766242">
        <ele>131.818086</ele>
        <time>2026-07-22T19:55:39.410Z</time>
      </trkpt>
      <trkpt lat="50.794854" lon="5.765925">
        <ele>131.786125</ele>
        <time>2026-07-22T19:55:41.869Z</time>
      </trkpt>
      <trkpt lat="50.795006" lon="5.765666">
        <ele>131.757120</ele>
        <time>2026-07-22T19:55:44.248Z</time>
      </trkpt>
      <trkpt lat="50.795129" lon="5.765495">
        <ele>131.735860</ele>
        <time>2026-07-22T19:55:46.518Z</time>
      </trkpt>
      <trkpt lat="50.795385" lon="5.765235">
        <ele>131.696362</ele>
        <time>2026-07-22T19:55:50.478Z</time>
      </trkpt>
      <trkpt lat="50.795294" lon="5.764975">
        <ele>131.671972</ele>
        <time>2026-07-22T19:55:53.194Z</time>
      </trkpt>
      <trkpt lat="50.795216" lon="5.764822">
        <ele>131.571372</ele>
        <time>2026-07-22T19:55:55.464Z</time>
      </trkpt>
      <trkpt lat="50.795020" lon="5.764616">
        <ele>131.087655</ele>
        <time>2026-07-22T19:55:58.183Z</time>
      </trkpt>
      <trkpt lat="50.794853" lon="5.764499">
        <ele>130.712205</ele>
        <time>2026-07-22T19:55:59.713Z</time>
      </trkpt>
      <trkpt lat="50.794706" lon="5.764457">
        <ele>130.405136</ele>
        <time>2026-07-22T19:56:00.923Z</time>
      </trkpt>
      <trkpt lat="50.794533" lon="5.764479">
        <ele>130.048361</ele>
        <time>2026-07-22T19:56:02.339Z</time>
      </trkpt>
      <trkpt lat="50.794303" lon="5.764613">
        <ele>129.544519</ele>
        <time>2026-07-22T19:56:04.364Z</time>
      </trkpt>
      <trkpt lat="50.794154" lon="5.764738">
        <ele>129.197826</ele>
        <time>2026-07-22T19:56:05.768Z</time>
      </trkpt>
      <trkpt lat="50.793591" lon="5.765353">
        <ele>127.362866</ele>
        <time>2026-07-22T19:56:11.595Z</time>
      </trkpt>
      <trkpt lat="50.793308" lon="5.765503">
        <ele>125.227363</ele>
        <time>2026-07-22T19:56:14.095Z</time>
      </trkpt>
      <trkpt lat="50.793106" lon="5.765535">
        <ele>123.774819</ele>
        <time>2026-07-22T19:56:15.783Z</time>
      </trkpt>
      <trkpt lat="50.792597" lon="5.765471">
        <ele>120.121423</ele>
        <time>2026-07-22T19:56:19.593Z</time>
      </trkpt>
      <trkpt lat="50.792527" lon="5.765458">
        <ele>119.617132</ele>
        <time>2026-07-22T19:56:20.081Z</time>
      </trkpt>
      <trkpt lat="50.791664" lon="5.765327">
        <ele>113.099696</ele>
        <time>2026-07-22T19:56:25.960Z</time>
      </trkpt>
      <trkpt lat="50.791365" lon="5.765226">
        <ele>110.503076</ele>
        <time>2026-07-22T19:56:27.965Z</time>
      </trkpt>
      <trkpt lat="50.791156" lon="5.765047">
        <ele>108.484610</ele>
        <time>2026-07-22T19:56:29.598Z</time>
      </trkpt>
      <trkpt lat="50.790987" lon="5.764785">
        <ele>106.474969</ele>
        <time>2026-07-22T19:56:31.476Z</time>
      </trkpt>
      <trkpt lat="50.790362" lon="5.763355">
        <ele>98.887592</ele>
        <time>2026-07-22T19:56:39.658Z</time>
      </trkpt>
      <trkpt lat="50.789972" lon="5.762253">
        <ele>96.528860</ele>
        <time>2026-07-22T19:56:46.536Z</time>
      </trkpt>
      <trkpt lat="50.789970" lon="5.762159">
        <ele>96.353200</ele>
        <time>2026-07-22T19:56:47.939Z</time>
      </trkpt>
      <trkpt lat="50.789952" lon="5.761967">
        <ele>95.990687</ele>
        <time>2026-07-22T19:56:50.106Z</time>
      </trkpt>
      <trkpt lat="50.789920" lon="5.761850">
        <ele>95.752595</ele>
        <time>2026-07-22T19:56:50.665Z</time>
      </trkpt>
      <trkpt lat="50.789906" lon="5.761861">
        <ele>95.706412</ele>
        <time>2026-07-22T19:56:50.773Z</time>
      </trkpt>
      <trkpt lat="50.789898" lon="5.761868">
        <ele>95.679402</ele>
        <time>2026-07-22T19:56:50.837Z</time>
      </trkpt>
      <trkpt lat="50.789887" lon="5.761876">
        <ele>95.643634</ele>
        <time>2026-07-22T19:56:50.915Z</time>
      </trkpt>
      <trkpt lat="50.789876" lon="5.761884">
        <ele>95.607865</ele>
        <time>2026-07-22T19:56:51.001Z</time>
      </trkpt>
      <trkpt lat="50.789854" lon="5.761902">
        <ele>95.534689</ele>
        <time>2026-07-22T19:56:51.172Z</time>
      </trkpt>
      <trkpt lat="50.789843" lon="5.761910">
        <ele>95.498921</ele>
        <time>2026-07-22T19:56:51.252Z</time>
      </trkpt>
      <trkpt lat="50.789832" lon="5.761919">
        <ele>95.462333</ele>
        <time>2026-07-22T19:56:51.337Z</time>
      </trkpt>
      <trkpt lat="50.789819" lon="5.761929">
        <ele>95.419625</ele>
        <time>2026-07-22T19:56:51.438Z</time>
      </trkpt>
      <trkpt lat="50.789803" lon="5.761924">
        <ele>95.371441</ele>
        <time>2026-07-22T19:56:51.557Z</time>
      </trkpt>
      <trkpt lat="50.789542" lon="5.760961">
        <ele>94.701783</ele>
        <time>2026-07-22T19:56:57.897Z</time>
      </trkpt>
      <trkpt lat="50.789420" lon="5.760350">
        <ele>94.917438</ele>
        <time>2026-07-22T19:57:02.069Z</time>
      </trkpt>
      <trkpt lat="50.789332" lon="5.759748">
        <ele>95.125398</ele>
        <time>2026-07-22T19:57:05.907Z</time>
      </trkpt>
      <trkpt lat="50.789301" lon="5.759586">
        <ele>95.182365</ele>
        <time>2026-07-22T19:57:07.987Z</time>
      </trkpt>
      <trkpt lat="50.789318" lon="5.759582">
        <ele>95.191515</ele>
        <time>2026-07-22T19:57:08.391Z</time>
      </trkpt>
      <trkpt lat="50.789342" lon="5.759575">
        <ele>95.204508</ele>
        <time>2026-07-22T19:57:09.130Z</time>
      </trkpt>
      <trkpt lat="50.789368" lon="5.759567">
        <ele>95.218610</ele>
        <time>2026-07-22T19:57:09.811Z</time>
      </trkpt>
      <trkpt lat="50.789352" lon="5.759380">
        <ele>95.282122</ele>
        <time>2026-07-22T19:57:11.620Z</time>
      </trkpt>
      <trkpt lat="50.789267" lon="5.759402">
        <ele>95.327977</ele>
        <time>2026-07-22T19:57:12.357Z</time>
      </trkpt>
      <trkpt lat="50.789233" lon="5.759411">
        <ele>95.346330</ele>
        <time>2026-07-22T19:57:12.671Z</time>
      </trkpt>
      <trkpt lat="50.788908" lon="5.759522">
        <ele>96.142411</ele>
        <time>2026-07-22T19:57:21.587Z</time>
      </trkpt>
      <trkpt lat="50.788644" lon="5.759511">
        <ele>97.721227</ele>
        <time>2026-07-22T19:57:31.469Z</time>
      </trkpt>
      <trkpt lat="50.788428" lon="5.759406">
        <ele>99.072139</ele>
        <time>2026-07-22T19:57:39.548Z</time>
      </trkpt>
      <trkpt lat="50.788150" lon="5.759180">
        <ele>100.940746</ele>
        <time>2026-07-22T19:57:49.929Z</time>
      </trkpt>
      <trkpt lat="50.787558" lon="5.758510">
        <ele>105.292496</ele>
        <time>2026-07-22T19:58:13.322Z</time>
      </trkpt>
      <trkpt lat="50.787255" lon="5.758116">
        <ele>107.648113</ele>
        <time>2026-07-22T19:58:24.932Z</time>
      </trkpt>
      <trkpt lat="50.787064" lon="5.757960">
        <ele>108.942862</ele>
        <time>2026-07-22T19:58:31.224Z</time>
      </trkpt>
      <trkpt lat="50.786958" lon="5.757963">
        <ele>109.581425</ele>
        <time>2026-07-22T19:58:34.651Z</time>
      </trkpt>
      <trkpt lat="50.786383" lon="5.758272">
        <ele>113.239198</ele>
        <time>2026-07-22T19:58:56.957Z</time>
      </trkpt>
      <trkpt lat="50.786151" lon="5.758347">
        <ele>114.665472</ele>
        <time>2026-07-22T19:59:04.635Z</time>
      </trkpt>
      <trkpt lat="50.785697" lon="5.758441">
        <ele>117.292066</ele>
        <time>2026-07-22T19:59:15.486Z</time>
      </trkpt>
      <trkpt lat="50.785562" lon="5.758460">
        <ele>117.821934</ele>
        <time>2026-07-22T19:59:19.444Z</time>
      </trkpt>
      <trkpt lat="50.785097" lon="5.758447">
        <ele>119.640136</ele>
        <time>2026-07-22T19:59:30.865Z</time>
      </trkpt>
      <trkpt lat="50.784843" lon="5.758442">
        <ele>120.633226</ele>
        <time>2026-07-22T19:59:39.216Z</time>
      </trkpt>
      <trkpt lat="50.784628" lon="5.758483">
        <ele>121.479856</ele>
        <time>2026-07-22T19:59:45.388Z</time>
      </trkpt>
      <trkpt lat="50.783919" lon="5.758800">
        <ele>124.138504</ele>
        <time>2026-07-22T20:00:01.982Z</time>
      </trkpt>
      <trkpt lat="50.783721" lon="5.758485">
        <ele>124.364357</ele>
        <time>2026-07-22T20:00:04.431Z</time>
      </trkpt>
      <trkpt lat="50.780913" lon="5.756339">
        <ele>126.729187</ele>
        <time>2026-07-22T20:00:47.835Z</time>
      </trkpt>
      <trkpt lat="50.780462" lon="5.756122">
        <ele>127.173199</ele>
        <time>2026-07-22T20:00:55.234Z</time>
      </trkpt>
      <trkpt lat="50.779140" lon="5.755629">
        <ele>128.563628</ele>
        <time>2026-07-22T20:01:16.697Z</time>
      </trkpt>
      <trkpt lat="50.779022" lon="5.755542">
        <ele>128.663956</ele>
        <time>2026-07-22T20:01:18.288Z</time>
      </trkpt>
      <trkpt lat="50.777769" lon="5.754397">
        <ele>128.776307</ele>
        <time>2026-07-22T20:01:37.303Z</time>
      </trkpt>
      <trkpt lat="50.777635" lon="5.754272">
        <ele>128.788386</ele>
        <time>2026-07-22T20:01:38.868Z</time>
      </trkpt>
      <trkpt lat="50.777533" lon="5.754180">
        <ele>128.797502</ele>
        <time>2026-07-22T20:01:39.933Z</time>
      </trkpt>
      <trkpt lat="50.776855" lon="5.753574">
        <ele>127.697992</ele>
        <time>2026-07-22T20:01:47.076Z</time>
      </trkpt>
      <trkpt lat="50.776129" lon="5.753049">
        <ele>126.500288</ele>
        <time>2026-07-22T20:01:54.042Z</time>
      </trkpt>
      <trkpt lat="50.775651" lon="5.752548">
        <ele>126.401288</ele>
        <time>2026-07-22T20:01:59.522Z</time>
      </trkpt>
      <trkpt lat="50.775487" lon="5.752333">
        <ele>126.607881</ele>
        <time>2026-07-22T20:02:01.739Z</time>
      </trkpt>
      <trkpt lat="50.775239" lon="5.751914">
        <ele>126.959835</ele>
        <time>2026-07-22T20:02:06.991Z</time>
      </trkpt>
      <trkpt lat="50.774955" lon="5.751357">
        <ele>127.398630</ele>
        <time>2026-07-22T20:02:15.038Z</time>
      </trkpt>
      <trkpt lat="50.774493" lon="5.750339">
        <ele>128.578906</ele>
        <time>2026-07-22T20:02:30.831Z</time>
      </trkpt>
      <trkpt lat="50.774265" lon="5.749946">
        <ele>129.326412</ele>
        <time>2026-07-22T20:02:38.877Z</time>
      </trkpt>
      <trkpt lat="50.773899" lon="5.749545">
        <ele>130.313285</ele>
        <time>2026-07-22T20:02:48.214Z</time>
      </trkpt>
      <trkpt lat="50.773760" lon="5.749355">
        <ele>130.720506</ele>
        <time>2026-07-22T20:02:51.559Z</time>
      </trkpt>
      <trkpt lat="50.773519" lon="5.748904">
        <ele>131.548087</ele>
        <time>2026-07-22T20:02:57.829Z</time>
      </trkpt>
      <trkpt lat="50.773395" lon="5.748561">
        <ele>131.724940</ele>
        <time>2026-07-22T20:03:01.508Z</time>
      </trkpt>
      <trkpt lat="50.773311" lon="5.748202">
        <ele>131.508876</ele>
        <time>2026-07-22T20:03:04.510Z</time>
      </trkpt>
      <trkpt lat="50.773288" lon="5.747972">
        <ele>131.377438</ele>
        <time>2026-07-22T20:03:06.222Z</time>
      </trkpt>
      <trkpt lat="50.773286" lon="5.747545">
        <ele>131.136410</ele>
        <time>2026-07-22T20:03:09.185Z</time>
      </trkpt>
      <trkpt lat="50.773292" lon="5.747096">
        <ele>130.882914</ele>
        <time>2026-07-22T20:03:11.745Z</time>
      </trkpt>
      <trkpt lat="50.773281" lon="5.745688">
        <ele>129.927671</ele>
        <time>2026-07-22T20:03:19.527Z</time>
      </trkpt>
      <trkpt lat="50.773238" lon="5.745214">
        <ele>129.346823</ele>
        <time>2026-07-22T20:03:22.220Z</time>
      </trkpt>
      <trkpt lat="50.773158" lon="5.744720">
        <ele>128.728264</ele>
        <time>2026-07-22T20:03:25.109Z</time>
      </trkpt>
      <trkpt lat="50.773026" lon="5.744285">
        <ele>128.143005</ele>
        <time>2026-07-22T20:03:27.840Z</time>
      </trkpt>
      <trkpt lat="50.772667" lon="5.743405">
        <ele>126.872719</ele>
        <time>2026-07-22T20:03:33.696Z</time>
      </trkpt>
      <trkpt lat="50.772195" lon="5.741544">
        <ele>124.549220</ele>
        <time>2026-07-22T20:03:44.784Z</time>
      </trkpt>
      <trkpt lat="50.771934" lon="5.740865">
        <ele>123.630194</ele>
        <time>2026-07-22T20:03:49.538Z</time>
      </trkpt>
      <trkpt lat="50.771503" lon="5.739860">
        <ele>121.883351</ele>
        <time>2026-07-22T20:03:56.522Z</time>
      </trkpt>
      <trkpt lat="50.770998" lon="5.738862">
        <ele>120.004094</ele>
        <time>2026-07-22T20:04:03.280Z</time>
      </trkpt>
      <trkpt lat="50.770738" lon="5.738291">
        <ele>118.562986</ele>
        <time>2026-07-22T20:04:06.971Z</time>
      </trkpt>
      <trkpt lat="50.770520" lon="5.737746">
        <ele>116.470756</ele>
        <time>2026-07-22T20:04:10.281Z</time>
      </trkpt>
      <trkpt lat="50.770190" lon="5.736699">
        <ele>112.675290</ele>
        <time>2026-07-22T20:04:15.963Z</time>
      </trkpt>
      <trkpt lat="50.770095" lon="5.736483">
        <ele>111.821671</ele>
        <time>2026-07-22T20:04:17.175Z</time>
      </trkpt>
      <trkpt lat="50.769895" lon="5.736143">
        <ele>110.315134</ele>
        <time>2026-07-22T20:04:19.223Z</time>
      </trkpt>
      <trkpt lat="50.769837" lon="5.736054">
        <ele>109.892205</ele>
        <time>2026-07-22T20:04:19.780Z</time>
      </trkpt>
      <trkpt lat="50.769627" lon="5.735696">
        <ele>108.234389</ele>
        <time>2026-07-22T20:04:21.882Z</time>
      </trkpt>
      <trkpt lat="50.769585" lon="5.735501">
        <ele>107.534983</ele>
        <time>2026-07-22T20:04:22.826Z</time>
      </trkpt>
      <trkpt lat="50.769598" lon="5.735314">
        <ele>106.896256</ele>
        <time>2026-07-22T20:04:23.759Z</time>
      </trkpt>
      <trkpt lat="50.769773" lon="5.734740">
        <ele>104.732785</ele>
        <time>2026-07-22T20:04:27.023Z</time>
      </trkpt>
      <trkpt lat="50.769774" lon="5.734535">
        <ele>104.036749</ele>
        <time>2026-07-22T20:04:27.963Z</time>
      </trkpt>
      <trkpt lat="50.769735" lon="5.734426">
        <ele>103.611553</ele>
        <time>2026-07-22T20:04:28.527Z</time>
      </trkpt>
      <trkpt lat="50.769667" lon="5.734335">
        <ele>103.133305</ele>
        <time>2026-07-22T20:04:29.162Z</time>
      </trkpt>
      <trkpt lat="50.769592" lon="5.734302">
        <ele>102.715375</ele>
        <time>2026-07-22T20:04:29.724Z</time>
      </trkpt>
      <trkpt lat="50.769500" lon="5.734329">
        <ele>102.213045</ele>
        <time>2026-07-22T20:04:30.437Z</time>
      </trkpt>
      <trkpt lat="50.769387" lon="5.734451">
        <ele>101.478486</ele>
        <time>2026-07-22T20:04:31.588Z</time>
      </trkpt>
      <trkpt lat="50.768946" lon="5.735165">
        <ele>97.273430</ele>
        <time>2026-07-22T20:04:37.706Z</time>
      </trkpt>
      <trkpt lat="50.768816" lon="5.735225">
        <ele>96.291969</ele>
        <time>2026-07-22T20:04:38.728Z</time>
      </trkpt>
      <trkpt lat="50.767713" lon="5.734408">
        <ele>87.464561</ele>
        <time>2026-07-22T20:04:47.153Z</time>
      </trkpt>
      <trkpt lat="50.767077" lon="5.733808">
        <ele>81.988194</ele>
        <time>2026-07-22T20:04:52.288Z</time>
      </trkpt>
      <trkpt lat="50.765846" lon="5.732611">
        <ele>73.480081</ele>
        <time>2026-07-22T20:05:02.804Z</time>
      </trkpt>
      <trkpt lat="50.765781" lon="5.732767">
        <ele>73.290496</ele>
        <time>2026-07-22T20:05:04.169Z</time>
      </trkpt>
      <trkpt lat="50.765354" lon="5.733547">
        <ele>72.243573</ele>
        <time>2026-07-22T20:05:10.847Z</time>
      </trkpt>
      <trkpt lat="50.765077" lon="5.734129">
        <ele>71.504369</ele>
        <time>2026-07-22T20:05:16.418Z</time>
      </trkpt>
      <trkpt lat="50.764972" lon="5.734433">
        <ele>71.238444</ele>
        <time>2026-07-22T20:05:19.184Z</time>
      </trkpt>
      <trkpt lat="50.764796" lon="5.735170">
        <ele>71.943838</ele>
        <time>2026-07-22T20:05:27.432Z</time>
      </trkpt>
      <trkpt lat="50.764764" lon="5.735227">
        <ele>72.012082</ele>
        <time>2026-07-22T20:05:28.298Z</time>
      </trkpt>
      <trkpt lat="50.764944" lon="5.735471">
        <ele>72.347744</ele>
        <time>2026-07-22T20:05:33.149Z</time>
      </trkpt>
      <trkpt lat="50.764846" lon="5.735965">
        <ele>72.811328</ele>
        <time>2026-07-22T20:05:38.437Z</time>
      </trkpt>
      <trkpt lat="50.764839" lon="5.736156">
        <ele>72.982641</ele>
        <time>2026-07-22T20:05:40.345Z</time>
      </trkpt>
      <trkpt lat="50.764897" lon="5.736521">
        <ele>73.319626</ele>
        <time>2026-07-22T20:05:44.579Z</time>
      </trkpt>
      <trkpt lat="50.764707" lon="5.738186">
        <ele>74.282518</ele>
        <time>2026-07-22T20:06:06.717Z</time>
      </trkpt>
      <trkpt lat="50.764462" lon="5.739101">
        <ele>74.721594</ele>
        <time>2026-07-22T20:06:17.715Z</time>
      </trkpt>
      <trkpt lat="50.764317" lon="5.739902">
        <ele>74.991127</ele>
        <time>2026-07-22T20:06:25.978Z</time>
      </trkpt>
      <trkpt lat="50.763952" lon="5.741146">
        <ele>74.921974</ele>
        <time>2026-07-22T20:06:39.641Z</time>
      </trkpt>
      <trkpt lat="50.763300" lon="5.743255">
        <ele>75.185392</ele>
        <time>2026-07-22T20:07:03.420Z</time>
      </trkpt>
      <trkpt lat="50.762799" lon="5.744788">
        <ele>75.710944</ele>
        <time>2026-07-22T20:07:23.731Z</time>
      </trkpt>
      <trkpt lat="50.762692" lon="5.745219">
        <ele>76.399326</ele>
        <time>2026-07-22T20:07:29.105Z</time>
      </trkpt>
      <trkpt lat="50.762620" lon="5.745662">
        <ele>77.134115</ele>
        <time>2026-07-22T20:07:34.695Z</time>
      </trkpt>
      <trkpt lat="50.762600" lon="5.745932">
        <ele>77.570830</ele>
        <time>2026-07-22T20:07:38.186Z</time>
      </trkpt>
      <trkpt lat="50.762611" lon="5.746388">
        <ele>78.303920</ele>
        <time>2026-07-22T20:07:44.641Z</time>
      </trkpt>
      <trkpt lat="50.762704" lon="5.747136">
        <ele>79.528562</ele>
        <time>2026-07-22T20:07:58.200Z</time>
      </trkpt>
      <trkpt lat="50.762843" lon="5.747911">
        <ele>80.863521</ele>
        <time>2026-07-22T20:08:14.534Z</time>
      </trkpt>
      <trkpt lat="50.762921" lon="5.748876">
        <ele>82.546701</ele>
        <time>2026-07-22T20:08:34.004Z</time>
      </trkpt>
      <trkpt lat="50.762828" lon="5.749760">
        <ele>84.097172</ele>
        <time>2026-07-22T20:08:48.172Z</time>
      </trkpt>
      <trkpt lat="50.762779" lon="5.750646">
        <ele>84.795527</ele>
        <time>2026-07-22T20:08:57.932Z</time>
      </trkpt>
      <trkpt lat="50.762679" lon="5.751293">
        <ele>83.664318</ele>
        <time>2026-07-22T20:09:02.923Z</time>
      </trkpt>
      <trkpt lat="50.762621" lon="5.751570">
        <ele>83.168748</ele>
        <time>2026-07-22T20:09:04.928Z</time>
      </trkpt>
      <trkpt lat="50.762574" lon="5.751665">
        <ele>82.963905</ele>
        <time>2026-07-22T20:09:05.717Z</time>
      </trkpt>
      <trkpt lat="50.762474" lon="5.751652">
        <ele>82.694488</ele>
        <time>2026-07-22T20:09:06.745Z</time>
      </trkpt>
      <trkpt lat="50.762209" lon="5.751527">
        <ele>81.951936</ele>
        <time>2026-07-22T20:09:09.735Z</time>
      </trkpt>
      <trkpt lat="50.762107" lon="5.751422">
        <ele>81.625110</ele>
        <time>2026-07-22T20:09:11.193Z</time>
      </trkpt>
      <trkpt lat="50.762028" lon="5.751280">
        <ele>81.303919</ele>
        <time>2026-07-22T20:09:12.723Z</time>
      </trkpt>
      <trkpt lat="50.761904" lon="5.750858">
        <ele>80.513613</ele>
        <time>2026-07-22T20:09:17.015Z</time>
      </trkpt>
      <trkpt lat="50.761838" lon="5.750752">
        <ele>80.376866</ele>
        <time>2026-07-22T20:09:18.357Z</time>
      </trkpt>
      <trkpt lat="50.761743" lon="5.750676">
        <ele>80.364087</ele>
        <time>2026-07-22T20:09:19.767Z</time>
      </trkpt>
      <trkpt lat="50.761409" lon="5.750510">
        <ele>80.322067</ele>
        <time>2026-07-22T20:09:24.090Z</time>
      </trkpt>
      <trkpt lat="50.761193" lon="5.750459">
        <ele>80.295856</ele>
        <time>2026-07-22T20:09:26.719Z</time>
      </trkpt>
      <trkpt lat="50.761138" lon="5.750471">
        <ele>80.289192</ele>
        <time>2026-07-22T20:09:27.453Z</time>
      </trkpt>
      <trkpt lat="50.761086" lon="5.750538">
        <ele>80.281141</ele>
        <time>2026-07-22T20:09:28.422Z</time>
      </trkpt>
      <trkpt lat="50.760921" lon="5.750550">
        <ele>80.261317</ele>
        <time>2026-07-22T20:09:31.110Z</time>
      </trkpt>
      <trkpt lat="50.760907" lon="5.750698">
        <ele>80.249956</ele>
        <time>2026-07-22T20:09:32.445Z</time>
      </trkpt>
      <trkpt lat="50.760804" lon="5.751096">
        <ele>80.217309</ele>
        <time>2026-07-22T20:09:36.522Z</time>
      </trkpt>
      <trkpt lat="50.760673" lon="5.751453">
        <ele>80.185976</ele>
        <time>2026-07-22T20:09:41.396Z</time>
      </trkpt>
      <trkpt lat="50.760452" lon="5.751835">
        <ele>80.308613</ele>
        <time>2026-07-22T20:09:48.748Z</time>
      </trkpt>
      <trkpt lat="50.760344" lon="5.752165">
        <ele>80.511779</ele>
        <time>2026-07-22T20:09:52.804Z</time>
      </trkpt>
      <trkpt lat="50.760030" lon="5.753647">
        <ele>81.366396</ele>
        <time>2026-07-22T20:10:06.009Z</time>
      </trkpt>
      <trkpt lat="50.759885" lon="5.754615">
        <ele>81.835564</ele>
        <time>2026-07-22T20:10:14.740Z</time>
      </trkpt>
      <trkpt lat="50.759665" lon="5.756246">
        <ele>82.386912</ele>
        <time>2026-07-22T20:10:25.780Z</time>
      </trkpt>
      <trkpt lat="50.759647" lon="5.756382">
        <ele>82.432849</ele>
        <time>2026-07-22T20:10:26.887Z</time>
      </trkpt>
      <trkpt lat="50.759560" lon="5.756876">
        <ele>82.602383</ele>
        <time>2026-07-22T20:10:32.430Z</time>
      </trkpt>
      <trkpt lat="50.759489" lon="5.757593">
        <ele>83.042302</ele>
        <time>2026-07-22T20:10:42.598Z</time>
      </trkpt>
      <trkpt lat="50.759482" lon="5.757701">
        <ele>83.117840</ele>
        <time>2026-07-22T20:10:44.261Z</time>
      </trkpt>
      <trkpt lat="50.759458" lon="5.758079">
        <ele>83.382167</ele>
        <time>2026-07-22T20:10:49.237Z</time>
      </trkpt>
      <trkpt lat="50.759311" lon="5.759231">
        <ele>84.199853</ele>
        <time>2026-07-22T20:10:57.520Z</time>
      </trkpt>
      <trkpt lat="50.759274" lon="5.759761">
        <ele>84.570857</ele>
        <time>2026-07-22T20:11:01.886Z</time>
      </trkpt>
      <trkpt lat="50.759152" lon="5.760301">
        <ele>85.158035</ele>
        <time>2026-07-22T20:11:07.442Z</time>
      </trkpt>
      <trkpt lat="50.759057" lon="5.760569">
        <ele>85.493618</ele>
        <time>2026-07-22T20:11:10.677Z</time>
      </trkpt>
      <trkpt lat="50.758910" lon="5.760820">
        <ele>85.867266</ele>
        <time>2026-07-22T20:11:14.695Z</time>
      </trkpt>
      <trkpt lat="50.758753" lon="5.760919">
        <ele>86.159151</ele>
        <time>2026-07-22T20:11:18.382Z</time>
      </trkpt>
      <trkpt lat="50.758702" lon="5.761057">
        <ele>86.333739</ele>
        <time>2026-07-22T20:11:20.339Z</time>
      </trkpt>
      <trkpt lat="50.758598" lon="5.761500">
        <ele>86.849909</ele>
        <time>2026-07-22T20:11:25.190Z</time>
      </trkpt>
      <trkpt lat="50.758563" lon="5.761774">
        <ele>87.155260</ele>
        <time>2026-07-22T20:11:28.115Z</time>
      </trkpt>
      <trkpt lat="50.758538" lon="5.761952">
        <ele>87.354438</ele>
        <time>2026-07-22T20:11:30.290Z</time>
      </trkpt>
      <trkpt lat="50.758314" lon="5.762718">
        <ele>88.007907</ele>
        <time>2026-07-22T20:11:41.663Z</time>
      </trkpt>
      <trkpt lat="50.758250" lon="5.762868">
        <ele>88.105607</ele>
        <time>2026-07-22T20:11:43.680Z</time>
      </trkpt>
      <trkpt lat="50.758188" lon="5.762991">
        <ele>88.190533</ele>
        <time>2026-07-22T20:11:45.073Z</time>
      </trkpt>
      <trkpt lat="50.758133" lon="5.763270">
        <ele>88.348337</ele>
        <time>2026-07-22T20:11:47.224Z</time>
      </trkpt>
      <trkpt lat="50.757992" lon="5.764202">
        <ele>88.865802</ele>
        <time>2026-07-22T20:11:54.633Z</time>
      </trkpt>
      <trkpt lat="50.757933" lon="5.764603">
        <ele>89.088119</ele>
        <time>2026-07-22T20:11:57.220Z</time>
      </trkpt>
      <trkpt lat="50.757928" lon="5.764924">
        <ele>89.261510</ele>
        <time>2026-07-22T20:11:59.607Z</time>
      </trkpt>
      <trkpt lat="50.758120" lon="5.768108">
        <ele>91.865057</ele>
        <time>2026-07-22T20:12:35.110Z</time>
      </trkpt>
      <trkpt lat="50.758236" lon="5.768144">
        <ele>91.947436</ele>
        <time>2026-07-22T20:12:36.306Z</time>
      </trkpt>
      <trkpt lat="50.759250" lon="5.769641">
        <ele>92.914288</ele>
        <time>2026-07-22T20:12:51.205Z</time>
      </trkpt>
      <trkpt lat="50.759343" lon="5.769907">
        <ele>93.213894</ele>
        <time>2026-07-22T20:12:55.992Z</time>
      </trkpt>
      <trkpt lat="50.759542" lon="5.771304">
        <ele>95.327480</ele>
        <time>2026-07-22T20:13:19.883Z</time>
      </trkpt>
      <trkpt lat="50.759641" lon="5.772452">
        <ele>97.037580</ele>
        <time>2026-07-22T20:13:31.363Z</time>
      </trkpt>
      <trkpt lat="50.759984" lon="5.773944">
        <ele>96.881203</ele>
        <time>2026-07-22T20:13:43.141Z</time>
      </trkpt>
      <trkpt lat="50.760151" lon="5.775391">
        <ele>96.770248</ele>
        <time>2026-07-22T20:13:51.030Z</time>
      </trkpt>
      <trkpt lat="50.760196" lon="5.775547">
        <ele>96.985819</ele>
        <time>2026-07-22T20:13:53.065Z</time>
      </trkpt>
      <trkpt lat="50.760272" lon="5.775743">
        <ele>97.274865</ele>
        <time>2026-07-22T20:13:57.760Z</time>
      </trkpt>
      <trkpt lat="50.760519" lon="5.776227">
        <ele>98.056745</ele>
        <time>2026-07-22T20:14:11.379Z</time>
      </trkpt>
      <trkpt lat="50.760687" lon="5.776559">
        <ele>98.591295</ele>
        <time>2026-07-22T20:14:19.525Z</time>
      </trkpt>
      <trkpt lat="50.760939" lon="5.776963">
        <ele>99.304660</ele>
        <time>2026-07-22T20:14:27.748Z</time>
      </trkpt>
      <trkpt lat="50.761360" lon="5.777456">
        <ele>100.262921</ele>
        <time>2026-07-22T20:14:37.994Z</time>
      </trkpt>
      <trkpt lat="50.762058" lon="5.778115">
        <ele>101.009285</ele>
        <time>2026-07-22T20:14:48.622Z</time>
      </trkpt>
      <trkpt lat="50.762300" lon="5.778393">
        <ele>101.283909</ele>
        <time>2026-07-22T20:14:54.772Z</time>
      </trkpt>
      <trkpt lat="50.762558" lon="5.778750">
        <ele>101.598672</ele>
        <time>2026-07-22T20:15:01.262Z</time>
      </trkpt>
      <trkpt lat="50.762708" lon="5.779046">
        <ele>101.818916</ele>
        <time>2026-07-22T20:15:06.040Z</time>
      </trkpt>
      <trkpt lat="50.762969" lon="5.779559">
        <ele>102.547941</ele>
        <time>2026-07-22T20:15:14.402Z</time>
      </trkpt>
      <trkpt lat="50.763126" lon="5.779793">
        <ele>102.937664</ele>
        <time>2026-07-22T20:15:18.973Z</time>
      </trkpt>
      <trkpt lat="50.763206" lon="5.779898">
        <ele>103.125466</ele>
        <time>2026-07-22T20:15:21.296Z</time>
      </trkpt>
      <trkpt lat="50.763329" lon="5.780121">
        <ele>103.463496</ele>
        <time>2026-07-22T20:15:24.276Z</time>
      </trkpt>
      <trkpt lat="50.763608" lon="5.780921">
        <ele>104.507187</ele>
        <time>2026-07-22T20:15:32.392Z</time>
      </trkpt>
      <trkpt lat="50.764179" lon="5.782900">
        <ele>106.627935</ele>
        <time>2026-07-22T20:15:56.845Z</time>
      </trkpt>
      <trkpt lat="50.764485" lon="5.783881">
        <ele>107.638042</ele>
        <time>2026-07-22T20:16:06.263Z</time>
      </trkpt>
      <trkpt lat="50.764860" lon="5.784772">
        <ele>108.594655</ele>
        <time>2026-07-22T20:16:18.294Z</time>
      </trkpt>
      <trkpt lat="50.764996" lon="5.785216">
        <ele>109.034326</ele>
        <time>2026-07-22T20:16:26.482Z</time>
      </trkpt>
      <trkpt lat="50.765181" lon="5.786213">
        <ele>109.960340</ele>
        <time>2026-07-22T20:16:33.517Z</time>
      </trkpt>
      <trkpt lat="50.765248" lon="5.787956">
        <ele>112.826998</ele>
        <time>2026-07-22T20:16:51.733Z</time>
      </trkpt>
      <trkpt lat="50.765262" lon="5.788456">
        <ele>113.735241</ele>
        <time>2026-07-22T20:16:56.561Z</time>
      </trkpt>
      <trkpt lat="50.765274" lon="5.788935">
        <ele>114.605169</ele>
        <time>2026-07-22T20:17:02.251Z</time>
      </trkpt>
      <trkpt lat="50.765296" lon="5.789755">
        <ele>118.216344</ele>
        <time>2026-07-22T20:17:25.003Z</time>
      </trkpt>
      <trkpt lat="50.765345" lon="5.790048">
        <ele>120.477249</ele>
        <time>2026-07-22T20:17:36.960Z</time>
      </trkpt>
      <trkpt lat="50.765519" lon="5.790283">
        <ele>123.176347</ele>
        <time>2026-07-22T20:17:51.361Z</time>
      </trkpt>
      <trkpt lat="50.765924" lon="5.790661">
        <ele>128.723371</ele>
        <time>2026-07-22T20:18:25.370Z</time>
      </trkpt>
      <trkpt lat="50.766254" lon="5.791007">
        <ele>133.393651</ele>
        <time>2026-07-22T20:18:53.657Z</time>
      </trkpt>
      <trkpt lat="50.766656" lon="5.791507">
        <ele>138.370012</ele>
        <time>2026-07-22T20:19:25.640Z</time>
      </trkpt>
      <trkpt lat="50.767956" lon="5.794012">
        <ele>152.551357</ele>
        <time>2026-07-22T20:20:49.797Z</time>
      </trkpt>
      <trkpt lat="50.768623" lon="5.794808">
        <ele>157.198934</ele>
        <time>2026-07-22T20:21:23.874Z</time>
      </trkpt>
      <trkpt lat="50.768797" lon="5.795090">
        <ele>158.584695</ele>
        <time>2026-07-22T20:21:31.932Z</time>
      </trkpt>
      <trkpt lat="50.769128" lon="5.795343">
        <ele>160.350267</ele>
        <time>2026-07-22T20:21:42.129Z</time>
      </trkpt>
      <trkpt lat="50.769488" lon="5.795757">
        <ele>161.950912</ele>
        <time>2026-07-22T20:21:52.702Z</time>
      </trkpt>
      <trkpt lat="50.770157" lon="5.796422">
        <ele>164.792344</ele>
        <time>2026-07-22T20:22:08.537Z</time>
      </trkpt>
      <trkpt lat="50.770613" lon="5.797167">
        <ele>166.689934</ele>
        <time>2026-07-22T20:22:24.585Z</time>
      </trkpt>
      <trkpt lat="50.770677" lon="5.797234">
        <ele>166.815257</ele>
        <time>2026-07-22T20:22:26.666Z</time>
      </trkpt>
      <trkpt lat="50.770796" lon="5.797227">
        <ele>167.009689</ele>
        <time>2026-07-22T20:22:29.814Z</time>
      </trkpt>
      <trkpt lat="50.771215" lon="5.796848">
        <ele>167.797839</ele>
        <time>2026-07-22T20:22:39.563Z</time>
      </trkpt>
      <trkpt lat="50.771730" lon="5.796420">
        <ele>168.747772</ele>
        <time>2026-07-22T20:22:46.535Z</time>
      </trkpt>
      <trkpt lat="50.772209" lon="5.796112">
        <ele>168.859376</ele>
        <time>2026-07-22T20:22:52.603Z</time>
      </trkpt>
      <trkpt lat="50.772508" lon="5.796067">
        <ele>168.317533</ele>
        <time>2026-07-22T20:22:55.948Z</time>
      </trkpt>
      <trkpt lat="50.773174" lon="5.796086">
        <ele>167.115852</ele>
        <time>2026-07-22T20:23:02.261Z</time>
      </trkpt>
      <trkpt lat="50.773385" lon="5.796011">
        <ele>166.725704</ele>
        <time>2026-07-22T20:23:04.056Z</time>
      </trkpt>
      <trkpt lat="50.773921" lon="5.795688">
        <ele>165.183134</ele>
        <time>2026-07-22T20:23:08.456Z</time>
      </trkpt>
      <trkpt lat="50.774014" lon="5.795630">
        <ele>164.705694</ele>
        <time>2026-07-22T20:23:09.240Z</time>
      </trkpt>
      <trkpt lat="50.774411" lon="5.795459">
        <ele>162.740641</ele>
        <time>2026-07-22T20:23:12.630Z</time>
      </trkpt>
      <trkpt lat="50.775415" lon="5.795240">
        <ele>157.900378</ele>
        <time>2026-07-22T20:23:20.367Z</time>
      </trkpt>
      <trkpt lat="50.775540" lon="5.795133">
        <ele>157.140024</ele>
        <time>2026-07-22T20:23:21.400Z</time>
      </trkpt>
      <trkpt lat="50.775929" lon="5.794671">
        <ele>153.807473</ele>
        <time>2026-07-22T20:23:24.750Z</time>
      </trkpt>
      <trkpt lat="50.776121" lon="5.794288">
        <ele>151.690321</ele>
        <time>2026-07-22T20:23:27.036Z</time>
      </trkpt>
      <trkpt lat="50.776302" lon="5.794087">
        <ele>150.175264</ele>
        <time>2026-07-22T20:23:28.622Z</time>
      </trkpt>
      <trkpt lat="50.777248" lon="5.793679">
        <ele>144.704430</ele>
        <time>2026-07-22T20:23:35.632Z</time>
      </trkpt>
      <trkpt lat="50.777437" lon="5.793653">
        <ele>144.398433</ele>
        <time>2026-07-22T20:23:37.287Z</time>
      </trkpt>
      <trkpt lat="50.777498" lon="5.793660">
        <ele>144.299785</ele>
        <time>2026-07-22T20:23:37.948Z</time>
      </trkpt>
      <trkpt lat="50.777553" lon="5.793726">
        <ele>144.188425</ele>
        <time>2026-07-22T20:23:38.634Z</time>
      </trkpt>
      <trkpt lat="50.777688" lon="5.793525">
        <ele>143.889360</ele>
        <time>2026-07-22T20:23:40.202Z</time>
      </trkpt>
      <trkpt lat="50.778044" lon="5.793212">
        <ele>143.232381</ele>
        <time>2026-07-22T20:23:43.536Z</time>
      </trkpt>
      <trkpt lat="50.778181" lon="5.792981">
        <ele>142.909371</ele>
        <time>2026-07-22T20:23:45.067Z</time>
      </trkpt>
      <trkpt lat="50.778230" lon="5.792879">
        <ele>142.778724</ele>
        <time>2026-07-22T20:23:45.838Z</time>
      </trkpt>
      <trkpt lat="50.778593" lon="5.792114">
        <ele>143.964764</ele>
        <time>2026-07-22T20:24:00.944Z</time>
      </trkpt>
      <trkpt lat="50.778805" lon="5.791729">
        <ele>146.376082</ele>
        <time>2026-07-22T20:24:14.040Z</time>
      </trkpt>
      <trkpt lat="50.778899" lon="5.791614">
        <ele>147.263805</ele>
        <time>2026-07-22T20:24:18.590Z</time>
      </trkpt>
      <trkpt lat="50.779099" lon="5.791486">
        <ele>148.875440</ele>
        <time>2026-07-22T20:24:27.004Z</time>
      </trkpt>
      <trkpt lat="50.779278" lon="5.791429">
        <ele>150.239353</ele>
        <time>2026-07-22T20:24:33.945Z</time>
      </trkpt>
      <trkpt lat="50.779440" lon="5.791513">
        <ele>151.512826</ele>
        <time>2026-07-22T20:24:40.357Z</time>
      </trkpt>
      <trkpt lat="50.779682" lon="5.791996">
        <ele>154.423478</ele>
        <time>2026-07-22T20:24:55.653Z</time>
      </trkpt>
      <trkpt lat="50.779842" lon="5.792143">
        <ele>155.765950</ele>
        <time>2026-07-22T20:25:03.007Z</time>
      </trkpt>
      <trkpt lat="50.779986" lon="5.792173">
        <ele>156.615701</ele>
        <time>2026-07-22T20:25:08.810Z</time>
      </trkpt>
      <trkpt lat="50.780374" lon="5.792074">
        <ele>158.915051</ele>
        <time>2026-07-22T20:25:27.210Z</time>
      </trkpt>
      <trkpt lat="50.780717" lon="5.792020">
        <ele>160.931694</ele>
        <time>2026-07-22T20:25:42.858Z</time>
      </trkpt>
      <trkpt lat="50.780774" lon="5.792220">
        <ele>161.743221</ele>
        <time>2026-07-22T20:25:45.062Z</time>
      </trkpt>
      <trkpt lat="50.780797" lon="5.792351">
        <ele>162.246153</ele>
        <time>2026-07-22T20:25:45.938Z</time>
      </trkpt>
      <trkpt lat="50.780788" lon="5.792555">
        <ele>163.002627</ele>
        <time>2026-07-22T20:25:47.400Z</time>
      </trkpt>
      <trkpt lat="50.780806" lon="5.792688">
        <ele>163.505767</ele>
        <time>2026-07-22T20:25:48.685Z</time>
      </trkpt>
      <trkpt lat="50.781026" lon="5.793083">
        <ele>165.453001</ele>
        <time>2026-07-22T20:25:55.229Z</time>
      </trkpt>
      <trkpt lat="50.781165" lon="5.793318">
        <ele>166.362091</ele>
        <time>2026-07-22T20:25:59.092Z</time>
      </trkpt>
      <trkpt lat="50.781455" lon="5.793813">
        <ele>167.448235</ele>
        <time>2026-07-22T20:26:09.015Z</time>
      </trkpt>
      <trkpt lat="50.782991" lon="5.796447">
        <ele>172.795607</ele>
        <time>2026-07-22T20:26:53.563Z</time>
      </trkpt>
      <trkpt lat="50.783198" lon="5.796799">
        <ele>173.438936</ele>
        <time>2026-07-22T20:26:57.225Z</time>
      </trkpt>
      <trkpt lat="50.783464" lon="5.797181">
        <ele>174.199417</ele>
        <time>2026-07-22T20:27:04.736Z</time>
      </trkpt>
      <trkpt lat="50.784092" lon="5.797876">
        <ele>175.440475</ele>
        <time>2026-07-22T20:27:20.173Z</time>
      </trkpt>
      <trkpt lat="50.784172" lon="5.797993">
        <ele>175.602974</ele>
        <time>2026-07-22T20:27:21.612Z</time>
      </trkpt>
      <trkpt lat="50.784219" lon="5.798079">
        <ele>175.710161</ele>
        <time>2026-07-22T20:27:22.659Z</time>
      </trkpt>
      <trkpt lat="50.784266" lon="5.798174">
        <ele>175.823904</ele>
        <time>2026-07-22T20:27:23.821Z</time>
      </trkpt>
      <trkpt lat="50.784727" lon="5.799099">
        <ele>176.934496</ele>
        <time>2026-07-22T20:27:34.820Z</time>
      </trkpt>
      <trkpt lat="50.785572" lon="5.800568">
        <ele>179.060723</ele>
        <time>2026-07-22T20:27:57.334Z</time>
      </trkpt>
      <trkpt lat="50.787022" lon="5.803197">
        <ele>182.672089</ele>
        <time>2026-07-22T20:28:35.400Z</time>
      </trkpt>
      <trkpt lat="50.787073" lon="5.803296">
        <ele>182.800625</ele>
        <time>2026-07-22T20:28:37.036Z</time>
      </trkpt>
      <trkpt lat="50.787105" lon="5.803357">
        <ele>182.880407</ele>
        <time>2026-07-22T20:28:38.003Z</time>
      </trkpt>
      <trkpt lat="50.787266" lon="5.803697">
        <ele>183.257493</ele>
        <time>2026-07-22T20:28:42.062Z</time>
      </trkpt>
      <trkpt lat="50.788224" lon="5.806347">
        <ele>184.519848</ele>
        <time>2026-07-22T20:29:10.418Z</time>
      </trkpt>
      <trkpt lat="50.788428" lon="5.806813">
        <ele>183.931492</ele>
        <time>2026-07-22T20:29:15.140Z</time>
      </trkpt>
      <trkpt lat="50.788743" lon="5.807535">
        <ele>183.020920</ele>
        <time>2026-07-22T20:29:20.192Z</time>
      </trkpt>
      <trkpt lat="50.788914" lon="5.808393">
        <ele>182.087120</ele>
        <time>2026-07-22T20:29:25.298Z</time>
      </trkpt>
      <trkpt lat="50.788834" lon="5.808464">
        <ele>181.936505</ele>
        <time>2026-07-22T20:29:26.012Z</time>
      </trkpt>
      <trkpt lat="50.788270" lon="5.809020">
        <ele>177.710541</ele>
        <time>2026-07-22T20:29:30.807Z</time>
      </trkpt>
      <trkpt lat="50.787852" lon="5.809058">
        <ele>174.994078</ele>
        <time>2026-07-22T20:29:33.769Z</time>
      </trkpt>
      <trkpt lat="50.787497" lon="5.809429">
        <ele>172.233536</ele>
        <time>2026-07-22T20:29:36.757Z</time>
      </trkpt>
      <trkpt lat="50.787341" lon="5.809559">
        <ele>171.089538</ele>
        <time>2026-07-22T20:29:38.002Z</time>
      </trkpt>
      <trkpt lat="50.787266" lon="5.809571">
        <ele>170.600454</ele>
        <time>2026-07-22T20:29:38.548Z</time>
      </trkpt>
      <trkpt lat="50.786970" lon="5.809481">
        <ele>168.993249</ele>
        <time>2026-07-22T20:29:40.887Z</time>
      </trkpt>
      <trkpt lat="50.786704" lon="5.809265">
        <ele>167.477589</ele>
        <time>2026-07-22T20:29:43.230Z</time>
      </trkpt>
      <trkpt lat="50.786494" lon="5.809148">
        <ele>166.348991</ele>
        <time>2026-07-22T20:29:44.973Z</time>
      </trkpt>
      <trkpt lat="50.786347" lon="5.809105">
        <ele>165.591211</ele>
        <time>2026-07-22T20:29:46.110Z</time>
      </trkpt>
      <trkpt lat="50.786145" lon="5.809111">
        <ele>164.567089</ele>
        <time>2026-07-22T20:29:47.637Z</time>
      </trkpt>
      <trkpt lat="50.785948" lon="5.809034">
        <ele>163.538455</ele>
        <time>2026-07-22T20:29:49.179Z</time>
      </trkpt>
      <trkpt lat="50.785635" lon="5.808807">
        <ele>161.793024</ele>
        <time>2026-07-22T20:29:51.736Z</time>
      </trkpt>
      <trkpt lat="50.785064" lon="5.808672">
        <ele>159.487153</ele>
        <time>2026-07-22T20:29:56.032Z</time>
      </trkpt>
      <trkpt lat="50.784840" lon="5.808545">
        <ele>158.613103</ele>
        <time>2026-07-22T20:29:57.840Z</time>
      </trkpt>
      <trkpt lat="50.784547" lon="5.808211">
        <ele>157.286485</ele>
        <time>2026-07-22T20:30:00.692Z</time>
      </trkpt>
      <trkpt lat="50.783983" lon="5.807379">
        <ele>154.524522</ele>
        <time>2026-07-22T20:30:07.212Z</time>
      </trkpt>
      <trkpt lat="50.783708" lon="5.807111">
        <ele>154.736211</ele>
        <time>2026-07-22T20:30:09.939Z</time>
      </trkpt>
      <trkpt lat="50.783287" lon="5.806907">
        <ele>155.024775</ele>
        <time>2026-07-22T20:30:15.526Z</time>
      </trkpt>
      <trkpt lat="50.783071" lon="5.806859">
        <ele>155.167724</ele>
        <time>2026-07-22T20:30:18.982Z</time>
      </trkpt>
      <trkpt lat="50.782866" lon="5.806868">
        <ele>155.302124</ele>
        <time>2026-07-22T20:30:22.420Z</time>
      </trkpt>
      <trkpt lat="50.782455" lon="5.807011">
        <ele>155.577918</ele>
        <time>2026-07-22T20:30:29.982Z</time>
      </trkpt>
      <trkpt lat="50.782304" lon="5.807120">
        <ele>155.686697</ele>
        <time>2026-07-22T20:30:33.009Z</time>
      </trkpt>
      <trkpt lat="50.782053" lon="5.807399">
        <ele>157.143583</ele>
        <time>2026-07-22T20:30:39.276Z</time>
      </trkpt>
      <trkpt lat="50.781906" lon="5.807407">
        <ele>157.860122</ele>
        <time>2026-07-22T20:30:42.852Z</time>
      </trkpt>
      <trkpt lat="50.781623" lon="5.807295">
        <ele>159.281272</ele>
        <time>2026-07-22T20:30:51.535Z</time>
      </trkpt>
      <trkpt lat="50.781438" lon="5.807298">
        <ele>160.182553</ele>
        <time>2026-07-22T20:30:58.056Z</time>
      </trkpt>
      <trkpt lat="50.779986" lon="5.807741">
        <ele>167.754800</ele>
        <time>2026-07-22T20:31:41.698Z</time>
      </trkpt>
      <trkpt lat="50.779359" lon="5.807867">
        <ele>171.220681</ele>
        <time>2026-07-22T20:32:00.014Z</time>
      </trkpt>
      <trkpt lat="50.779100" lon="5.807871">
        <ele>172.641009</ele>
        <time>2026-07-22T20:32:08.724Z</time>
      </trkpt>
      <trkpt lat="50.778330" lon="5.807777">
        <ele>175.786874</ele>
        <time>2026-07-22T20:32:30.991Z</time>
      </trkpt>
      <trkpt lat="50.777543" lon="5.807899">
        <ele>178.277081</ele>
        <time>2026-07-22T20:32:49.030Z</time>
      </trkpt>
      <trkpt lat="50.777216" lon="5.807899">
        <ele>179.306832</ele>
        <time>2026-07-22T20:32:54.753Z</time>
      </trkpt>
      <trkpt lat="50.777102" lon="5.807877">
        <ele>179.668490</ele>
        <time>2026-07-22T20:32:56.367Z</time>
      </trkpt>
      <trkpt lat="50.776868" lon="5.807899">
        <ele>179.787259</ele>
        <time>2026-07-22T20:32:59.297Z</time>
      </trkpt>
      <trkpt lat="50.776177" lon="5.808071">
        <ele>178.778107</ele>
        <time>2026-07-22T20:33:06.889Z</time>
      </trkpt>
      <trkpt lat="50.775699" lon="5.808452">
        <ele>178.005872</ele>
        <time>2026-07-22T20:33:11.564Z</time>
      </trkpt>
      <trkpt lat="50.774997" lon="5.808909">
        <ele>176.815934</ele>
        <time>2026-07-22T20:33:17.448Z</time>
      </trkpt>
      <trkpt lat="50.774928" lon="5.809129">
        <ele>176.547348</ele>
        <time>2026-07-22T20:33:18.800Z</time>
      </trkpt>
      <trkpt lat="50.774897" lon="5.809327">
        <ele>176.324253</ele>
        <time>2026-07-22T20:33:20.146Z</time>
      </trkpt>
      <trkpt lat="50.774910" lon="5.809534">
        <ele>176.096741</ele>
        <time>2026-07-22T20:33:22.425Z</time>
      </trkpt>
      <trkpt lat="50.775107" lon="5.809977">
        <ele>175.504418</ele>
        <time>2026-07-22T20:33:28.831Z</time>
      </trkpt>
      <trkpt lat="50.775138" lon="5.810098">
        <ele>175.361631</ele>
        <time>2026-07-22T20:33:30.213Z</time>
      </trkpt>
      <trkpt lat="50.775143" lon="5.810265">
        <ele>175.178776</ele>
        <time>2026-07-22T20:33:32.023Z</time>
      </trkpt>
      <trkpt lat="50.775096" lon="5.810443">
        <ele>174.967806</ele>
        <time>2026-07-22T20:33:34.013Z</time>
      </trkpt>
      <trkpt lat="50.775026" lon="5.810568">
        <ele>174.785191</ele>
        <time>2026-07-22T20:33:35.198Z</time>
      </trkpt>
      <trkpt lat="50.774753" lon="5.810810">
        <ele>174.114068</ele>
        <time>2026-07-22T20:33:37.869Z</time>
      </trkpt>
      <trkpt lat="50.774591" lon="5.810958">
        <ele>172.489480</ele>
        <time>2026-07-22T20:33:39.264Z</time>
      </trkpt>
      <trkpt lat="50.774514" lon="5.811074">
        <ele>171.566016</ele>
        <time>2026-07-22T20:33:39.994Z</time>
      </trkpt>
      <trkpt lat="50.774336" lon="5.811331">
        <ele>169.473034</ele>
        <time>2026-07-22T20:33:41.601Z</time>
      </trkpt>
      <trkpt lat="50.774255" lon="5.811422">
        <ele>168.610246</ele>
        <time>2026-07-22T20:33:42.280Z</time>
      </trkpt>
      <trkpt lat="50.774119" lon="5.811493">
        <ele>167.366614</ele>
        <time>2026-07-22T20:33:43.287Z</time>
      </trkpt>
      <trkpt lat="50.773755" lon="5.811041">
        <ele>163.347807</ele>
        <time>2026-07-22T20:33:46.568Z</time>
      </trkpt>
      <trkpt lat="50.773009" lon="5.810071">
        <ele>154.803682</ele>
        <time>2026-07-22T20:33:53.122Z</time>
      </trkpt>
      <trkpt lat="50.772902" lon="5.809901">
        <ele>153.430439</ele>
        <time>2026-07-22T20:33:54.198Z</time>
      </trkpt>
      <trkpt lat="50.772837" lon="5.809744">
        <ele>152.356046</ele>
        <time>2026-07-22T20:33:55.046Z</time>
      </trkpt>
      <trkpt lat="50.772785" lon="5.809453">
        <ele>150.624704</ele>
        <time>2026-07-22T20:33:56.610Z</time>
      </trkpt>
      <trkpt lat="50.772787" lon="5.809109">
        <ele>148.655066</ele>
        <time>2026-07-22T20:33:58.576Z</time>
      </trkpt>
      <trkpt lat="50.772749" lon="5.808951">
        <ele>147.687234</ele>
        <time>2026-07-22T20:33:59.307Z</time>
      </trkpt>
      <trkpt lat="50.772682" lon="5.808886">
        <ele>146.975581</ele>
        <time>2026-07-22T20:33:59.831Z</time>
      </trkpt>
      <trkpt lat="50.772275" lon="5.808660">
        <ele>143.070189</ele>
        <time>2026-07-22T20:34:02.711Z</time>
      </trkpt>
      <trkpt lat="50.771827" lon="5.808360">
        <ele>140.724321</ele>
        <time>2026-07-22T20:34:06.071Z</time>
      </trkpt>
      <trkpt lat="50.771479" lon="5.808096">
        <ele>139.169988</ele>
        <time>2026-07-22T20:34:10.050Z</time>
      </trkpt>
      <trkpt lat="50.771378" lon="5.808071">
        <ele>138.758307</ele>
        <time>2026-07-22T20:34:11.102Z</time>
      </trkpt>
      <trkpt lat="50.771267" lon="5.808098">
        <ele>138.306051</ele>
        <time>2026-07-22T20:34:12.296Z</time>
      </trkpt>
      <trkpt lat="50.771149" lon="5.808128">
        <ele>137.824762</ele>
        <time>2026-07-22T20:34:13.751Z</time>
      </trkpt>
      <trkpt lat="50.771036" lon="5.808100">
        <ele>137.364157</ele>
        <time>2026-07-22T20:34:15.302Z</time>
      </trkpt>
      <trkpt lat="50.770983" lon="5.808310">
        <ele>136.788322</ele>
        <time>2026-07-22T20:34:16.604Z</time>
      </trkpt>
      <trkpt lat="50.770857" lon="5.808475">
        <ele>136.129505</ele>
        <time>2026-07-22T20:34:19.068Z</time>
      </trkpt>
      <trkpt lat="50.770206" lon="5.808717">
        <ele>136.826399</ele>
        <time>2026-07-22T20:34:38.686Z</time>
      </trkpt>
      <trkpt lat="50.769862" lon="5.808797">
        <ele>138.227944</ele>
        <time>2026-07-22T20:34:47.224Z</time>
      </trkpt>
      <trkpt lat="50.769639" lon="5.808822">
        <ele>139.129090</ele>
        <time>2026-07-22T20:34:54.163Z</time>
      </trkpt>
      <trkpt lat="50.769401" lon="5.808648">
        <ele>140.186029</ele>
        <time>2026-07-22T20:35:00.120Z</time>
      </trkpt>
      <trkpt lat="50.769318" lon="5.808679">
        <ele>140.529800</ele>
        <time>2026-07-22T20:35:02.130Z</time>
      </trkpt>
      <trkpt lat="50.769177" lon="5.808831">
        <ele>141.217683</ele>
        <time>2026-07-22T20:35:06.093Z</time>
      </trkpt>
      <trkpt lat="50.768684" lon="5.809417">
        <ele>142.951250</ele>
        <time>2026-07-22T20:35:20.467Z</time>
      </trkpt>
      <trkpt lat="50.768630" lon="5.809530">
        <ele>143.106940</ele>
        <time>2026-07-22T20:35:23.020Z</time>
      </trkpt>
      <trkpt lat="50.768606" lon="5.809677">
        <ele>143.273831</ele>
        <time>2026-07-22T20:35:25.682Z</time>
      </trkpt>
      <trkpt lat="50.768740" lon="5.810258">
        <ele>143.953650</ele>
        <time>2026-07-22T20:35:33.548Z</time>
      </trkpt>
      <trkpt lat="50.768764" lon="5.810356">
        <ele>144.069173</ele>
        <time>2026-07-22T20:35:34.524Z</time>
      </trkpt>
      <trkpt lat="50.768909" lon="5.810947">
        <ele>144.766013</ele>
        <time>2026-07-22T20:35:39.216Z</time>
      </trkpt>
      <trkpt lat="50.768962" lon="5.811162">
        <ele>145.019673</ele>
        <time>2026-07-22T20:35:40.600Z</time>
      </trkpt>
      <trkpt lat="50.769001" lon="5.811318">
        <ele>145.204070</ele>
        <time>2026-07-22T20:35:41.566Z</time>
      </trkpt>
      <trkpt lat="50.769200" lon="5.812107">
        <ele>146.227188</ele>
        <time>2026-07-22T20:35:48.564Z</time>
      </trkpt>
      <trkpt lat="50.769219" lon="5.812169">
        <ele>146.313652</ele>
        <time>2026-07-22T20:35:49.225Z</time>
      </trkpt>
      <trkpt lat="50.769085" lon="5.812284">
        <ele>146.616199</ele>
        <time>2026-07-22T20:35:51.735Z</time>
      </trkpt>
      <trkpt lat="50.768900" lon="5.812446">
        <ele>147.035846</ele>
        <time>2026-07-22T20:35:56.400Z</time>
      </trkpt>
      <trkpt lat="50.768696" lon="5.812625">
        <ele>147.498812</ele>
        <time>2026-07-22T20:36:01.886Z</time>
      </trkpt>
      <trkpt lat="50.767982" lon="5.813212">
        <ele>149.118416</ele>
        <time>2026-07-22T20:36:16.325Z</time>
      </trkpt>
      <trkpt lat="50.767683" lon="5.813504">
        <ele>150.623658</ele>
        <time>2026-07-22T20:36:23.465Z</time>
      </trkpt>
      <trkpt lat="50.767549" lon="5.813636">
        <ele>151.299873</ele>
        <time>2026-07-22T20:36:28.430Z</time>
      </trkpt>
      <trkpt lat="50.767384" lon="5.813870">
        <ele>152.249221</ele>
        <time>2026-07-22T20:36:35.287Z</time>
      </trkpt>
      <trkpt lat="50.766899" lon="5.814696">
        <ele>155.302427</ele>
        <time>2026-07-22T20:36:53.890Z</time>
      </trkpt>
      <trkpt lat="50.766779" lon="5.814847">
        <ele>155.959310</ele>
        <time>2026-07-22T20:36:58.345Z</time>
      </trkpt>
      <trkpt lat="50.766065" lon="5.815604">
        <ele>159.673693</ele>
        <time>2026-07-22T20:37:21.949Z</time>
      </trkpt>
      <trkpt lat="50.765685" lon="5.815884">
        <ele>161.489629</ele>
        <time>2026-07-22T20:37:32.079Z</time>
      </trkpt>
      <trkpt lat="50.765538" lon="5.816043">
        <ele>162.261102</ele>
        <time>2026-07-22T20:37:36.332Z</time>
      </trkpt>
      <trkpt lat="50.764870" lon="5.817192">
        <ele>166.840507</ele>
        <time>2026-07-22T20:38:01.028Z</time>
      </trkpt>
      <trkpt lat="50.764744" lon="5.817459">
        <ele>167.894186</ele>
        <time>2026-07-22T20:38:06.568Z</time>
      </trkpt>
      <trkpt lat="50.764640" lon="5.817787">
        <ele>169.054712</ele>
        <time>2026-07-22T20:38:13.785Z</time>
      </trkpt>
      <trkpt lat="50.764719" lon="5.818421">
        <ele>171.098606</ele>
        <time>2026-07-22T20:38:25.355Z</time>
      </trkpt>
      <trkpt lat="50.764781" lon="5.818779">
        <ele>172.272642</ele>
        <time>2026-07-22T20:38:31.032Z</time>
      </trkpt>
      <trkpt lat="50.764878" lon="5.819825">
        <ele>175.776160</ele>
        <time>2026-07-22T20:38:53.184Z</time>
      </trkpt>
      <trkpt lat="50.764909" lon="5.819951">
        <ele>176.237070</ele>
        <time>2026-07-22T20:38:56.219Z</time>
      </trkpt>
      <trkpt lat="50.765023" lon="5.820063">
        <ele>176.960498</ele>
        <time>2026-07-22T20:39:00.048Z</time>
      </trkpt>
      <trkpt lat="50.765215" lon="5.820051">
        <ele>177.996180</ele>
        <time>2026-07-22T20:39:03.744Z</time>
      </trkpt>
      <trkpt lat="50.765310" lon="5.820096">
        <ele>178.530714</ele>
        <time>2026-07-22T20:39:05.853Z</time>
      </trkpt>
      <trkpt lat="50.764942" lon="5.820285">
        <ele>180.616252</ele>
        <time>2026-07-22T20:39:14.743Z</time>
      </trkpt>
      <trkpt lat="50.764812" lon="5.820445">
        <ele>181.504233</ele>
        <time>2026-07-22T20:39:20.163Z</time>
      </trkpt>
      <trkpt lat="50.764725" lon="5.820695">
        <ele>182.477013</ele>
        <time>2026-07-22T20:39:26.303Z</time>
      </trkpt>
      <trkpt lat="50.764636" lon="5.821450">
        <ele>185.146200</ele>
        <time>2026-07-22T20:39:45.156Z</time>
      </trkpt>
      <trkpt lat="50.764255" lon="5.823137">
        <ele>191.422622</ele>
        <time>2026-07-22T20:40:19.861Z</time>
      </trkpt>
      <trkpt lat="50.764220" lon="5.823221">
        <ele>191.775065</ele>
        <time>2026-07-22T20:40:21.296Z</time>
      </trkpt>
      <trkpt lat="50.764135" lon="5.823280">
        <ele>192.289306</ele>
        <time>2026-07-22T20:40:22.965Z</time>
      </trkpt>
      <trkpt lat="50.763989" lon="5.823277">
        <ele>193.098146</ele>
        <time>2026-07-22T20:40:25.512Z</time>
      </trkpt>
      <trkpt lat="50.763923" lon="5.823263">
        <ele>193.376509</ele>
        <time>2026-07-22T20:40:26.878Z</time>
      </trkpt>
      <trkpt lat="50.762971" lon="5.823075">
        <ele>196.715137</ele>
        <time>2026-07-22T20:40:48.895Z</time>
      </trkpt>
      <trkpt lat="50.762776" lon="5.822969">
        <ele>197.432714</ele>
        <time>2026-07-22T20:40:53.693Z</time>
      </trkpt>
      <trkpt lat="50.762289" lon="5.822432">
        <ele>199.496801</ele>
        <time>2026-07-22T20:41:07.408Z</time>
      </trkpt>
      <trkpt lat="50.762042" lon="5.822225">
        <ele>200.341754</ele>
        <time>2026-07-22T20:41:13.679Z</time>
      </trkpt>
      <trkpt lat="50.761782" lon="5.822143">
        <ele>201.143075</ele>
        <time>2026-07-22T20:41:19.769Z</time>
      </trkpt>
      <trkpt lat="50.761370" lon="5.822166">
        <ele>202.389100</ele>
        <time>2026-07-22T20:41:28.555Z</time>
      </trkpt>
      <trkpt lat="50.761320" lon="5.822212">
        <ele>202.563949</ele>
        <time>2026-07-22T20:41:29.722Z</time>
      </trkpt>
      <trkpt lat="50.760975" lon="5.822798">
        <ele>204.094474</ele>
        <time>2026-07-22T20:41:39.555Z</time>
      </trkpt>
      <trkpt lat="50.760624" lon="5.823448">
        <ele>205.683659</ele>
        <time>2026-07-22T20:41:51.698Z</time>
      </trkpt>
      <trkpt lat="50.760194" lon="5.824516">
        <ele>207.970199</ele>
        <time>2026-07-22T20:42:09.772Z</time>
      </trkpt>
      <trkpt lat="50.759951" lon="5.824986">
        <ele>209.066563</ele>
        <time>2026-07-22T20:42:17.470Z</time>
      </trkpt>
      <trkpt lat="50.758941" lon="5.826445">
        <ele>212.456418</ele>
        <time>2026-07-22T20:42:42.765Z</time>
      </trkpt>
      <trkpt lat="50.758707" lon="5.828743">
        <ele>214.333742</ele>
        <time>2026-07-22T20:43:12.851Z</time>
      </trkpt>
      <trkpt lat="50.758665" lon="5.829152">
        <ele>214.353583</ele>
        <time>2026-07-22T20:43:16.071Z</time>
      </trkpt>
      <trkpt lat="50.758603" lon="5.829742">
        <ele>214.382222</ele>
        <time>2026-07-22T20:43:19.851Z</time>
      </trkpt>
      <trkpt lat="50.758539" lon="5.830761">
        <ele>212.911398</ele>
        <time>2026-07-22T20:43:26.621Z</time>
      </trkpt>
      <trkpt lat="50.758477" lon="5.830756">
        <ele>212.407392</ele>
        <time>2026-07-22T20:43:27.073Z</time>
      </trkpt>
      <trkpt lat="50.758223" lon="5.830617">
        <ele>210.225206</ele>
        <time>2026-07-22T20:43:28.931Z</time>
      </trkpt>
      <trkpt lat="50.758064" lon="5.830477">
        <ele>208.747615</ele>
        <time>2026-07-22T20:43:30.190Z</time>
      </trkpt>
      <trkpt lat="50.757923" lon="5.830297">
        <ele>207.276230</ele>
        <time>2026-07-22T20:43:31.431Z</time>
      </trkpt>
      <trkpt lat="50.757027" lon="5.828629">
        <ele>196.815557</ele>
        <time>2026-07-22T20:43:40.960Z</time>
      </trkpt>
      <trkpt lat="50.756963" lon="5.828447">
        <ele>195.966323</ele>
        <time>2026-07-22T20:43:41.891Z</time>
      </trkpt>
      <trkpt lat="50.756917" lon="5.828163">
        <ele>194.770700</ele>
        <time>2026-07-22T20:43:43.235Z</time>
      </trkpt>
      <trkpt lat="50.756890" lon="5.826661">
        <ele>188.642490</ele>
        <time>2026-07-22T20:43:50.488Z</time>
      </trkpt>
      <trkpt lat="50.756923" lon="5.826330">
        <ele>187.363628</ele>
        <time>2026-07-22T20:43:52.148Z</time>
      </trkpt>
      <trkpt lat="50.757190" lon="5.825319">
        <ele>183.311163</ele>
        <time>2026-07-22T20:43:57.642Z</time>
      </trkpt>
      <trkpt lat="50.757189" lon="5.825060">
        <ele>182.353112</ele>
        <time>2026-07-22T20:43:58.855Z</time>
      </trkpt>
      <trkpt lat="50.757094" lon="5.824789">
        <ele>181.207071</ele>
        <time>2026-07-22T20:44:00.174Z</time>
      </trkpt>
      <trkpt lat="50.757020" lon="5.824704">
        <ele>180.672209</ele>
        <time>2026-07-22T20:44:00.811Z</time>
      </trkpt>
      <trkpt lat="50.756898" lon="5.824639">
        <ele>179.919424</ele>
        <time>2026-07-22T20:44:01.736Z</time>
      </trkpt>
      <trkpt lat="50.756782" lon="5.824649">
        <ele>179.240144</ele>
        <time>2026-07-22T20:44:02.538Z</time>
      </trkpt>
      <trkpt lat="50.756654" lon="5.824728">
        <ele>178.436680</ele>
        <time>2026-07-22T20:44:03.502Z</time>
      </trkpt>
      <trkpt lat="50.756541" lon="5.824918">
        <ele>177.565567</ele>
        <time>2026-07-22T20:44:04.700Z</time>
      </trkpt>
      <trkpt lat="50.755755" lon="5.826827">
        <ele>172.564602</ele>
        <time>2026-07-22T20:44:16.047Z</time>
      </trkpt>
      <trkpt lat="50.755629" lon="5.826950">
        <ele>172.050630</ele>
        <time>2026-07-22T20:44:17.857Z</time>
      </trkpt>
      <trkpt lat="50.755549" lon="5.826980">
        <ele>171.765272</ele>
        <time>2026-07-22T20:44:19.638Z</time>
      </trkpt>
      <trkpt lat="50.755368" lon="5.826931">
        <ele>171.357727</ele>
        <time>2026-07-22T20:44:23.997Z</time>
      </trkpt>
      <trkpt lat="50.755265" lon="5.826836">
        <ele>171.230536</ele>
        <time>2026-07-22T20:44:25.177Z</time>
      </trkpt>
      <trkpt lat="50.754738" lon="5.826166">
        <ele>170.509205</ele>
        <time>2026-07-22T20:44:30.905Z</time>
      </trkpt>
      <trkpt lat="50.754618" lon="5.825912">
        <ele>170.295300</ele>
        <time>2026-07-22T20:44:32.725Z</time>
      </trkpt>
      <trkpt lat="50.753747" lon="5.823365">
        <ele>164.982082</ele>
        <time>2026-07-22T20:44:52.527Z</time>
      </trkpt>
      <trkpt lat="50.753638" lon="5.823041">
        <ele>164.041018</ele>
        <time>2026-07-22T20:44:54.857Z</time>
      </trkpt>
      <trkpt lat="50.752910" lon="5.820791">
        <ele>151.764880</ele>
        <time>2026-07-22T20:45:05.801Z</time>
      </trkpt>
      <trkpt lat="50.752841" lon="5.820512">
        <ele>150.047469</ele>
        <time>2026-07-22T20:45:07.120Z</time>
      </trkpt>
      <trkpt lat="50.752671" lon="5.819509">
        <ele>144.931277</ele>
        <time>2026-07-22T20:45:11.859Z</time>
      </trkpt>
      <trkpt lat="50.752618" lon="5.819339">
        <ele>144.334413</ele>
        <time>2026-07-22T20:45:12.756Z</time>
      </trkpt>
      <trkpt lat="50.751560" lon="5.817628">
        <ele>136.808877</ele>
        <time>2026-07-22T20:45:24.478Z</time>
      </trkpt>
      <trkpt lat="50.750987" lon="5.816760">
        <ele>133.043569</ele>
        <time>2026-07-22T20:45:32.924Z</time>
      </trkpt>
      <trkpt lat="50.750839" lon="5.816696">
        <ele>132.315631</ele>
        <time>2026-07-22T20:45:34.552Z</time>
      </trkpt>
      <trkpt lat="50.750404" lon="5.816704">
        <ele>130.251790</ele>
        <time>2026-07-22T20:45:39.123Z</time>
      </trkpt>
      <trkpt lat="50.750259" lon="5.816610">
        <ele>129.508273</ele>
        <time>2026-07-22T20:45:40.812Z</time>
      </trkpt>
      <trkpt lat="50.750175" lon="5.816485">
        <ele>128.960928</ele>
        <time>2026-07-22T20:45:42.172Z</time>
      </trkpt>
      <trkpt lat="50.749918" lon="5.815811">
        <ele>128.105687</ele>
        <time>2026-07-22T20:45:48.364Z</time>
      </trkpt>
      <trkpt lat="50.749781" lon="5.815356">
        <ele>127.814496</ele>
        <time>2026-07-22T20:45:51.620Z</time>
      </trkpt>
      <trkpt lat="50.749731" lon="5.814805">
        <ele>127.492826</ele>
        <time>2026-07-22T20:45:55.550Z</time>
      </trkpt>
      <trkpt lat="50.749532" lon="5.814006">
        <ele>126.996612</ele>
        <time>2026-07-22T20:46:01.592Z</time>
      </trkpt>
      <trkpt lat="50.749507" lon="5.813756">
        <ele>126.850348</ele>
        <time>2026-07-22T20:46:03.419Z</time>
      </trkpt>
      <trkpt lat="50.749505" lon="5.813228">
        <ele>126.743390</ele>
        <time>2026-07-22T20:46:06.930Z</time>
      </trkpt>
      <trkpt lat="50.749468" lon="5.813087">
        <ele>126.718297</ele>
        <time>2026-07-22T20:46:08.332Z</time>
      </trkpt>
      <trkpt lat="50.749284" lon="5.812947">
        <ele>126.665240</ele>
        <time>2026-07-22T20:46:14.692Z</time>
      </trkpt>
      <trkpt lat="50.749155" lon="5.812805">
        <ele>126.624396</ele>
        <time>2026-07-22T20:46:19.321Z</time>
      </trkpt>
      <trkpt lat="50.749124" lon="5.812777">
        <ele>126.615119</ele>
        <time>2026-07-22T20:46:20.070Z</time>
      </trkpt>
      <trkpt lat="50.748624" lon="5.812329">
        <ele>126.465789</ele>
        <time>2026-07-22T20:46:27.411Z</time>
      </trkpt>
      <trkpt lat="50.748504" lon="5.812181">
        <ele>126.426242</ele>
        <time>2026-07-22T20:46:29.181Z</time>
      </trkpt>
      <trkpt lat="50.748552" lon="5.811941">
        <ele>126.384864</ele>
        <time>2026-07-22T20:46:30.359Z</time>
      </trkpt>
      <trkpt lat="50.748572" lon="5.811759">
        <ele>126.355115</ele>
        <time>2026-07-22T20:46:31.718Z</time>
      </trkpt>
      <trkpt lat="50.748582" lon="5.811085">
        <ele>126.432058</ele>
        <time>2026-07-22T20:46:39.231Z</time>
      </trkpt>
      <trkpt lat="50.748547" lon="5.810800">
        <ele>126.465191</ele>
        <time>2026-07-22T20:46:43.958Z</time>
      </trkpt>
      <trkpt lat="50.748404" lon="5.810245">
        <ele>126.533583</ele>
        <time>2026-07-22T20:46:54.095Z</time>
      </trkpt>
      <trkpt lat="50.748403" lon="5.810023">
        <ele>126.558920</ele>
        <time>2026-07-22T20:46:57.386Z</time>
      </trkpt>
      <trkpt lat="50.748495" lon="5.809659">
        <ele>126.603655</ele>
        <time>2026-07-22T20:47:01.083Z</time>
      </trkpt>
      <trkpt lat="50.748679" lon="5.808937">
        <ele>126.610757</ele>
        <time>2026-07-22T20:47:04.896Z</time>
      </trkpt>
      <trkpt lat="50.748746" lon="5.808633">
        <ele>126.419936</ele>
        <time>2026-07-22T20:47:06.464Z</time>
      </trkpt>
      <trkpt lat="50.748710" lon="5.808491">
        <ele>126.329257</ele>
        <time>2026-07-22T20:47:07.794Z</time>
      </trkpt>
      <trkpt lat="50.748806" lon="5.807969">
        <ele>126.007025</ele>
        <time>2026-07-22T20:47:12.427Z</time>
      </trkpt>
      <trkpt lat="50.748933" lon="5.807206">
        <ele>125.539354</ele>
        <time>2026-07-22T20:47:20.608Z</time>
      </trkpt>
      <trkpt lat="50.748951" lon="5.806487">
        <ele>125.112820</ele>
        <time>2026-07-22T20:47:26.875Z</time>
      </trkpt>
      <trkpt lat="50.748808" lon="5.804999">
        <ele>125.358635</ele>
        <time>2026-07-22T20:47:45.667Z</time>
      </trkpt>
      <trkpt lat="50.748855" lon="5.804489">
        <ele>125.502554</ele>
        <time>2026-07-22T20:47:55.340Z</time>
      </trkpt>
      <trkpt lat="50.749343" lon="5.802309">
        <ele>124.720508</ele>
        <time>2026-07-22T20:48:14.252Z</time>
      </trkpt>
      <trkpt lat="50.749576" lon="5.801554">
        <ele>124.025394</ele>
        <time>2026-07-22T20:48:20.989Z</time>
      </trkpt>
      <trkpt lat="50.749919" lon="5.800749">
        <ele>123.490726</ele>
        <time>2026-07-22T20:48:29.641Z</time>
      </trkpt>
      <trkpt lat="50.750449" lon="5.798786">
        <ele>123.946315</ele>
        <time>2026-07-22T20:48:56.473Z</time>
      </trkpt>
      <trkpt lat="50.750664" lon="5.797743">
        <ele>123.661948</ele>
        <time>2026-07-22T20:49:06.240Z</time>
      </trkpt>
      <trkpt lat="50.750805" lon="5.796788">
        <ele>123.084496</ele>
        <time>2026-07-22T20:49:15.192Z</time>
      </trkpt>
      <trkpt lat="50.751089" lon="5.794228">
        <ele>122.318691</ele>
        <time>2026-07-22T20:49:37.097Z</time>
      </trkpt>
      <trkpt lat="50.751211" lon="5.792788">
        <ele>122.266331</ele>
        <time>2026-07-22T20:49:52.244Z</time>
      </trkpt>
      <trkpt lat="50.751177" lon="5.792582">
        <ele>122.535786</ele>
        <time>2026-07-22T20:49:55.451Z</time>
      </trkpt>
      <trkpt lat="50.751006" lon="5.792257">
        <ele>123.088977</ele>
        <time>2026-07-22T20:50:03.989Z</time>
      </trkpt>
      <trkpt lat="50.751018" lon="5.791907">
        <ele>123.547700</ele>
        <time>2026-07-22T20:50:11.576Z</time>
      </trkpt>
      <trkpt lat="50.751192" lon="5.791633">
        <ele>124.055762</ele>
        <time>2026-07-22T20:50:20.253Z</time>
      </trkpt>
      <trkpt lat="50.751345" lon="5.791275">
        <ele>124.621154</ele>
        <time>2026-07-22T20:50:25.462Z</time>
      </trkpt>
      <trkpt lat="50.751420" lon="5.790964">
        <ele>125.056726</ele>
        <time>2026-07-22T20:50:29.458Z</time>
      </trkpt>
      <trkpt lat="50.751534" lon="5.790028">
        <ele>125.721426</ele>
        <time>2026-07-22T20:50:39.791Z</time>
      </trkpt>
      <trkpt lat="50.751679" lon="5.789431">
        <ele>125.022774</ele>
        <time>2026-07-22T20:50:45.901Z</time>
      </trkpt>
      <trkpt lat="50.752071" lon="5.788131">
        <ele>123.449428</ele>
        <time>2026-07-22T20:50:57.917Z</time>
      </trkpt>
      <trkpt lat="50.752131" lon="5.787884">
        <ele>123.160368</ele>
        <time>2026-07-22T20:51:00.082Z</time>
      </trkpt>
      <trkpt lat="50.752249" lon="5.787164">
        <ele>122.012251</ele>
        <time>2026-07-22T20:51:05.374Z</time>
      </trkpt>
      <trkpt lat="50.752278" lon="5.786835">
        <ele>121.420807</ele>
        <time>2026-07-22T20:51:07.419Z</time>
      </trkpt>
      <trkpt lat="50.752383" lon="5.786320">
        <ele>120.457412</ele>
        <time>2026-07-22T20:51:10.805Z</time>
      </trkpt>
      <trkpt lat="50.752402" lon="5.786007">
        <ele>119.897557</ele>
        <time>2026-07-22T20:51:13.248Z</time>
      </trkpt>
      <trkpt lat="50.752240" lon="5.785421">
        <ele>118.758926</ele>
        <time>2026-07-22T20:51:19.104Z</time>
      </trkpt>
      <trkpt lat="50.752143" lon="5.784051">
        <ele>118.062432</ele>
        <time>2026-07-22T20:51:34.283Z</time>
      </trkpt>
      <trkpt lat="50.752138" lon="5.783705">
        <ele>118.161567</ele>
        <time>2026-07-22T20:51:36.898Z</time>
      </trkpt>
      <trkpt lat="50.752185" lon="5.783113">
        <ele>118.332472</ele>
        <time>2026-07-22T20:51:41.379Z</time>
      </trkpt>
      <trkpt lat="50.752237" lon="5.782653">
        <ele>118.466322</ele>
        <time>2026-07-22T20:51:46.142Z</time>
      </trkpt>
      <trkpt lat="50.752288" lon="5.782427">
        <ele>118.535053</ele>
        <time>2026-07-22T20:51:48.202Z</time>
      </trkpt>
      <trkpt lat="50.752504" lon="5.781816">
        <ele>118.368866</ele>
        <time>2026-07-22T20:51:52.330Z</time>
      </trkpt>
      <trkpt lat="50.752579" lon="5.781433">
        <ele>118.072502</ele>
        <time>2026-07-22T20:51:54.768Z</time>
      </trkpt>
      <trkpt lat="50.752563" lon="5.781049">
        <ele>117.788034</ele>
        <time>2026-07-22T20:51:57.071Z</time>
      </trkpt>
      <trkpt lat="50.752467" lon="5.780128">
        <ele>117.098053</ele>
        <time>2026-07-22T20:52:02.869Z</time>
      </trkpt>
      <trkpt lat="50.752906" lon="5.778500">
        <ele>115.290132</ele>
        <time>2026-07-22T20:52:12.962Z</time>
      </trkpt>
      <trkpt lat="50.752962" lon="5.778343">
        <ele>115.067143</ele>
        <time>2026-07-22T20:52:13.921Z</time>
      </trkpt>
      <trkpt lat="50.753076" lon="5.778158">
        <ele>114.747627</ele>
        <time>2026-07-22T20:52:15.341Z</time>
      </trkpt>
      <trkpt lat="50.753259" lon="5.777941">
        <ele>114.300242</ele>
        <time>2026-07-22T20:52:17.311Z</time>
      </trkpt>
      <trkpt lat="50.753679" lon="5.777568">
        <ele>113.358130</ele>
        <time>2026-07-22T20:52:21.446Z</time>
      </trkpt>
      <trkpt lat="50.753836" lon="5.777366">
        <ele>112.965519</ele>
        <time>2026-07-22T20:52:23.220Z</time>
      </trkpt>
      <trkpt lat="50.754219" lon="5.776765">
        <ele>111.976555</ele>
        <time>2026-07-22T20:52:28.201Z</time>
      </trkpt>
      <trkpt lat="50.754590" lon="5.776107">
        <ele>110.954737</ele>
        <time>2026-07-22T20:52:33.473Z</time>
      </trkpt>
      <trkpt lat="50.754679" lon="5.775789">
        <ele>110.551612</ele>
        <time>2026-07-22T20:52:35.480Z</time>
      </trkpt>
      <trkpt lat="50.755020" lon="5.773595">
        <ele>106.643990</ele>
        <time>2026-07-22T20:52:47.451Z</time>
      </trkpt>
      <trkpt lat="50.755059" lon="5.773158">
        <ele>105.763209</ele>
        <time>2026-07-22T20:52:49.648Z</time>
      </trkpt>
      <trkpt lat="50.755073" lon="5.772360">
        <ele>104.169983</ele>
        <time>2026-07-22T20:52:53.467Z</time>
      </trkpt>
      <trkpt lat="50.755141" lon="5.771131">
        <ele>103.413606</ele>
        <time>2026-07-22T20:53:00.129Z</time>
      </trkpt>
      <trkpt lat="50.755203" lon="5.770447">
        <ele>103.041429</ele>
        <time>2026-07-22T20:53:08.306Z</time>
      </trkpt>
      <trkpt lat="50.755510" lon="5.768354">
        <ele>102.016487</ele>
        <time>2026-07-22T20:53:23.522Z</time>
      </trkpt>
      <trkpt lat="50.755568" lon="5.767496">
        <ele>101.649534</ele>
        <time>2026-07-22T20:53:29.490Z</time>
      </trkpt>
      <trkpt lat="50.755555" lon="5.767008">
        <ele>101.441822</ele>
        <time>2026-07-22T20:53:32.383Z</time>
      </trkpt>
      <trkpt lat="50.755517" lon="5.766820">
        <ele>101.357891</ele>
        <time>2026-07-22T20:53:33.892Z</time>
      </trkpt>
      <trkpt lat="50.755455" lon="5.766549">
        <ele>101.316406</ele>
        <time>2026-07-22T20:53:36.098Z</time>
      </trkpt>
      <trkpt lat="50.755417" lon="5.766260">
        <ele>101.339709</ele>
        <time>2026-07-22T20:53:38.613Z</time>
      </trkpt>
      <trkpt lat="50.755389" lon="5.765892">
        <ele>101.368971</ele>
        <time>2026-07-22T20:53:41.779Z</time>
      </trkpt>
      <trkpt lat="50.755398" lon="5.765538">
        <ele>101.396940</ele>
        <time>2026-07-22T20:53:44.704Z</time>
      </trkpt>
      <trkpt lat="50.755431" lon="5.764184">
        <ele>101.503913</ele>
        <time>2026-07-22T20:54:02.462Z</time>
      </trkpt>
      <trkpt lat="50.755377" lon="5.763503">
        <ele>101.471556</ele>
        <time>2026-07-22T20:54:11.307Z</time>
      </trkpt>
      <trkpt lat="50.755377" lon="5.762931">
        <ele>101.386143</ele>
        <time>2026-07-22T20:54:18.400Z</time>
      </trkpt>
      <trkpt lat="50.755416" lon="5.762421">
        <ele>101.309433</ele>
        <time>2026-07-22T20:54:24.714Z</time>
      </trkpt>
      <trkpt lat="50.755497" lon="5.762111">
        <ele>101.259350</ele>
        <time>2026-07-22T20:54:27.590Z</time>
      </trkpt>
      <trkpt lat="50.755465" lon="5.761905">
        <ele>101.227676</ele>
        <time>2026-07-22T20:54:29.383Z</time>
      </trkpt>
      <trkpt lat="50.755543" lon="5.760866">
        <ele>101.139039</ele>
        <time>2026-07-22T20:54:37.370Z</time>
      </trkpt>
      <trkpt lat="50.755482" lon="5.760610">
        <ele>101.183989</ele>
        <time>2026-07-22T20:54:39.625Z</time>
      </trkpt>
      <trkpt lat="50.755324" lon="5.760325">
        <ele>101.246257</ele>
        <time>2026-07-22T20:54:43.421Z</time>
      </trkpt>
      <trkpt lat="50.755041" lon="5.760364">
        <ele>101.320041</ele>
        <time>2026-07-22T20:54:46.994Z</time>
      </trkpt>
      <trkpt lat="50.754967" lon="5.760368">
        <ele>101.339273</ele>
        <time>2026-07-22T20:54:48.046Z</time>
      </trkpt>
      <trkpt lat="50.753574" lon="5.760525">
        <ele>101.817064</ele>
        <time>2026-07-22T20:55:11.487Z</time>
      </trkpt>
      <trkpt lat="50.752647" lon="5.760625">
        <ele>102.270035</ele>
        <time>2026-07-22T20:55:22.052Z</time>
      </trkpt>
      <trkpt lat="50.752538" lon="5.760638">
        <ele>102.323325</ele>
        <time>2026-07-22T20:55:23.648Z</time>
      </trkpt>
      <trkpt lat="50.751531" lon="5.760753">
        <ele>102.485613</ele>
        <time>2026-07-22T20:55:36.222Z</time>
      </trkpt>
      <trkpt lat="50.749883" lon="5.760944">
        <ele>102.575049</ele>
        <time>2026-07-22T20:55:55.775Z</time>
      </trkpt>
      <trkpt lat="50.749639" lon="5.760997">
        <ele>102.589992</ele>
        <time>2026-07-22T20:55:58.571Z</time>
      </trkpt>
      <trkpt lat="50.748605" lon="5.761419">
        <ele>102.841741</ele>
        <time>2026-07-22T20:56:10.578Z</time>
      </trkpt>
      <trkpt lat="50.746952" lon="5.762127">
        <ele>105.538430</ele>
        <time>2026-07-22T20:56:40.701Z</time>
      </trkpt>
      <trkpt lat="50.745621" lon="5.762714">
        <ele>108.056598</ele>
        <time>2026-07-22T20:57:09.665Z</time>
      </trkpt>
      <trkpt lat="50.745413" lon="5.762808">
        <ele>108.450832</ele>
        <time>2026-07-22T20:57:12.745Z</time>
      </trkpt>
      <trkpt lat="50.745169" lon="5.762903">
        <ele>108.689926</ele>
        <time>2026-07-22T20:57:14.964Z</time>
      </trkpt>
      <trkpt lat="50.741647" lon="5.764459">
        <ele>106.368193</ele>
        <time>2026-07-22T20:57:51.938Z</time>
      </trkpt>
      <trkpt lat="50.740072" lon="5.765419">
        <ele>106.583578</ele>
        <time>2026-07-22T20:58:12.527Z</time>
      </trkpt>
      <trkpt lat="50.739825" lon="5.765580">
        <ele>106.853616</ele>
        <time>2026-07-22T20:58:17.008Z</time>
      </trkpt>
      <trkpt lat="50.739587" lon="5.765727">
        <ele>107.111876</ele>
        <time>2026-07-22T20:58:21.204Z</time>
      </trkpt>
      <trkpt lat="50.738545" lon="5.766327">
        <ele>108.232730</ele>
        <time>2026-07-22T20:58:38.158Z</time>
      </trkpt>
      <trkpt lat="50.738214" lon="5.766567">
        <ele>108.715729</ele>
        <time>2026-07-22T20:58:43.809Z</time>
      </trkpt>
      <trkpt lat="50.738196" lon="5.766580">
        <ele>108.745398</ele>
        <time>2026-07-22T20:58:44.110Z</time>
      </trkpt>
      <trkpt lat="50.737519" lon="5.767220">
        <ele>109.928076</ele>
        <time>2026-07-22T20:58:56.189Z</time>
      </trkpt>
      <trkpt lat="50.737384" lon="5.767366">
        <ele>110.173322</ele>
        <time>2026-07-22T20:58:59.951Z</time>
      </trkpt>
      <trkpt lat="50.737107" lon="5.767347">
        <ele>110.588970</ele>
        <time>2026-07-22T20:59:03.618Z</time>
      </trkpt>
      <trkpt lat="50.737088" lon="5.767258">
        <ele>110.678085</ele>
        <time>2026-07-22T20:59:04.307Z</time>
      </trkpt>
      <trkpt lat="50.737048" lon="5.767242">
        <ele>110.739941</ele>
        <time>2026-07-22T20:59:04.862Z</time>
      </trkpt>
      <trkpt lat="50.737007" lon="5.767291">
        <ele>110.817007</ele>
        <time>2026-07-22T20:59:05.653Z</time>
      </trkpt>
      <trkpt lat="50.737012" lon="5.767371">
        <ele>110.893278</ele>
        <time>2026-07-22T20:59:06.614Z</time>
      </trkpt>
      <trkpt lat="50.736911" lon="5.767462">
        <ele>111.075285</ele>
        <time>2026-07-22T20:59:09.038Z</time>
      </trkpt>
      <trkpt lat="50.736630" lon="5.767885">
        <ele>112.204687</ele>
        <time>2026-07-22T20:59:17.529Z</time>
      </trkpt>
      <trkpt lat="50.736267" lon="5.768382">
        <ele>113.602422</ele>
        <time>2026-07-22T20:59:30.001Z</time>
      </trkpt>
      <trkpt lat="50.735925" lon="5.768739">
        <ele>114.795219</ele>
        <time>2026-07-22T20:59:40.569Z</time>
      </trkpt>
      <trkpt lat="50.735866" lon="5.768805">
        <ele>115.005583</ele>
        <time>2026-07-22T20:59:42.353Z</time>
      </trkpt>
      <trkpt lat="50.735608" lon="5.769032">
        <ele>115.864919</ele>
        <time>2026-07-22T20:59:50.989Z</time>
      </trkpt>
      <trkpt lat="50.735515" lon="5.769084">
        <ele>116.151996</ele>
        <time>2026-07-22T20:59:54.323Z</time>
      </trkpt>
      <trkpt lat="50.735496" lon="5.769448">
        <ele>116.785566</ele>
        <time>2026-07-22T20:59:59.578Z</time>
      </trkpt>
      <trkpt lat="50.735491" lon="5.769675">
        <ele>117.173103</ele>
        <time>2026-07-22T21:00:01.712Z</time>
      </trkpt>
      <trkpt lat="50.735039" lon="5.770314">
        <ele>118.808162</ele>
        <time>2026-07-22T21:00:11.874Z</time>
      </trkpt>
      <trkpt lat="50.734890" lon="5.770426">
        <ele>119.252977</ele>
        <time>2026-07-22T21:00:14.623Z</time>
      </trkpt>
      <trkpt lat="50.734615" lon="5.770707">
        <ele>120.135849</ele>
        <time>2026-07-22T21:00:22.493Z</time>
      </trkpt>
      <trkpt lat="50.734314" lon="5.771107">
        <ele>121.206359</ele>
        <time>2026-07-22T21:00:31.645Z</time>
      </trkpt>
      <trkpt lat="50.734103" lon="5.771496">
        <ele>122.246155</ele>
        <time>2026-07-22T21:00:38.953Z</time>
      </trkpt>
      <trkpt lat="50.734000" lon="5.771527">
        <ele>122.582392</ele>
        <time>2026-07-22T21:00:41.162Z</time>
      </trkpt>
      <trkpt lat="50.733413" lon="5.771476">
        <ele>124.467611</ele>
        <time>2026-07-22T21:00:53.015Z</time>
      </trkpt>
      <trkpt lat="50.732744" lon="5.771748">
        <ele>126.682838</ele>
        <time>2026-07-22T21:01:08.908Z</time>
      </trkpt>
      <trkpt lat="50.732636" lon="5.771754">
        <ele>127.020853</ele>
        <time>2026-07-22T21:01:11.427Z</time>
      </trkpt>
      <trkpt lat="50.732288" lon="5.771673">
        <ele>128.068198</ele>
        <time>2026-07-22T21:01:19.854Z</time>
      </trkpt>
      <trkpt lat="50.731927" lon="5.771609">
        <ele>129.149812</ele>
        <time>2026-07-22T21:01:28.412Z</time>
      </trkpt>
      <trkpt lat="50.731397" lon="5.771610">
        <ele>130.727874</ele>
        <time>2026-07-22T21:01:38.257Z</time>
      </trkpt>
      <trkpt lat="50.731105" lon="5.771701">
        <ele>131.614050</ele>
        <time>2026-07-22T21:01:44.570Z</time>
      </trkpt>
      <trkpt lat="50.729701" lon="5.772236">
        <ele>135.825588</ele>
        <time>2026-07-22T21:02:14.601Z</time>
      </trkpt>
      <trkpt lat="50.729508" lon="5.772276">
        <ele>136.391073</ele>
        <time>2026-07-22T21:02:18.382Z</time>
      </trkpt>
      <trkpt lat="50.729415" lon="5.772280">
        <ele>136.661346</ele>
        <time>2026-07-22T21:02:20.305Z</time>
      </trkpt>
      <trkpt lat="50.727984" lon="5.772296">
        <ele>141.310599</ele>
        <time>2026-07-22T21:02:53.479Z</time>
      </trkpt>
      <trkpt lat="50.727047" lon="5.772290">
        <ele>144.023756</ele>
        <time>2026-07-22T21:03:13.815Z</time>
      </trkpt>
      <trkpt lat="50.726204" lon="5.772294">
        <ele>145.613435</ele>
        <time>2026-07-22T21:03:33.991Z</time>
      </trkpt>
      <trkpt lat="50.725834" lon="5.772249">
        <ele>146.313221</ele>
        <time>2026-07-22T21:03:40.272Z</time>
      </trkpt>
      <trkpt lat="50.725321" lon="5.771268">
        <ele>146.184083</ele>
        <time>2026-07-22T21:03:47.047Z</time>
      </trkpt>
      <trkpt lat="50.725147" lon="5.770962">
        <ele>145.825098</ele>
        <time>2026-07-22T21:03:49.316Z</time>
      </trkpt>
      <trkpt lat="50.724954" lon="5.770747">
        <ele>145.499505</ele>
        <time>2026-07-22T21:03:51.400Z</time>
      </trkpt>
      <trkpt lat="50.724017" lon="5.769821">
        <ele>144.410198</ele>
        <time>2026-07-22T21:04:02.384Z</time>
      </trkpt>
      <trkpt lat="50.722186" lon="5.768005">
        <ele>144.277928</ele>
        <time>2026-07-22T21:04:30.097Z</time>
      </trkpt>
      <trkpt lat="50.722051" lon="5.767948">
        <ele>144.240512</ele>
        <time>2026-07-22T21:04:31.405Z</time>
      </trkpt>
      <trkpt lat="50.721896" lon="5.768022">
        <ele>144.197155</ele>
        <time>2026-07-22T21:04:33.064Z</time>
      </trkpt>
      <trkpt lat="50.721807" lon="5.768177">
        <ele>144.161684</ele>
        <time>2026-07-22T21:04:34.743Z</time>
      </trkpt>
      <trkpt lat="50.721726" lon="5.768454">
        <ele>144.109962</ele>
        <time>2026-07-22T21:04:37.881Z</time>
      </trkpt>
      <trkpt lat="50.721601" lon="5.769033">
        <ele>144.006264</ele>
        <time>2026-07-22T21:04:44.156Z</time>
      </trkpt>
      <trkpt lat="50.721303" lon="5.768938">
        <ele>143.544123</ele>
        <time>2026-07-22T21:04:46.659Z</time>
      </trkpt>
      <trkpt lat="50.721169" lon="5.768842">
        <ele>143.211959</ele>
        <time>2026-07-22T21:04:47.780Z</time>
      </trkpt>
      <trkpt lat="50.720288" lon="5.767871">
        <ele>140.786794</ele>
        <time>2026-07-22T21:04:56.354Z</time>
      </trkpt>
      <trkpt lat="50.720127" lon="5.767784">
        <ele>140.402657</ele>
        <time>2026-07-22T21:04:58.007Z</time>
      </trkpt>
      <trkpt lat="50.720046" lon="5.767778">
        <ele>140.219600</ele>
        <time>2026-07-22T21:04:58.949Z</time>
      </trkpt>
      <trkpt lat="50.719858" lon="5.767860">
        <ele>139.880674</ele>
        <time>2026-07-22T21:05:01.425Z</time>
      </trkpt>
      <trkpt lat="50.718114" lon="5.769004">
        <ele>138.530630</ele>
        <time>2026-07-22T21:05:22.251Z</time>
      </trkpt>
      <trkpt lat="50.717775" lon="5.766864">
        <ele>135.343410</ele>
        <time>2026-07-22T21:05:34.403Z</time>
      </trkpt>
      <trkpt lat="50.717684" lon="5.766670">
        <ele>134.994570</ele>
        <time>2026-07-22T21:05:35.590Z</time>
      </trkpt>
      <trkpt lat="50.717396" lon="5.766374">
        <ele>134.050708</ele>
        <time>2026-07-22T21:05:38.211Z</time>
      </trkpt>
      <trkpt lat="50.716861" lon="5.765883">
        <ele>132.234742</ele>
        <time>2026-07-22T21:05:42.958Z</time>
      </trkpt>
      <trkpt lat="50.716395" lon="5.765454">
        <ele>130.651742</ele>
        <time>2026-07-22T21:05:47.145Z</time>
      </trkpt>
      <trkpt lat="50.715767" lon="5.764885">
        <ele>128.401730</ele>
        <time>2026-07-22T21:05:57.561Z</time>
      </trkpt>
      <trkpt lat="50.715609" lon="5.764737">
        <ele>127.792535</ele>
        <time>2026-07-22T21:06:00.706Z</time>
      </trkpt>
      <trkpt lat="50.715284" lon="5.764068">
        <ele>126.021963</ele>
        <time>2026-07-22T21:06:05.240Z</time>
      </trkpt>
      <trkpt lat="50.714320" lon="5.761792">
        <ele>117.255806</ele>
        <time>2026-07-22T21:06:17.807Z</time>
      </trkpt>
      <trkpt lat="50.714272" lon="5.761645">
        <ele>116.586491</ele>
        <time>2026-07-22T21:06:18.522Z</time>
      </trkpt>
      <trkpt lat="50.714171" lon="5.761114">
        <ele>114.342802</ele>
        <time>2026-07-22T21:06:21.017Z</time>
      </trkpt>
      <trkpt lat="50.714071" lon="5.760342">
        <ele>111.634324</ele>
        <time>2026-07-22T21:06:24.829Z</time>
      </trkpt>
      <trkpt lat="50.714044" lon="5.759740">
        <ele>110.531037</ele>
        <time>2026-07-22T21:06:27.835Z</time>
      </trkpt>
      <trkpt lat="50.713994" lon="5.759639">
        <ele>110.296663</ele>
        <time>2026-07-22T21:06:28.446Z</time>
      </trkpt>
      <trkpt lat="50.714058" lon="5.758756">
        <ele>108.671889</ele>
        <time>2026-07-22T21:06:33.218Z</time>
      </trkpt>
      <trkpt lat="50.714119" lon="5.758437">
        <ele>108.062705</ele>
        <time>2026-07-22T21:06:35.396Z</time>
      </trkpt>
      <trkpt lat="50.715185" lon="5.755141">
        <ele>104.003571</ele>
        <time>2026-07-22T21:06:56.568Z</time>
      </trkpt>
      <trkpt lat="50.715096" lon="5.755103">
        <ele>104.089129</ele>
        <time>2026-07-22T21:06:57.696Z</time>
      </trkpt>
      <trkpt lat="50.714980" lon="5.754972">
        <ele>104.221467</ele>
        <time>2026-07-22T21:06:59.457Z</time>
      </trkpt>
      <trkpt lat="50.714682" lon="5.754612">
        <ele>104.569639</ele>
        <time>2026-07-22T21:07:04.930Z</time>
      </trkpt>
      <trkpt lat="50.714332" lon="5.754056">
        <ele>105.030326</ele>
        <time>2026-07-22T21:07:17.708Z</time>
      </trkpt>
      <trkpt lat="50.714090" lon="5.753558">
        <ele>105.399196</ele>
        <time>2026-07-22T21:07:28.585Z</time>
      </trkpt>
      <trkpt lat="50.713861" lon="5.752931">
        <ele>106.357709</ele>
        <time>2026-07-22T21:07:38.531Z</time>
      </trkpt>
      <trkpt lat="50.713717" lon="5.752717">
        <ele>106.912552</ele>
        <time>2026-07-22T21:07:41.536Z</time>
      </trkpt>
      <trkpt lat="50.713283" lon="5.752468">
        <ele>108.208255</ele>
        <time>2026-07-22T21:07:48.643Z</time>
      </trkpt>
      <trkpt lat="50.713237" lon="5.752581">
        <ele>108.446946</ele>
        <time>2026-07-22T21:07:51.432Z</time>
      </trkpt>
      <trkpt lat="50.713218" lon="5.752629">
        <ele>108.547525</ele>
        <time>2026-07-22T21:07:52.832Z</time>
      </trkpt>
      <trkpt lat="50.713128" lon="5.752723">
        <ele>108.850304</ele>
        <time>2026-07-22T21:07:56.832Z</time>
      </trkpt>
      <trkpt lat="50.712408" lon="5.752811">
        <ele>111.002767</ele>
        <time>2026-07-22T21:08:20.227Z</time>
      </trkpt>
      <trkpt lat="50.712248" lon="5.752880">
        <ele>111.686638</ele>
        <time>2026-07-22T21:08:26.013Z</time>
      </trkpt>
      <trkpt lat="50.711807" lon="5.753148">
        <ele>113.634965</ele>
        <time>2026-07-22T21:08:36.548Z</time>
      </trkpt>
      <trkpt lat="50.711668" lon="5.753298">
        <ele>114.329124</ele>
        <time>2026-07-22T21:08:42.046Z</time>
      </trkpt>
      <trkpt lat="50.711503" lon="5.753638">
        <ele>115.447555</ele>
        <time>2026-07-22T21:08:55.704Z</time>
      </trkpt>
      <trkpt lat="50.710988" lon="5.754659">
        <ele>119.081768</ele>
        <time>2026-07-22T21:09:09.916Z</time>
      </trkpt>
      <trkpt lat="50.710879" lon="5.754922">
        <ele>120.125625</ele>
        <time>2026-07-22T21:09:18.742Z</time>
      </trkpt>
      <trkpt lat="50.710571" lon="5.755679">
        <ele>123.113824</ele>
        <time>2026-07-22T21:09:41.268Z</time>
      </trkpt>
      <trkpt lat="50.710494" lon="5.756033">
        <ele>124.356882</ele>
        <time>2026-07-22T21:09:52.107Z</time>
      </trkpt>
      <trkpt lat="50.710454" lon="5.756765">
        <ele>126.796894</ele>
        <time>2026-07-22T21:10:08.512Z</time>
      </trkpt>
      <trkpt lat="50.710414" lon="5.757008">
        <ele>127.540073</ele>
        <time>2026-07-22T21:10:13.115Z</time>
      </trkpt>
      <trkpt lat="50.710287" lon="5.757453">
        <ele>128.313741</ele>
        <time>2026-07-22T21:10:18.978Z</time>
      </trkpt>
      <trkpt lat="50.710079" lon="5.758085">
        <ele>129.442707</ele>
        <time>2026-07-22T21:10:26.388Z</time>
      </trkpt>
      <trkpt lat="50.709930" lon="5.758437">
        <ele>130.113820</ele>
        <time>2026-07-22T21:10:32.560Z</time>
      </trkpt>
      <trkpt lat="50.709402" lon="5.759452">
        <ele>132.455599</ele>
        <time>2026-07-22T21:10:54.147Z</time>
      </trkpt>
      <trkpt lat="50.709018" lon="5.760409">
        <ele>136.223617</ele>
        <time>2026-07-22T21:11:14.283Z</time>
      </trkpt>
      <trkpt lat="50.708859" lon="5.760806">
        <ele>137.785904</ele>
        <time>2026-07-22T21:11:21.920Z</time>
      </trkpt>
      <trkpt lat="50.708559" lon="5.761414">
        <ele>140.349421</ele>
        <time>2026-07-22T21:11:38.155Z</time>
      </trkpt>
      <trkpt lat="50.708361" lon="5.761709">
        <ele>142.063155</ele>
        <time>2026-07-22T21:11:49.031Z</time>
      </trkpt>
      <trkpt lat="50.707632" lon="5.762367">
        <ele>149.829573</ele>
        <time>2026-07-22T21:12:22.849Z</time>
      </trkpt>
      <trkpt lat="50.707219" lon="5.762617">
        <ele>153.920538</ele>
        <time>2026-07-22T21:12:42.467Z</time>
      </trkpt>
      <trkpt lat="50.705745" lon="5.763211">
        <ele>167.630861</ele>
        <time>2026-07-22T21:13:49.289Z</time>
      </trkpt>
      <trkpt lat="50.705632" lon="5.763283">
        <ele>168.717127</ele>
        <time>2026-07-22T21:13:53.142Z</time>
      </trkpt>
      <trkpt lat="50.705468" lon="5.763482">
        <ele>170.560932</ele>
        <time>2026-07-22T21:13:59.823Z</time>
      </trkpt>
      <trkpt lat="50.705372" lon="5.763662">
        <ele>171.889498</ele>
        <time>2026-07-22T21:14:04.851Z</time>
      </trkpt>
      <trkpt lat="50.704575" lon="5.765449">
        <ele>183.262731</ele>
        <time>2026-07-22T21:14:58.121Z</time>
      </trkpt>
      <trkpt lat="50.704522" lon="5.765532">
        <ele>183.864838</ele>
        <time>2026-07-22T21:15:00.973Z</time>
      </trkpt>
      <trkpt lat="50.704085" lon="5.765797">
        <ele>187.640733</ele>
        <time>2026-07-22T21:15:18.787Z</time>
      </trkpt>
      <trkpt lat="50.703780" lon="5.766137">
        <ele>189.626155</ele>
        <time>2026-07-22T21:15:33.068Z</time>
      </trkpt>
      <trkpt lat="50.703455" lon="5.767000">
        <ele>192.210654</ele>
        <time>2026-07-22T21:15:54.999Z</time>
      </trkpt>
      <trkpt lat="50.703087" lon="5.767653">
        <ele>194.460651</ele>
        <time>2026-07-22T21:16:06.547Z</time>
      </trkpt>
      <trkpt lat="50.702596" lon="5.768395">
        <ele>195.547291</ele>
        <time>2026-07-22T21:16:12.721Z</time>
      </trkpt>
      <trkpt lat="50.702513" lon="5.768582">
        <ele>195.393745</ele>
        <time>2026-07-22T21:16:13.947Z</time>
      </trkpt>
      <trkpt lat="50.702264" lon="5.770114">
        <ele>194.330215</ele>
        <time>2026-07-22T21:16:22.839Z</time>
      </trkpt>
      <trkpt lat="50.702233" lon="5.770549">
        <ele>194.035865</ele>
        <time>2026-07-22T21:16:26.241Z</time>
      </trkpt>
      <trkpt lat="50.702255" lon="5.771409">
        <ele>194.917326</ele>
        <time>2026-07-22T21:16:34.271Z</time>
      </trkpt>
      <trkpt lat="50.702259" lon="5.771539">
        <ele>195.072009</ele>
        <time>2026-07-22T21:16:35.756Z</time>
      </trkpt>
      <trkpt lat="50.702272" lon="5.771657">
        <ele>195.214354</ele>
        <time>2026-07-22T21:16:37.522Z</time>
      </trkpt>
      <trkpt lat="50.702443" lon="5.773434">
        <ele>197.350490</ele>
        <time>2026-07-22T21:17:02.313Z</time>
      </trkpt>
      <trkpt lat="50.702437" lon="5.773739">
        <ele>198.390714</ele>
        <time>2026-07-22T21:17:08.481Z</time>
      </trkpt>
      <trkpt lat="50.702362" lon="5.774285">
        <ele>200.328158</ele>
        <time>2026-07-22T21:17:21.564Z</time>
      </trkpt>
      <trkpt lat="50.702337" lon="5.774705">
        <ele>201.791058</ele>
        <time>2026-07-22T21:17:32.357Z</time>
      </trkpt>
      <trkpt lat="50.702198" lon="5.775723">
        <ele>205.402406</ele>
        <time>2026-07-22T21:17:56.930Z</time>
      </trkpt>
      <trkpt lat="50.702186" lon="5.775931">
        <ele>206.126700</ele>
        <time>2026-07-22T21:18:01.361Z</time>
      </trkpt>
      <trkpt lat="50.702217" lon="5.777141">
        <ele>207.749055</ele>
        <time>2026-07-22T21:18:24.373Z</time>
      </trkpt>
      <trkpt lat="50.702126" lon="5.777668">
        <ele>208.077698</ele>
        <time>2026-07-22T21:18:32.725Z</time>
      </trkpt>
      <trkpt lat="50.702057" lon="5.777876">
        <ele>208.218968</ele>
        <time>2026-07-22T21:18:36.055Z</time>
      </trkpt>
      <trkpt lat="50.701737" lon="5.778533">
        <ele>208.717624</ele>
        <time>2026-07-22T21:18:44.339Z</time>
      </trkpt>
      <trkpt lat="50.701769" lon="5.778562">
        <ele>208.752674</ele>
        <time>2026-07-22T21:18:46.461Z</time>
      </trkpt>
      <trkpt lat="50.701737" lon="5.778533">
        <ele>208.787723</ele>
        <time>2026-07-22T21:18:48.507Z</time>
      </trkpt>
      <trkpt lat="50.701382" lon="5.779222">
        <ele>206.036220</ele>
        <time>2026-07-22T21:18:52.594Z</time>
      </trkpt>
      <trkpt lat="50.701228" lon="5.779543">
        <ele>204.314804</ele>
        <time>2026-07-22T21:18:54.384Z</time>
      </trkpt>
      <trkpt lat="50.701175" lon="5.779730">
        <ele>203.439035</ele>
        <time>2026-07-22T21:18:55.288Z</time>
      </trkpt>
      <trkpt lat="50.700889" lon="5.781308">
        <ele>196.565376</ele>
        <time>2026-07-22T21:19:02.668Z</time>
      </trkpt>
      <trkpt lat="50.700810" lon="5.781611">
        <ele>195.728674</ele>
        <time>2026-07-22T21:19:04.188Z</time>
      </trkpt>
      <trkpt lat="50.700696" lon="5.781888">
        <ele>194.885145</ele>
        <time>2026-07-22T21:19:05.752Z</time>
      </trkpt>
      <trkpt lat="50.700421" lon="5.782417">
        <ele>193.137605</ele>
        <time>2026-07-22T21:19:09.000Z</time>
      </trkpt>
      <trkpt lat="50.700397" lon="5.782462">
        <ele>192.987384</ele>
        <time>2026-07-22T21:19:09.290Z</time>
      </trkpt>
      <trkpt lat="50.699954" lon="5.783208">
        <ele>190.376136</ele>
        <time>2026-07-22T21:19:14.693Z</time>
      </trkpt>
      <trkpt lat="50.699140" lon="5.784469">
        <ele>189.592378</ele>
        <time>2026-07-22T21:19:26.367Z</time>
      </trkpt>
      <trkpt lat="50.699081" lon="5.784559">
        <ele>189.598268</ele>
        <time>2026-07-22T21:19:28.007Z</time>
      </trkpt>
      <trkpt lat="50.698839" lon="5.784937">
        <ele>189.622710</ele>
        <time>2026-07-22T21:19:36.380Z</time>
      </trkpt>
      <trkpt lat="50.698725" lon="5.785193">
        <ele>189.636941</ele>
        <time>2026-07-22T21:19:40.041Z</time>
      </trkpt>
      <trkpt lat="50.698651" lon="5.785486">
        <ele>189.651286</ele>
        <time>2026-07-22T21:19:42.279Z</time>
      </trkpt>
      <trkpt lat="50.698611" lon="5.785738">
        <ele>189.450893</ele>
        <time>2026-07-22T21:19:43.771Z</time>
      </trkpt>
      <trkpt lat="50.698601" lon="5.786236">
        <ele>188.895362</ele>
        <time>2026-07-22T21:19:46.474Z</time>
      </trkpt>
      <trkpt lat="50.698649" lon="5.786557">
        <ele>188.527621</ele>
        <time>2026-07-22T21:19:48.233Z</time>
      </trkpt>
      <trkpt lat="50.698972" lon="5.787746">
        <ele>187.085151</ele>
        <time>2026-07-22T21:19:55.133Z</time>
      </trkpt>
      <trkpt lat="50.699114" lon="5.788280">
        <ele>186.487575</ele>
        <time>2026-07-22T21:19:58.346Z</time>
      </trkpt>
      <trkpt lat="50.698276" lon="5.788754">
        <ele>186.453069</ele>
        <time>2026-07-22T21:20:07.303Z</time>
      </trkpt>
      <trkpt lat="50.698124" lon="5.788946">
        <ele>186.445523</ele>
        <time>2026-07-22T21:20:09.672Z</time>
      </trkpt>
      <trkpt lat="50.697765" lon="5.789988">
        <ele>186.636279</ele>
        <time>2026-07-22T21:20:21.267Z</time>
      </trkpt>
      <trkpt lat="50.697646" lon="5.790230">
        <ele>187.280400</ele>
        <time>2026-07-22T21:20:24.530Z</time>
      </trkpt>
      <trkpt lat="50.697317" lon="5.790722">
        <ele>188.784581</ele>
        <time>2026-07-22T21:20:33.381Z</time>
      </trkpt>
      <trkpt lat="50.696981" lon="5.791152">
        <ele>190.220259</ele>
        <time>2026-07-22T21:20:44.148Z</time>
      </trkpt>
      <trkpt lat="50.695751" lon="5.792481">
        <ele>195.148604</ele>
        <time>2026-07-22T21:21:23.490Z</time>
      </trkpt>
      <trkpt lat="50.693944" lon="5.794528">
        <ele>199.249865</ele>
        <time>2026-07-22T21:22:05.697Z</time>
      </trkpt>
      <trkpt lat="50.694315" lon="5.796077">
        <ele>198.510269</ele>
        <time>2026-07-22T21:22:18.368Z</time>
      </trkpt>
      <trkpt lat="50.694553" lon="5.797024">
        <ele>197.082053</ele>
        <time>2026-07-22T21:22:28.451Z</time>
      </trkpt>
      <trkpt lat="50.694686" lon="5.797558">
        <ele>196.277685</ele>
        <time>2026-07-22T21:22:32.713Z</time>
      </trkpt>
      <trkpt lat="50.694966" lon="5.798729">
        <ele>193.693489</ele>
        <time>2026-07-22T21:22:41.347Z</time>
      </trkpt>
      <trkpt lat="50.695083" lon="5.799251">
        <ele>192.353340</ele>
        <time>2026-07-22T21:22:45.474Z</time>
      </trkpt>
      <trkpt lat="50.695122" lon="5.799778">
        <ele>191.069174</ele>
        <time>2026-07-22T21:22:49.643Z</time>
      </trkpt>
      <trkpt lat="50.695354" lon="5.799869">
        <ele>190.155793</ele>
        <time>2026-07-22T21:22:51.626Z</time>
      </trkpt>
      <trkpt lat="50.695692" lon="5.800176">
        <ele>188.582203</ele>
        <time>2026-07-22T21:22:54.912Z</time>
      </trkpt>
      <trkpt lat="50.695825" lon="5.800235">
        <ele>187.706051</ele>
        <time>2026-07-22T21:22:55.868Z</time>
      </trkpt>
      <trkpt lat="50.696045" lon="5.800232">
        <ele>186.310762</ele>
        <time>2026-07-22T21:22:57.390Z</time>
      </trkpt>
      <trkpt lat="50.696123" lon="5.800179">
        <ele>185.772213</ele>
        <time>2026-07-22T21:22:57.996Z</time>
      </trkpt>
      <trkpt lat="50.696580" lon="5.799527">
        <ele>181.865762</ele>
        <time>2026-07-22T21:23:02.596Z</time>
      </trkpt>
      <trkpt lat="50.696705" lon="5.799400">
        <ele>180.923035</ele>
        <time>2026-07-22T21:23:03.716Z</time>
      </trkpt>
      <trkpt lat="50.696824" lon="5.799330">
        <ele>180.117653</ele>
        <time>2026-07-22T21:23:04.668Z</time>
      </trkpt>
      <trkpt lat="50.697074" lon="5.799354">
        <ele>178.529228</ele>
        <time>2026-07-22T21:23:06.511Z</time>
      </trkpt>
      <trkpt lat="50.697201" lon="5.799434">
        <ele>177.662049</ele>
        <time>2026-07-22T21:23:07.490Z</time>
      </trkpt>
      <trkpt lat="50.698251" lon="5.800683">
        <ele>168.877439</ele>
        <time>2026-07-22T21:23:16.514Z</time>
      </trkpt>
      <trkpt lat="50.698302" lon="5.800829">
        <ele>168.170545</ele>
        <time>2026-07-22T21:23:17.215Z</time>
      </trkpt>
      <trkpt lat="50.698297" lon="5.800962">
        <ele>167.605667</ele>
        <time>2026-07-22T21:23:17.774Z</time>
      </trkpt>
      <trkpt lat="50.698258" lon="5.801097">
        <ele>166.976581</ele>
        <time>2026-07-22T21:23:18.422Z</time>
      </trkpt>
      <trkpt lat="50.698202" lon="5.801186">
        <ele>166.444708</ele>
        <time>2026-07-22T21:23:19.107Z</time>
      </trkpt>
      <trkpt lat="50.698065" lon="5.801259">
        <ele>165.476866</ele>
        <time>2026-07-22T21:23:23.047Z</time>
      </trkpt>
      <trkpt lat="50.697973" lon="5.801223">
        <ele>165.420454</ele>
        <time>2026-07-22T21:23:26.794Z</time>
      </trkpt>
      <trkpt lat="50.697431" lon="5.800567">
        <ele>166.093005</ele>
        <time>2026-07-22T21:23:57.319Z</time>
      </trkpt>
      <trkpt lat="50.697345" lon="5.800499">
        <ele>166.187724</ele>
        <time>2026-07-22T21:24:01.727Z</time>
      </trkpt>
      <trkpt lat="50.697235" lon="5.800488">
        <ele>166.296266</ele>
        <time>2026-07-22T21:24:06.509Z</time>
      </trkpt>
      <trkpt lat="50.697090" lon="5.800580">
        <ele>166.450159</ele>
        <time>2026-07-22T21:24:12.077Z</time>
      </trkpt>
      <trkpt lat="50.697024" lon="5.800750">
        <ele>166.574535</ele>
        <time>2026-07-22T21:24:14.498Z</time>
      </trkpt>
      <trkpt lat="50.697015" lon="5.800835">
        <ele>166.628292</ele>
        <time>2026-07-22T21:24:14.965Z</time>
      </trkpt>
      <trkpt lat="50.697029" lon="5.800974">
        <ele>166.716086</ele>
        <time>2026-07-22T21:24:15.614Z</time>
      </trkpt>
      <trkpt lat="50.697097" lon="5.801140">
        <ele>166.839400</ele>
        <time>2026-07-22T21:24:16.476Z</time>
      </trkpt>
      <trkpt lat="50.698217" lon="5.802519">
        <ele>156.318525</ele>
        <time>2026-07-22T21:24:26.120Z</time>
      </trkpt>
      <trkpt lat="50.698303" lon="5.802669">
        <ele>155.102271</ele>
        <time>2026-07-22T21:24:26.996Z</time>
      </trkpt>
      <trkpt lat="50.698317" lon="5.802878">
        <ele>153.838874</ele>
        <time>2026-07-22T21:24:27.936Z</time>
      </trkpt>
      <trkpt lat="50.698337" lon="5.803173">
        <ele>152.055372</ele>
        <time>2026-07-22T21:24:29.280Z</time>
      </trkpt>
      <trkpt lat="50.699596" lon="5.801747">
        <ele>144.087474</ele>
        <time>2026-07-22T21:24:40.635Z</time>
      </trkpt>
      <trkpt lat="50.699802" lon="5.801519">
        <ele>142.966803</ele>
        <time>2026-07-22T21:24:43.475Z</time>
      </trkpt>
      <trkpt lat="50.699979" lon="5.801232">
        <ele>141.998932</ele>
        <time>2026-07-22T21:24:47.328Z</time>
      </trkpt>
      <trkpt lat="50.700066" lon="5.800978">
        <ele>141.850826</ele>
        <time>2026-07-22T21:24:49.807Z</time>
      </trkpt>
      <trkpt lat="50.700106" lon="5.800694">
        <ele>141.701605</ele>
        <time>2026-07-22T21:24:51.799Z</time>
      </trkpt>
      <trkpt lat="50.700121" lon="5.800188">
        <ele>141.441793</ele>
        <time>2026-07-22T21:24:55.685Z</time>
      </trkpt>
      <trkpt lat="50.700174" lon="5.799818">
        <ele>141.247228</ele>
        <time>2026-07-22T21:24:57.911Z</time>
      </trkpt>
      <trkpt lat="50.700338" lon="5.799435">
        <ele>141.010109</ele>
        <time>2026-07-22T21:25:00.568Z</time>
      </trkpt>
      <trkpt lat="50.700583" lon="5.799186">
        <ele>140.774161</ele>
        <time>2026-07-22T21:25:03.290Z</time>
      </trkpt>
      <trkpt lat="50.700770" lon="5.799113">
        <ele>140.618172</ele>
        <time>2026-07-22T21:25:05.160Z</time>
      </trkpt>
      <trkpt lat="50.701023" lon="5.799132">
        <ele>140.255569</ele>
        <time>2026-07-22T21:25:07.771Z</time>
      </trkpt>
      <trkpt lat="50.702088" lon="5.799452">
        <ele>138.541856</ele>
        <time>2026-07-22T21:25:20.030Z</time>
      </trkpt>
      <trkpt lat="50.702354" lon="5.799483">
        <ele>138.120233</ele>
        <time>2026-07-22T21:25:22.213Z</time>
      </trkpt>
      <trkpt lat="50.702559" lon="5.799431">
        <ele>137.792024</ele>
        <time>2026-07-22T21:25:23.818Z</time>
      </trkpt>
      <trkpt lat="50.702683" lon="5.799359">
        <ele>137.502102</ele>
        <time>2026-07-22T21:25:24.769Z</time>
      </trkpt>
      <trkpt lat="50.702775" lon="5.799284">
        <ele>137.251197</ele>
        <time>2026-07-22T21:25:25.528Z</time>
      </trkpt>
      <trkpt lat="50.702958" lon="5.799051">
        <ele>136.681515</ele>
        <time>2026-07-22T21:25:27.325Z</time>
      </trkpt>
      <trkpt lat="50.703055" lon="5.798897">
        <ele>136.348174</ele>
        <time>2026-07-22T21:25:28.419Z</time>
      </trkpt>
      <trkpt lat="50.703519" lon="5.798119">
        <ele>134.708044</ele>
        <time>2026-07-22T21:25:34.659Z</time>
      </trkpt>
      <trkpt lat="50.703828" lon="5.797577">
        <ele>133.588830</ele>
        <time>2026-07-22T21:25:38.571Z</time>
      </trkpt>
      <trkpt lat="50.703913" lon="5.797372">
        <ele>133.363057</ele>
        <time>2026-07-22T21:25:40.056Z</time>
      </trkpt>
      <trkpt lat="50.704048" lon="5.796856">
        <ele>133.291980</ele>
        <time>2026-07-22T21:25:43.533Z</time>
      </trkpt>
      <trkpt lat="50.704099" lon="5.796122">
        <ele>133.197973</ele>
        <time>2026-07-22T21:25:51.133Z</time>
      </trkpt>
      <trkpt lat="50.704216" lon="5.793020">
        <ele>131.999826</ele>
        <time>2026-07-22T21:26:13.318Z</time>
      </trkpt>
      <trkpt lat="50.704219" lon="5.792732">
        <ele>131.824817</ele>
        <time>2026-07-22T21:26:15.182Z</time>
      </trkpt>
      <trkpt lat="50.704169" lon="5.791843">
        <ele>131.280544</ele>
        <time>2026-07-22T21:26:19.944Z</time>
      </trkpt>
      <trkpt lat="50.704055" lon="5.790209">
        <ele>129.995612</ele>
        <time>2026-07-22T21:26:29.070Z</time>
      </trkpt>
      <trkpt lat="50.704052" lon="5.789750">
        <ele>129.636818</ele>
        <time>2026-07-22T21:26:31.559Z</time>
      </trkpt>
      <trkpt lat="50.704143" lon="5.789145">
        <ele>129.150770</ele>
        <time>2026-07-22T21:26:38.505Z</time>
      </trkpt>
      <trkpt lat="50.704362" lon="5.788421">
        <ele>129.013233</ele>
        <time>2026-07-22T21:26:44.907Z</time>
      </trkpt>
      <trkpt lat="50.704606" lon="5.787932">
        <ele>128.962938</ele>
        <time>2026-07-22T21:26:49.288Z</time>
      </trkpt>
      <trkpt lat="50.704976" lon="5.787531">
        <ele>128.905690</ele>
        <time>2026-07-22T21:26:55.810Z</time>
      </trkpt>
      <trkpt lat="50.706567" lon="5.786063">
        <ele>126.988104</ele>
        <time>2026-07-22T21:27:13.455Z</time>
      </trkpt>
      <trkpt lat="50.706710" lon="5.785899">
        <ele>126.741900</ele>
        <time>2026-07-22T21:27:15.643Z</time>
      </trkpt>
      <trkpt lat="50.706952" lon="5.785537">
        <ele>126.272594</ele>
        <time>2026-07-22T21:27:18.259Z</time>
      </trkpt>
      <trkpt lat="50.707640" lon="5.784475">
        <ele>124.816420</ele>
        <time>2026-07-22T21:27:26.779Z</time>
      </trkpt>
      <trkpt lat="50.707942" lon="5.783951">
        <ele>124.137326</ele>
        <time>2026-07-22T21:27:31.194Z</time>
      </trkpt>
      <trkpt lat="50.709064" lon="5.781329">
        <ele>122.353142</ele>
        <time>2026-07-22T21:27:51.238Z</time>
      </trkpt>
      <trkpt lat="50.709216" lon="5.780846">
        <ele>122.374082</ele>
        <time>2026-07-22T21:27:54.360Z</time>
      </trkpt>
      <trkpt lat="50.709305" lon="5.780475">
        <ele>122.535474</ele>
        <time>2026-07-22T21:27:57.520Z</time>
      </trkpt>
      <trkpt lat="50.709368" lon="5.780449">
        <ele>122.577305</ele>
        <time>2026-07-22T21:27:59.183Z</time>
      </trkpt>
      <trkpt lat="50.709556" lon="5.780073">
        <ele>122.772197</ele>
        <time>2026-07-22T21:28:05.416Z</time>
      </trkpt>
      <trkpt lat="50.709724" lon="5.779197">
        <ele>123.144542</ele>
        <time>2026-07-22T21:28:10.524Z</time>
      </trkpt>
      <trkpt lat="50.709853" lon="5.778689">
        <ele>123.367195</ele>
        <time>2026-07-22T21:28:17.168Z</time>
      </trkpt>
      <trkpt lat="50.709951" lon="5.778556">
        <ele>123.777894</ele>
        <time>2026-07-22T21:28:20.244Z</time>
      </trkpt>
      <trkpt lat="50.710268" lon="5.778457">
        <ele>125.369434</ele>
        <time>2026-07-22T21:28:28.866Z</time>
      </trkpt>
      <trkpt lat="50.710370" lon="5.778364">
        <ele>125.949531</ele>
        <time>2026-07-22T21:28:32.223Z</time>
      </trkpt>
      <trkpt lat="50.710492" lon="5.778104">
        <ele>126.958799</ele>
        <time>2026-07-22T21:28:38.169Z</time>
      </trkpt>
      <trkpt lat="50.710577" lon="5.776755">
        <ele>131.186909</ele>
        <time>2026-07-22T21:29:01.199Z</time>
      </trkpt>
      <trkpt lat="50.710593" lon="5.776598">
        <ele>131.682869</ele>
        <time>2026-07-22T21:29:04.218Z</time>
      </trkpt>
      <trkpt lat="50.710651" lon="5.776405">
        <ele>132.400333</ele>
        <time>2026-07-22T21:29:08.751Z</time>
      </trkpt>
      <trkpt lat="50.710830" lon="5.776152">
        <ele>134.261279</ele>
        <time>2026-07-22T21:29:17.959Z</time>
      </trkpt>
      <trkpt lat="50.711670" lon="5.775714">
        <ele>141.114040</ele>
        <time>2026-07-22T21:29:55.464Z</time>
      </trkpt>
      <trkpt lat="50.712068" lon="5.775368">
        <ele>144.633514</ele>
        <time>2026-07-22T21:30:11.513Z</time>
      </trkpt>
      <trkpt lat="50.712993" lon="5.774403">
        <ele>149.247104</ele>
        <time>2026-07-22T21:30:44.942Z</time>
      </trkpt>
      <trkpt lat="50.713031" lon="5.774585">
        <ele>149.655551</ele>
        <time>2026-07-22T21:30:49.108Z</time>
      </trkpt>
      <trkpt lat="50.712771" lon="5.775934">
        <ele>151.688402</ele>
        <time>2026-07-22T21:31:02.495Z</time>
      </trkpt>
      <trkpt lat="50.712705" lon="5.776718">
        <ele>149.409162</ele>
        <time>2026-07-22T21:31:06.315Z</time>
      </trkpt>
      <trkpt lat="50.712708" lon="5.779532">
        <ele>143.421875</ele>
        <time>2026-07-22T21:31:19.371Z</time>
      </trkpt>
      <trkpt lat="50.712157" lon="5.783065">
        <ele>146.625183</ele>
        <time>2026-07-22T21:31:58.659Z</time>
      </trkpt>
      <trkpt lat="50.712183" lon="5.783301">
        <ele>147.233381</ele>
        <time>2026-07-22T21:32:02.493Z</time>
      </trkpt>
      <trkpt lat="50.712252" lon="5.783582">
        <ele>147.998595</ele>
        <time>2026-07-22T21:32:09.852Z</time>
      </trkpt>
      <trkpt lat="50.712434" lon="5.783926">
        <ele>149.136739</ele>
        <time>2026-07-22T21:32:21.937Z</time>
      </trkpt>
      <trkpt lat="50.712514" lon="5.783998">
        <ele>149.610350</ele>
        <time>2026-07-22T21:32:25.676Z</time>
      </trkpt>
      <trkpt lat="50.712682" lon="5.784111">
        <ele>150.937802</ele>
        <time>2026-07-22T21:32:32.858Z</time>
      </trkpt>
      <trkpt lat="50.713800" lon="5.784408">
        <ele>159.179407</ele>
        <time>2026-07-22T21:33:13.096Z</time>
      </trkpt>
      <trkpt lat="50.713971" lon="5.784497">
        <ele>160.488275</ele>
        <time>2026-07-22T21:33:18.088Z</time>
      </trkpt>
      <trkpt lat="50.714027" lon="5.784639">
        <ele>161.258319</ele>
        <time>2026-07-22T21:33:21.252Z</time>
      </trkpt>
      <trkpt lat="50.714024" lon="5.784777">
        <ele>161.893914</ele>
        <time>2026-07-22T21:33:24.596Z</time>
      </trkpt>
      <trkpt lat="50.713955" lon="5.784952">
        <ele>162.831374</ele>
        <time>2026-07-22T21:33:30.105Z</time>
      </trkpt>
      <trkpt lat="50.713398" lon="5.785685">
        <ele>167.946832</ele>
        <time>2026-07-22T21:33:52.893Z</time>
      </trkpt>
      <trkpt lat="50.713324" lon="5.785872">
        <ele>168.931994</ele>
        <time>2026-07-22T21:33:57.276Z</time>
      </trkpt>
      <trkpt lat="50.713295" lon="5.786018">
        <ele>169.615597</ele>
        <time>2026-07-22T21:34:00.447Z</time>
      </trkpt>
      <trkpt lat="50.713299" lon="5.786245">
        <ele>170.630126</ele>
        <time>2026-07-22T21:34:05.367Z</time>
      </trkpt>
      <trkpt lat="50.713327" lon="5.786385">
        <ele>171.286042</ele>
        <time>2026-07-22T21:34:08.699Z</time>
      </trkpt>
      <trkpt lat="50.713932" lon="5.787791">
        <ele>179.443728</ele>
        <time>2026-07-22T21:34:49.887Z</time>
      </trkpt>
      <trkpt lat="50.713974" lon="5.787908">
        <ele>180.135131</ele>
        <time>2026-07-22T21:34:52.994Z</time>
      </trkpt>
      <trkpt lat="50.713974" lon="5.788037">
        <ele>180.798289</ele>
        <time>2026-07-22T21:34:55.574Z</time>
      </trkpt>
      <trkpt lat="50.714021" lon="5.788149">
        <ele>181.489021</ele>
        <time>2026-07-22T21:34:58.115Z</time>
      </trkpt>
      <trkpt lat="50.714180" lon="5.788804">
        <ele>185.095174</ele>
        <time>2026-07-22T21:35:12.878Z</time>
      </trkpt>
      <trkpt lat="50.714279" lon="5.789571">
        <ele>189.119202</ele>
        <time>2026-07-22T21:35:32.216Z</time>
      </trkpt>
      <trkpt lat="50.714352" lon="5.790537">
        <ele>196.063523</ele>
        <time>2026-07-22T21:36:01.068Z</time>
      </trkpt>
      <trkpt lat="50.714475" lon="5.791234">
        <ele>201.435499</ele>
        <time>2026-07-22T21:36:27.004Z</time>
      </trkpt>
      <trkpt lat="50.714481" lon="5.791487">
        <ele>203.315169</ele>
        <time>2026-07-22T21:36:35.260Z</time>
      </trkpt>
      <trkpt lat="50.714360" lon="5.792761">
        <ele>212.466856</ele>
        <time>2026-07-22T21:37:16.933Z</time>
      </trkpt>
      <trkpt lat="50.714372" lon="5.793302">
        <ele>215.674259</ele>
        <time>2026-07-22T21:37:32.852Z</time>
      </trkpt>
      <trkpt lat="50.714424" lon="5.793713">
        <ele>218.157579</ele>
        <time>2026-07-22T21:37:44.417Z</time>
      </trkpt>
      <trkpt lat="50.714532" lon="5.794183">
        <ele>221.120040</ele>
        <time>2026-07-22T21:37:57.628Z</time>
      </trkpt>
      <trkpt lat="50.714629" lon="5.794429">
        <ele>222.837107</ele>
        <time>2026-07-22T21:38:04.960Z</time>
      </trkpt>
      <trkpt lat="50.714704" lon="5.794531">
        <ele>223.763268</ele>
        <time>2026-07-22T21:38:08.848Z</time>
      </trkpt>
      <trkpt lat="50.714850" lon="5.794635">
        <ele>225.261991</ele>
        <time>2026-07-22T21:38:14.918Z</time>
      </trkpt>
      <trkpt lat="50.715224" lon="5.794789">
        <ele>228.242032</ele>
        <time>2026-07-22T21:38:28.581Z</time>
      </trkpt>
      <trkpt lat="50.715750" lon="5.795151">
        <ele>230.791013</ele>
        <time>2026-07-22T21:38:46.392Z</time>
      </trkpt>
      <trkpt lat="50.716147" lon="5.795473">
        <ele>232.773666</ele>
        <time>2026-07-22T21:38:56.810Z</time>
      </trkpt>
      <trkpt lat="50.716724" lon="5.795940">
        <ele>235.653972</ele>
        <time>2026-07-22T21:39:11.469Z</time>
      </trkpt>
      <trkpt lat="50.716854" lon="5.796064">
        <ele>235.685059</ele>
        <time>2026-07-22T21:39:14.305Z</time>
      </trkpt>
      <trkpt lat="50.717425" lon="5.796793">
        <ele>235.820953</ele>
        <time>2026-07-22T21:39:24.199Z</time>
      </trkpt>
      <trkpt lat="50.718090" lon="5.797466">
        <ele>235.967133</ele>
        <time>2026-07-22T21:39:31.883Z</time>
      </trkpt>
      <trkpt lat="50.718508" lon="5.797889">
        <ele>235.963806</ele>
        <time>2026-07-22T21:39:36.686Z</time>
      </trkpt>
      <trkpt lat="50.718685" lon="5.797851">
        <ele>235.951270</ele>
        <time>2026-07-22T21:39:38.464Z</time>
      </trkpt>
      <trkpt lat="50.719275" lon="5.797436">
        <ele>235.905945</ele>
        <time>2026-07-22T21:39:45.310Z</time>
      </trkpt>
      <trkpt lat="50.719703" lon="5.797477">
        <ele>235.875854</ele>
        <time>2026-07-22T21:39:51.446Z</time>
      </trkpt>
      <trkpt lat="50.719706" lon="5.797573">
        <ele>235.871584</ele>
        <time>2026-07-22T21:39:52.544Z</time>
      </trkpt>
      <trkpt lat="50.719477" lon="5.797974">
        <ele>236.068295</ele>
        <time>2026-07-22T21:39:58.730Z</time>
      </trkpt>
      <trkpt lat="50.719128" lon="5.798679">
        <ele>236.571347</ele>
        <time>2026-07-22T21:40:07.726Z</time>
      </trkpt>
      <trkpt lat="50.718769" lon="5.799627">
        <ele>237.192287</ele>
        <time>2026-07-22T21:40:18.248Z</time>
      </trkpt>
      <trkpt lat="50.717631" lon="5.804011">
        <ele>237.752620</ele>
        <time>2026-07-22T21:40:52.959Z</time>
      </trkpt>
      <trkpt lat="50.717099" lon="5.806069">
        <ele>238.949718</ele>
        <time>2026-07-22T21:41:13.341Z</time>
      </trkpt>
      <trkpt lat="50.716295" lon="5.809148">
        <ele>242.515240</ele>
        <time>2026-07-22T21:41:52.060Z</time>
      </trkpt>
      <trkpt lat="50.715322" lon="5.812952">
        <ele>246.039739</ele>
        <time>2026-07-22T21:42:35.723Z</time>
      </trkpt>
      <trkpt lat="50.715630" lon="5.813173">
        <ele>245.984425</ele>
        <time>2026-07-22T21:42:40.762Z</time>
      </trkpt>
      <trkpt lat="50.716449" lon="5.813593">
        <ele>244.572447</ele>
        <time>2026-07-22T21:42:52.125Z</time>
      </trkpt>
      <trkpt lat="50.717373" lon="5.814189">
        <ele>243.094836</ele>
        <time>2026-07-22T21:43:03.962Z</time>
      </trkpt>
      <trkpt lat="50.718903" lon="5.814413">
        <ele>241.700688</ele>
        <time>2026-07-22T21:43:25.544Z</time>
      </trkpt>
      <trkpt lat="50.719111" lon="5.814844">
        <ele>241.913749</ele>
        <time>2026-07-22T21:43:33.057Z</time>
      </trkpt>
      <trkpt lat="50.719423" lon="5.815822">
        <ele>242.504236</ele>
        <time>2026-07-22T21:43:47.387Z</time>
      </trkpt>
      <trkpt lat="50.719967" lon="5.816851">
        <ele>243.175677</ele>
        <time>2026-07-22T21:44:03.459Z</time>
      </trkpt>
      <trkpt lat="50.720557" lon="5.817786">
        <ele>242.854463</ele>
        <time>2026-07-22T21:44:17.360Z</time>
      </trkpt>
      <trkpt lat="50.720716" lon="5.817995">
        <ele>242.774962</ele>
        <time>2026-07-22T21:44:20.655Z</time>
      </trkpt>
      <trkpt lat="50.721070" lon="5.818347">
        <ele>242.614194</ele>
        <time>2026-07-22T21:44:26.786Z</time>
      </trkpt>
      <trkpt lat="50.721378" lon="5.818724">
        <ele>242.139097</ele>
        <time>2026-07-22T21:44:31.977Z</time>
      </trkpt>
      <trkpt lat="50.721537" lon="5.818849">
        <ele>241.452897</ele>
        <time>2026-07-22T21:44:34.190Z</time>
      </trkpt>
      <trkpt lat="50.721924" lon="5.819051">
        <ele>239.878151</ele>
        <time>2026-07-22T21:44:39.037Z</time>
      </trkpt>
      <trkpt lat="50.722361" lon="5.819485">
        <ele>237.883752</ele>
        <time>2026-07-22T21:44:44.966Z</time>
      </trkpt>
      <trkpt lat="50.722587" lon="5.819672">
        <ele>236.898026</ele>
        <time>2026-07-22T21:44:47.671Z</time>
      </trkpt>
      <trkpt lat="50.722899" lon="5.819752">
        <ele>235.676796</ele>
        <time>2026-07-22T21:44:51.373Z</time>
      </trkpt>
      <trkpt lat="50.723469" lon="5.819819">
        <ele>229.385628</ele>
        <time>2026-07-22T21:44:57.061Z</time>
      </trkpt>
      <trkpt lat="50.723984" lon="5.820013">
        <ele>223.329948</ele>
        <time>2026-07-22T21:45:02.143Z</time>
      </trkpt>
      <trkpt lat="50.724669" lon="5.820659">
        <ele>214.116868</ele>
        <time>2026-07-22T21:45:09.621Z</time>
      </trkpt>
      <trkpt lat="50.725101" lon="5.820949">
        <ele>208.136680</ele>
        <time>2026-07-22T21:45:13.969Z</time>
      </trkpt>
      <trkpt lat="50.725416" lon="5.821166">
        <ele>203.758459</ele>
        <time>2026-07-22T21:45:17.135Z</time>
      </trkpt>
      <trkpt lat="50.725506" lon="5.821267">
        <ele>202.351939</ele>
        <time>2026-07-22T21:45:18.172Z</time>
      </trkpt>
      <trkpt lat="50.725779" lon="5.821750">
        <ele>197.129710</ele>
        <time>2026-07-22T21:45:22.182Z</time>
      </trkpt>
      <trkpt lat="50.726002" lon="5.822211">
        <ele>192.450477</ele>
        <time>2026-07-22T21:45:25.844Z</time>
      </trkpt>
      <trkpt lat="50.726171" lon="5.822629">
        <ele>190.276705</ele>
        <time>2026-07-22T21:45:29.014Z</time>
      </trkpt>
      <trkpt lat="50.726321" lon="5.822895">
        <ele>188.856056</ele>
        <time>2026-07-22T21:45:31.297Z</time>
      </trkpt>
      <trkpt lat="50.726879" lon="5.823617">
        <ele>184.312116</ele>
        <time>2026-07-22T21:45:38.618Z</time>
      </trkpt>
      <trkpt lat="50.727012" lon="5.823734">
        <ele>183.353091</ele>
        <time>2026-07-22T21:45:40.275Z</time>
      </trkpt>
      <trkpt lat="50.727208" lon="5.823855">
        <ele>182.027397</ele>
        <time>2026-07-22T21:45:42.697Z</time>
      </trkpt>
      <trkpt lat="50.727603" lon="5.823907">
        <ele>180.604086</ele>
        <time>2026-07-22T21:45:47.409Z</time>
      </trkpt>
      <trkpt lat="50.727938" lon="5.824354">
        <ele>180.309961</ele>
        <time>2026-07-22T21:45:52.595Z</time>
      </trkpt>
      <trkpt lat="50.727993" lon="5.824500">
        <ele>180.237825</ele>
        <time>2026-07-22T21:45:54.196Z</time>
      </trkpt>
      <trkpt lat="50.728040" lon="5.824808">
        <ele>180.103308</ele>
        <time>2026-07-22T21:45:58.912Z</time>
      </trkpt>
      <trkpt lat="50.728007" lon="5.825192">
        <ele>179.938773</ele>
        <time>2026-07-22T21:46:05.267Z</time>
      </trkpt>
      <trkpt lat="50.728008" lon="5.825848">
        <ele>179.660246</ele>
        <time>2026-07-22T21:46:12.363Z</time>
      </trkpt>
      <trkpt lat="50.728099" lon="5.826393">
        <ele>179.440565</ele>
        <time>2026-07-22T21:46:17.283Z</time>
      </trkpt>
      <trkpt lat="50.728237" lon="5.826886">
        <ele>179.254618</ele>
        <time>2026-07-22T21:46:22.171Z</time>
      </trkpt>
      <trkpt lat="50.728364" lon="5.827215">
        <ele>179.121691</ele>
        <time>2026-07-22T21:46:27.038Z</time>
      </trkpt>
      <trkpt lat="50.728507" lon="5.827479">
        <ele>179.001833</ele>
        <time>2026-07-22T21:46:32.478Z</time>
      </trkpt>
      <trkpt lat="50.729214" lon="5.826520">
        <ele>178.424192</ele>
        <time>2026-07-22T21:46:40.603Z</time>
      </trkpt>
      <trkpt lat="50.729517" lon="5.826230">
        <ele>177.968913</ele>
        <time>2026-07-22T21:46:44.079Z</time>
      </trkpt>
      <trkpt lat="50.730582" lon="5.825462">
        <ele>176.464409</ele>
        <time>2026-07-22T21:46:56.246Z</time>
      </trkpt>
      <trkpt lat="50.731424" lon="5.824888">
        <ele>174.014380</ele>
        <time>2026-07-22T21:47:03.796Z</time>
      </trkpt>
      <trkpt lat="50.731730" lon="5.824860">
        <ele>173.092168</ele>
        <time>2026-07-22T21:47:06.300Z</time>
      </trkpt>
      <trkpt lat="50.732377" lon="5.824887">
        <ele>171.144847</ele>
        <time>2026-07-22T21:47:11.477Z</time>
      </trkpt>
      <trkpt lat="50.732619" lon="5.824821">
        <ele>170.515790</ele>
        <time>2026-07-22T21:47:13.430Z</time>
      </trkpt>
      <trkpt lat="50.733232" lon="5.824550">
        <ele>169.105762</ele>
        <time>2026-07-22T21:47:18.517Z</time>
      </trkpt>
      <trkpt lat="50.733440" lon="5.824514">
        <ele>168.642259</ele>
        <time>2026-07-22T21:47:20.317Z</time>
      </trkpt>
      <trkpt lat="50.733920" lon="5.824538">
        <ele>167.578467</ele>
        <time>2026-07-22T21:47:25.010Z</time>
      </trkpt>
      <trkpt lat="50.733970" lon="5.824541">
        <ele>167.467631</ele>
        <time>2026-07-22T21:47:25.441Z</time>
      </trkpt>
      <trkpt lat="50.734189" lon="5.824554">
        <ele>166.982176</ele>
        <time>2026-07-22T21:47:27.210Z</time>
      </trkpt>
      <trkpt lat="50.735398" lon="5.824650">
        <ele>165.659741</ele>
        <time>2026-07-22T21:47:43.425Z</time>
      </trkpt>
      <trkpt lat="50.735889" lon="5.824577">
        <ele>165.152416</ele>
        <time>2026-07-22T21:47:48.687Z</time>
      </trkpt>
      <trkpt lat="50.735930" lon="5.824568">
        <ele>165.109834</ele>
        <time>2026-07-22T21:47:49.035Z</time>
      </trkpt>
      <trkpt lat="50.736525" lon="5.824395">
        <ele>162.691366</ele>
        <time>2026-07-22T21:47:53.553Z</time>
      </trkpt>
      <trkpt lat="50.737192" lon="5.823952">
        <ele>159.275304</ele>
        <time>2026-07-22T21:47:58.669Z</time>
      </trkpt>
      <trkpt lat="50.737470" lon="5.823742">
        <ele>157.820478</ele>
        <time>2026-07-22T21:48:01.146Z</time>
      </trkpt>
      <trkpt lat="50.737702" lon="5.823478">
        <ele>156.494425</ele>
        <time>2026-07-22T21:48:04.092Z</time>
      </trkpt>
      <trkpt lat="50.737790" lon="5.823345">
        <ele>156.464114</ele>
        <time>2026-07-22T21:48:05.675Z</time>
      </trkpt>
      <trkpt lat="50.737842" lon="5.823271">
        <ele>156.446694</ele>
        <time>2026-07-22T21:48:06.370Z</time>
      </trkpt>
      <trkpt lat="50.738354" lon="5.822716">
        <ele>156.292143</ele>
        <time>2026-07-22T21:48:11.381Z</time>
      </trkpt>
      <trkpt lat="50.738762" lon="5.822294">
        <ele>156.170763</ele>
        <time>2026-07-22T21:48:16.484Z</time>
      </trkpt>
      <trkpt lat="50.738994" lon="5.822151">
        <ele>156.108777</ele>
        <time>2026-07-22T21:48:18.660Z</time>
      </trkpt>
      <trkpt lat="50.739288" lon="5.822175">
        <ele>156.302394</ele>
        <time>2026-07-22T21:48:27.199Z</time>
      </trkpt>
      <trkpt lat="50.739730" lon="5.822282">
        <ele>158.559816</ele>
        <time>2026-07-22T21:48:44.721Z</time>
      </trkpt>
      <trkpt lat="50.740163" lon="5.822353">
        <ele>160.757506</ele>
        <time>2026-07-22T21:48:54.940Z</time>
      </trkpt>
      <trkpt lat="50.740317" lon="5.822286">
        <ele>161.563887</ele>
        <time>2026-07-22T21:48:58.883Z</time>
      </trkpt>
      <trkpt lat="50.740366" lon="5.822426">
        <ele>162.075008</ele>
        <time>2026-07-22T21:49:02.495Z</time>
      </trkpt>
      <trkpt lat="50.740379" lon="5.822546">
        <ele>162.463961</ele>
        <time>2026-07-22T21:49:05.190Z</time>
      </trkpt>
      <trkpt lat="50.740406" lon="5.822838">
        <ele>163.406748</ele>
        <time>2026-07-22T21:49:10.073Z</time>
      </trkpt>
      <trkpt lat="50.740450" lon="5.823376">
        <ele>165.138179</ele>
        <time>2026-07-22T21:49:21.575Z</time>
      </trkpt>
      <trkpt lat="50.740539" lon="5.823846">
        <ele>166.479787</ele>
        <time>2026-07-22T21:49:29.574Z</time>
      </trkpt>
      <trkpt lat="50.740956" lon="5.825194">
        <ele>170.582982</ele>
        <time>2026-07-22T21:49:54.033Z</time>
      </trkpt>
      <trkpt lat="50.741073" lon="5.825485">
        <ele>171.525796</ele>
        <time>2026-07-22T21:49:59.881Z</time>
      </trkpt>
      <trkpt lat="50.741808" lon="5.826800">
        <ele>173.240317</ele>
        <time>2026-07-22T21:50:24.314Z</time>
      </trkpt>
      <trkpt lat="50.742722" lon="5.828133">
        <ele>172.271729</ele>
        <time>2026-07-22T21:50:36.037Z</time>
      </trkpt>
      <trkpt lat="50.743156" lon="5.828776">
        <ele>168.760467</ele>
        <time>2026-07-22T21:50:40.401Z</time>
      </trkpt>
      <trkpt lat="50.743317" lon="5.829137">
        <ele>167.110960</ele>
        <time>2026-07-22T21:50:42.391Z</time>
      </trkpt>
      <trkpt lat="50.743658" lon="5.830243">
        <ele>162.683024</ele>
        <time>2026-07-22T21:50:47.857Z</time>
      </trkpt>
      <trkpt lat="50.743799" lon="5.830605">
        <ele>161.586689</ele>
        <time>2026-07-22T21:50:49.778Z</time>
      </trkpt>
      <trkpt lat="50.744805" lon="5.832680">
        <ele>155.923814</ele>
        <time>2026-07-22T21:51:03.440Z</time>
      </trkpt>
      <trkpt lat="50.744890" lon="5.832853">
        <ele>156.051482</ele>
        <time>2026-07-22T21:51:04.587Z</time>
      </trkpt>
      <trkpt lat="50.745493" lon="5.834092">
        <ele>156.962570</ele>
        <time>2026-07-22T21:51:13.472Z</time>
      </trkpt>
      <trkpt lat="50.745920" lon="5.834966">
        <ele>158.992089</ele>
        <time>2026-07-22T21:51:42.415Z</time>
      </trkpt>
      <trkpt lat="50.746546" lon="5.836017">
        <ele>165.028650</ele>
        <time>2026-07-22T21:52:13.000Z</time>
      </trkpt>
      <trkpt lat="50.746637" lon="5.836180">
        <ele>165.937757</ele>
        <time>2026-07-22T21:52:18.073Z</time>
      </trkpt>
      <trkpt lat="50.746771" lon="5.836513">
        <ele>167.588195</ele>
        <time>2026-07-22T21:52:26.536Z</time>
      </trkpt>
      <trkpt lat="50.747377" lon="5.838544">
        <ele>175.355327</ele>
        <time>2026-07-22T21:53:05.601Z</time>
      </trkpt>
      <trkpt lat="50.747646" lon="5.839224">
        <ele>178.002767</ele>
        <time>2026-07-22T21:53:21.225Z</time>
      </trkpt>
      <trkpt lat="50.747679" lon="5.839347">
        <ele>178.443809</ele>
        <time>2026-07-22T21:53:23.379Z</time>
      </trkpt>
      <trkpt lat="50.747673" lon="5.839520">
        <ele>179.121664</ele>
        <time>2026-07-22T21:53:26.207Z</time>
      </trkpt>
      <trkpt lat="50.747624" lon="5.839641">
        <ele>179.734753</ele>
        <time>2026-07-22T21:53:28.842Z</time>
      </trkpt>
      <trkpt lat="50.747566" lon="5.839708">
        <ele>180.219305</ele>
        <time>2026-07-22T21:53:30.924Z</time>
      </trkpt>
      <trkpt lat="50.747497" lon="5.839730">
        <ele>180.694068</ele>
        <time>2026-07-22T21:53:32.895Z</time>
      </trkpt>
      <trkpt lat="50.746808" lon="5.839453">
        <ele>185.489192</ele>
        <time>2026-07-22T21:53:53.271Z</time>
      </trkpt>
      <trkpt lat="50.746669" lon="5.839465">
        <ele>186.428108</ele>
        <time>2026-07-22T21:53:58.345Z</time>
      </trkpt>
      <trkpt lat="50.746561" lon="5.839619">
        <ele>187.409212</ele>
        <time>2026-07-22T21:54:04.344Z</time>
      </trkpt>
      <trkpt lat="50.746522" lon="5.839857">
        <ele>188.458443</ele>
        <time>2026-07-22T21:54:11.183Z</time>
      </trkpt>
      <trkpt lat="50.746592" lon="5.840116">
        <ele>189.660399</ele>
        <time>2026-07-22T21:54:19.079Z</time>
      </trkpt>
      <trkpt lat="50.747292" lon="5.841349">
        <ele>197.133372</ele>
        <time>2026-07-22T21:54:58.135Z</time>
      </trkpt>
      <trkpt lat="50.747540" lon="5.841786">
        <ele>199.808528</ele>
        <time>2026-07-22T21:55:11.731Z</time>
      </trkpt>
      <trkpt lat="50.747684" lon="5.841989">
        <ele>201.198299</ele>
        <time>2026-07-22T21:55:17.959Z</time>
      </trkpt>
      <trkpt lat="50.747974" lon="5.842318">
        <ele>203.764494</ele>
        <time>2026-07-22T21:55:28.030Z</time>
      </trkpt>
      <trkpt lat="50.748537" lon="5.842688">
        <ele>207.429998</ele>
        <time>2026-07-22T21:55:45.087Z</time>
      </trkpt>
      <trkpt lat="50.748860" lon="5.842943">
        <ele>209.600533</ele>
        <time>2026-07-22T21:55:55.454Z</time>
      </trkpt>
      <trkpt lat="50.749208" lon="5.843272">
        <ele>212.038298</ele>
        <time>2026-07-22T21:56:09.069Z</time>
      </trkpt>
      <trkpt lat="50.749693" lon="5.843877">
        <ele>215.658278</ele>
        <time>2026-07-22T21:56:32.024Z</time>
      </trkpt>
      <trkpt lat="50.750133" lon="5.844524">
        <ele>218.986987</ele>
        <time>2026-07-22T21:56:48.057Z</time>
      </trkpt>
      <trkpt lat="50.750306" lon="5.844680">
        <ele>220.090183</ele>
        <time>2026-07-22T21:56:52.879Z</time>
      </trkpt>
      <trkpt lat="50.750380" lon="5.844712">
        <ele>220.515119</ele>
        <time>2026-07-22T21:56:54.523Z</time>
      </trkpt>
      <trkpt lat="50.750545" lon="5.844704">
        <ele>221.429452</ele>
        <time>2026-07-22T21:56:57.886Z</time>
      </trkpt>
      <trkpt lat="50.751224" lon="5.844497">
        <ele>225.386201</ele>
        <time>2026-07-22T21:57:16.564Z</time>
      </trkpt>
      <trkpt lat="50.751393" lon="5.844488">
        <ele>226.481993</ele>
        <time>2026-07-22T21:57:23.046Z</time>
      </trkpt>
      <trkpt lat="50.751533" lon="5.844563">
        <ele>227.439930</ele>
        <time>2026-07-22T21:57:31.054Z</time>
      </trkpt>
      <trkpt lat="50.751614" lon="5.844657">
        <ele>228.091126</ele>
        <time>2026-07-22T21:57:37.411Z</time>
      </trkpt>
      <trkpt lat="50.751755" lon="5.844950">
        <ele>229.600427</ele>
        <time>2026-07-22T21:57:50.467Z</time>
      </trkpt>
      <trkpt lat="50.751804" lon="5.845873">
        <ele>233.397992</ele>
        <time>2026-07-22T21:58:09.054Z</time>
      </trkpt>
      <trkpt lat="50.751864" lon="5.846109">
        <ele>234.440782</ele>
        <time>2026-07-22T21:58:13.328Z</time>
      </trkpt>
      <trkpt lat="50.752014" lon="5.846498">
        <ele>236.165926</ele>
        <time>2026-07-22T21:58:19.215Z</time>
      </trkpt>
      <trkpt lat="50.752089" lon="5.846697">
        <ele>236.133026</ele>
        <time>2026-07-22T21:58:21.135Z</time>
      </trkpt>
      <trkpt lat="50.752961" lon="5.848932">
        <ele>235.718725</ele>
        <time>2026-07-22T21:58:37.709Z</time>
      </trkpt>
      <trkpt lat="50.753001" lon="5.849092">
        <ele>235.546507</ele>
        <time>2026-07-22T21:58:38.786Z</time>
      </trkpt>
      <trkpt lat="50.752847" lon="5.849169">
        <ele>235.290938</ele>
        <time>2026-07-22T21:58:40.736Z</time>
      </trkpt>
      <trkpt lat="50.753473" lon="5.850816">
        <ele>233.367579</ele>
        <time>2026-07-22T21:58:51.314Z</time>
      </trkpt>
      <trkpt lat="50.753698" lon="5.851487">
        <ele>232.538528</ele>
        <time>2026-07-22T21:58:55.805Z</time>
      </trkpt>
      <trkpt lat="50.753791" lon="5.851946">
        <ele>231.950155</ele>
        <time>2026-07-22T21:58:58.829Z</time>
      </trkpt>
      <trkpt lat="50.753943" lon="5.852984">
        <ele>230.649487</ele>
        <time>2026-07-22T21:59:05.430Z</time>
      </trkpt>
      <trkpt lat="50.754005" lon="5.853892">
        <ele>229.534586</ele>
        <time>2026-07-22T21:59:10.331Z</time>
      </trkpt>
      <trkpt lat="50.754064" lon="5.854227">
        <ele>228.382073</ele>
        <time>2026-07-22T21:59:12.050Z</time>
      </trkpt>
      <trkpt lat="50.754356" lon="5.855321">
        <ele>223.830898</ele>
        <time>2026-07-22T21:59:17.656Z</time>
      </trkpt>
      <trkpt lat="50.754660" lon="5.856322">
        <ele>219.574949</ele>
        <time>2026-07-22T21:59:22.690Z</time>
      </trkpt>
      <trkpt lat="50.754806" lon="5.856978">
        <ele>216.257445</ele>
        <time>2026-07-22T21:59:25.788Z</time>
      </trkpt>
      <trkpt lat="50.754942" lon="5.857458">
        <ele>213.441789</ele>
        <time>2026-07-22T21:59:28.102Z</time>
      </trkpt>
      <trkpt lat="50.755077" lon="5.857897">
        <ele>210.828634</ele>
        <time>2026-07-22T21:59:30.240Z</time>
      </trkpt>
      <trkpt lat="50.755344" lon="5.858619">
        <ele>206.351453</ele>
        <time>2026-07-22T21:59:33.847Z</time>
      </trkpt>
      <trkpt lat="50.755748" lon="5.859684">
        <ele>200.948480</ele>
        <time>2026-07-22T21:59:39.702Z</time>
      </trkpt>
      <trkpt lat="50.756117" lon="5.861012">
        <ele>195.847422</ele>
        <time>2026-07-22T21:59:46.507Z</time>
      </trkpt>
      <trkpt lat="50.756248" lon="5.861408">
        <ele>194.275829</ele>
        <time>2026-07-22T21:59:48.650Z</time>
      </trkpt>
      <trkpt lat="50.756462" lon="5.861862">
        <ele>192.327627</ele>
        <time>2026-07-22T21:59:51.393Z</time>
      </trkpt>
      <trkpt lat="50.756822" lon="5.862397">
        <ele>189.693193</ele>
        <time>2026-07-22T21:59:55.144Z</time>
      </trkpt>
      <trkpt lat="50.757237" lon="5.863098">
        <ele>186.454989</ele>
        <time>2026-07-22T21:59:59.661Z</time>
      </trkpt>
      <trkpt lat="50.757550" lon="5.863755">
        <ele>183.678046</ele>
        <time>2026-07-22T22:00:03.475Z</time>
      </trkpt>
      <trkpt lat="50.757866" lon="5.864263">
        <ele>181.164069</ele>
        <time>2026-07-22T22:00:06.819Z</time>
      </trkpt>
      <trkpt lat="50.758492" lon="5.865543">
        <ele>175.455104</ele>
        <time>2026-07-22T22:00:14.412Z</time>
      </trkpt>
      <trkpt lat="50.758633" lon="5.866099">
        <ele>173.423864</ele>
        <time>2026-07-22T22:00:18.519Z</time>
      </trkpt>
      <trkpt lat="50.758728" lon="5.866366">
        <ele>172.584025</ele>
        <time>2026-07-22T22:00:20.507Z</time>
      </trkpt>
      <trkpt lat="50.759065" lon="5.866852">
        <ele>170.607064</ele>
        <time>2026-07-22T22:00:25.391Z</time>
      </trkpt>
      <trkpt lat="50.760013" lon="5.867381">
        <ele>166.250100</ele>
        <time>2026-07-22T22:00:33.195Z</time>
      </trkpt>
      <trkpt lat="50.760213" lon="5.867434">
        <ele>165.812569</ele>
        <time>2026-07-22T22:00:34.903Z</time>
      </trkpt>
      <trkpt lat="50.760326" lon="5.867422">
        <ele>165.719476</ele>
        <time>2026-07-22T22:00:35.925Z</time>
      </trkpt>
      <trkpt lat="50.761045" lon="5.866994">
        <ele>165.087959</ele>
        <time>2026-07-22T22:00:43.767Z</time>
      </trkpt>
      <trkpt lat="50.761800" lon="5.866670">
        <ele>164.444901</ele>
        <time>2026-07-22T22:00:53.313Z</time>
      </trkpt>
      <trkpt lat="50.761989" lon="5.866507">
        <ele>164.152065</ele>
        <time>2026-07-22T22:00:56.317Z</time>
      </trkpt>
      <trkpt lat="50.762590" lon="5.865878">
        <ele>163.154562</ele>
        <time>2026-07-22T22:01:05.162Z</time>
      </trkpt>
      <trkpt lat="50.763225" lon="5.865211">
        <ele>162.099463</ele>
        <time>2026-07-22T22:01:12.682Z</time>
      </trkpt>
      <trkpt lat="50.763654" lon="5.864769">
        <ele>162.105310</ele>
        <time>2026-07-22T22:01:16.224Z</time>
      </trkpt>
      <trkpt lat="50.763936" lon="5.864524">
        <ele>162.230860</ele>
        <time>2026-07-22T22:01:19.203Z</time>
      </trkpt>
      <trkpt lat="50.764420" lon="5.864376">
        <ele>162.423207</ele>
        <time>2026-07-22T22:01:31.089Z</time>
      </trkpt>
      <trkpt lat="50.764630" lon="5.864275">
        <ele>162.508853</ele>
        <time>2026-07-22T22:01:37.067Z</time>
      </trkpt>
      <trkpt lat="50.764929" lon="5.864111">
        <ele>162.632338</ele>
        <time>2026-07-22T22:01:45.951Z</time>
      </trkpt>
      <trkpt lat="50.765240" lon="5.863866">
        <ele>161.962788</ele>
        <time>2026-07-22T22:01:55.119Z</time>
      </trkpt>
      <trkpt lat="50.765502" lon="5.863655">
        <ele>161.294390</ele>
        <time>2026-07-22T22:01:58.670Z</time>
      </trkpt>
      <trkpt lat="50.765693" lon="5.863575">
        <ele>160.845228</ele>
        <time>2026-07-22T22:02:00.307Z</time>
      </trkpt>
      <trkpt lat="50.766077" lon="5.863476">
        <ele>159.960783</ele>
        <time>2026-07-22T22:02:03.317Z</time>
      </trkpt>
      <trkpt lat="50.766420" lon="5.863265">
        <ele>159.124130</ele>
        <time>2026-07-22T22:02:06.057Z</time>
      </trkpt>
      <trkpt lat="50.767011" lon="5.862726">
        <ele>155.789762</ele>
        <time>2026-07-22T22:02:10.985Z</time>
      </trkpt>
      <trkpt lat="50.767469" lon="5.862472">
        <ele>152.695034</ele>
        <time>2026-07-22T22:02:14.499Z</time>
      </trkpt>
      <trkpt lat="50.767680" lon="5.862236">
        <ele>151.047062</ele>
        <time>2026-07-22T22:02:16.365Z</time>
      </trkpt>
      <trkpt lat="50.767805" lon="5.862025">
        <ele>149.881180</ele>
        <time>2026-07-22T22:02:17.634Z</time>
      </trkpt>
      <trkpt lat="50.767899" lon="5.861992">
        <ele>149.267222</ele>
        <time>2026-07-22T22:02:18.307Z</time>
      </trkpt>
      <trkpt lat="50.768148" lon="5.862154">
        <ele>147.550396</ele>
        <time>2026-07-22T22:02:20.299Z</time>
      </trkpt>
      <trkpt lat="50.768285" lon="5.862198">
        <ele>146.859004</ele>
        <time>2026-07-22T22:02:21.891Z</time>
      </trkpt>
      <trkpt lat="50.768420" lon="5.862060">
        <ele>146.306574</ele>
        <time>2026-07-22T22:02:24.247Z</time>
      </trkpt>
      <trkpt lat="50.768502" lon="5.862031">
        <ele>146.017823</ele>
        <time>2026-07-22T22:02:25.217Z</time>
      </trkpt>
      <trkpt lat="50.768522" lon="5.862138">
        <ele>145.775327</ele>
        <time>2026-07-22T22:02:25.732Z</time>
      </trkpt>
      <trkpt lat="50.768586" lon="5.862229">
        <ele>145.479545</ele>
        <time>2026-07-22T22:02:26.342Z</time>
      </trkpt>
      <trkpt lat="50.769097" lon="5.862495">
        <ele>143.630808</ele>
        <time>2026-07-22T22:02:30.317Z</time>
      </trkpt>
      <trkpt lat="50.769357" lon="5.862618">
        <ele>142.698200</ele>
        <time>2026-07-22T22:02:32.925Z</time>
      </trkpt>
      <trkpt lat="50.769799" lon="5.862719">
        <ele>141.163514</ele>
        <time>2026-07-22T22:02:36.754Z</time>
      </trkpt>
      <trkpt lat="50.769884" lon="5.862727">
        <ele>140.946470</ele>
        <time>2026-07-22T22:02:37.511Z</time>
      </trkpt>
      <trkpt lat="50.769905" lon="5.862725">
        <ele>141.007596</ele>
        <time>2026-07-22T22:02:37.715Z</time>
      </trkpt>
      <trkpt lat="50.769999" lon="5.862729">
        <ele>141.280811</ele>
        <time>2026-07-22T22:02:38.695Z</time>
      </trkpt>
      <trkpt lat="50.770274" lon="5.862760">
        <ele>142.081851</ele>
        <time>2026-07-22T22:02:41.751Z</time>
      </trkpt>
      <trkpt lat="50.770406" lon="5.862831">
        <ele>142.486959</ele>
        <time>2026-07-22T22:02:44.033Z</time>
      </trkpt>
      <trkpt lat="50.770508" lon="5.863026">
        <ele>142.951953</ele>
        <time>2026-07-22T22:02:50.109Z</time>
      </trkpt>
      <trkpt lat="50.770521" lon="5.863082">
        <ele>143.061568</ele>
        <time>2026-07-22T22:02:51.718Z</time>
      </trkpt>
      <trkpt lat="50.770520" lon="5.863221">
        <ele>143.316999</ele>
        <time>2026-07-22T22:02:55.367Z</time>
      </trkpt>
      <trkpt lat="50.770480" lon="5.863358">
        <ele>143.594271</ele>
        <time>2026-07-22T22:02:58.504Z</time>
      </trkpt>
      <trkpt lat="50.769947" lon="5.864206">
        <ele>145.791159</ele>
        <time>2026-07-22T22:03:13.211Z</time>
      </trkpt>
      <trkpt lat="50.769723" lon="5.864674">
        <ele>147.979654</ele>
        <time>2026-07-22T22:03:25.139Z</time>
      </trkpt>
      <trkpt lat="50.769603" lon="5.865218">
        <ele>150.644079</ele>
        <time>2026-07-22T22:03:33.930Z</time>
      </trkpt>
      <trkpt lat="50.769578" lon="5.865563">
        <ele>152.250011</ele>
        <time>2026-07-22T22:03:43.254Z</time>
      </trkpt>
      <trkpt lat="50.769590" lon="5.865857">
        <ele>153.612478</ele>
        <time>2026-07-22T22:03:51.483Z</time>
      </trkpt>
      <trkpt lat="50.769795" lon="5.867129">
        <ele>159.629048</ele>
        <time>2026-07-22T22:04:26.754Z</time>
      </trkpt>
      <trkpt lat="50.769938" lon="5.867671">
        <ele>161.972191</ele>
        <time>2026-07-22T22:04:38.708Z</time>
      </trkpt>
      <trkpt lat="50.770024" lon="5.867911">
        <ele>163.072779</ele>
        <time>2026-07-22T22:04:43.388Z</time>
      </trkpt>
      <trkpt lat="50.770440" lon="5.868964">
        <ele>168.026421</ele>
        <time>2026-07-22T22:05:07.164Z</time>
      </trkpt>
      <trkpt lat="50.770559" lon="5.869251">
        <ele>169.395658</ele>
        <time>2026-07-22T22:05:15.274Z</time>
      </trkpt>
      <trkpt lat="50.770657" lon="5.869460">
        <ele>170.433722</ele>
        <time>2026-07-22T22:05:21.520Z</time>
      </trkpt>
      <trkpt lat="50.771172" lon="5.870528">
        <ele>175.662868</ele>
        <time>2026-07-22T22:05:41.916Z</time>
      </trkpt>
      <trkpt lat="50.771359" lon="5.870991">
        <ele>177.799726</ele>
        <time>2026-07-22T22:05:52.793Z</time>
      </trkpt>
      <trkpt lat="50.771557" lon="5.871609">
        <ele>180.494419</ele>
        <time>2026-07-22T22:06:09.653Z</time>
      </trkpt>
      <trkpt lat="50.771725" lon="5.872371">
        <ele>183.644521</ele>
        <time>2026-07-22T22:06:29.526Z</time>
      </trkpt>
      <trkpt lat="50.771707" lon="5.872714">
        <ele>184.991037</ele>
        <time>2026-07-22T22:06:37.259Z</time>
      </trkpt>
      <trkpt lat="50.771632" lon="5.872951">
        <ele>186.027847</ele>
        <time>2026-07-22T22:06:41.821Z</time>
      </trkpt>
      <trkpt lat="50.771559" lon="5.873090">
        <ele>186.734715</ele>
        <time>2026-07-22T22:06:44.266Z</time>
      </trkpt>
      <trkpt lat="50.770948" lon="5.873794">
        <ele>191.411548</ele>
        <time>2026-07-22T22:06:59.562Z</time>
      </trkpt>
      <trkpt lat="50.770841" lon="5.873985">
        <ele>192.409815</ele>
        <time>2026-07-22T22:07:03.217Z</time>
      </trkpt>
      <trkpt lat="50.770787" lon="5.874198">
        <ele>193.380114</ele>
        <time>2026-07-22T22:07:08.608Z</time>
      </trkpt>
      <trkpt lat="50.770765" lon="5.874284">
        <ele>193.797774</ele>
        <time>2026-07-22T22:07:12.055Z</time>
      </trkpt>
      <trkpt lat="50.770759" lon="5.874469">
        <ele>194.631764</ele>
        <time>2026-07-22T22:07:21.885Z</time>
      </trkpt>
      <trkpt lat="50.770804" lon="5.874622">
        <ele>195.391439</ele>
        <time>2026-07-22T22:07:30.975Z</time>
      </trkpt>
      <trkpt lat="50.770900" lon="5.874733">
        <ele>196.238071</ele>
        <time>2026-07-22T22:07:40.527Z</time>
      </trkpt>
      <trkpt lat="50.770927" lon="5.874747">
        <ele>196.440350</ele>
        <time>2026-07-22T22:07:42.039Z</time>
      </trkpt>
      <trkpt lat="50.771044" lon="5.874743">
        <ele>197.273451</ele>
        <time>2026-07-22T22:07:44.715Z</time>
      </trkpt>
      <trkpt lat="50.771107" lon="5.874692">
        <ele>197.777297</ele>
        <time>2026-07-22T22:07:45.268Z</time>
      </trkpt>
      <trkpt lat="50.771265" lon="5.874389">
        <ele>199.545345</ele>
        <time>2026-07-22T22:07:47.187Z</time>
      </trkpt>
      <trkpt lat="50.771343" lon="5.874294">
        <ele>200.246239</ele>
        <time>2026-07-22T22:07:49.284Z</time>
      </trkpt>
      <trkpt lat="50.771757" lon="5.874126">
        <ele>203.288948</ele>
        <time>2026-07-22T22:08:09.637Z</time>
      </trkpt>
      <trkpt lat="50.772075" lon="5.873970">
        <ele>205.651387</ele>
        <time>2026-07-22T22:08:22.381Z</time>
      </trkpt>
      <trkpt lat="50.772445" lon="5.873708">
        <ele>207.741491</ele>
        <time>2026-07-22T22:08:31.554Z</time>
      </trkpt>
      <trkpt lat="50.773046" lon="5.873268">
        <ele>211.155986</ele>
        <time>2026-07-22T22:08:49.711Z</time>
      </trkpt>
      <trkpt lat="50.773283" lon="5.872998">
        <ele>212.661942</ele>
        <time>2026-07-22T22:08:55.956Z</time>
      </trkpt>
      <trkpt lat="50.773397" lon="5.872854">
        <ele>213.414177</ele>
        <time>2026-07-22T22:09:00.782Z</time>
      </trkpt>
      <trkpt lat="50.773524" lon="5.872783">
        <ele>214.108652</ele>
        <time>2026-07-22T22:09:05.981Z</time>
      </trkpt>
      <trkpt lat="50.773642" lon="5.872797">
        <ele>214.718723</ele>
        <time>2026-07-22T22:09:10.712Z</time>
      </trkpt>
      <trkpt lat="50.773743" lon="5.872871">
        <ele>215.059979</ele>
        <time>2026-07-22T22:09:14.721Z</time>
      </trkpt>
      <trkpt lat="50.773819" lon="5.872978">
        <ele>215.270556</ele>
        <time>2026-07-22T22:09:17.532Z</time>
      </trkpt>
      <trkpt lat="50.773851" lon="5.873035">
        <ele>215.370302</ele>
        <time>2026-07-22T22:09:18.541Z</time>
      </trkpt>
      <trkpt lat="50.774085" lon="5.873608">
        <ele>216.262924</ele>
        <time>2026-07-22T22:09:25.617Z</time>
      </trkpt>
      <trkpt lat="50.774293" lon="5.873931">
        <ele>216.866201</ele>
        <time>2026-07-22T22:09:30.154Z</time>
      </trkpt>
      <trkpt lat="50.774721" lon="5.874346">
        <ele>217.905148</ele>
        <time>2026-07-22T22:09:39.627Z</time>
      </trkpt>
      <trkpt lat="50.774803" lon="5.874407">
        <ele>218.092678</ele>
        <time>2026-07-22T22:09:41.521Z</time>
      </trkpt>
      <trkpt lat="50.775162" lon="5.874655">
        <ele>218.507914</ele>
        <time>2026-07-22T22:09:46.062Z</time>
      </trkpt>
      <trkpt lat="50.775314" lon="5.874786">
        <ele>218.355222</ele>
        <time>2026-07-22T22:09:47.881Z</time>
      </trkpt>
      <trkpt lat="50.775481" lon="5.875064">
        <ele>218.141346</ele>
        <time>2026-07-22T22:09:50.137Z</time>
      </trkpt>
      <trkpt lat="50.775536" lon="5.875200">
        <ele>218.051302</ele>
        <time>2026-07-22T22:09:51.034Z</time>
      </trkpt>
      <trkpt lat="50.775690" lon="5.875665">
        <ele>217.758518</ele>
        <time>2026-07-22T22:09:54.169Z</time>
      </trkpt>
      <trkpt lat="50.775677" lon="5.875804">
        <ele>217.680143</ele>
        <time>2026-07-22T22:09:55.066Z</time>
      </trkpt>
      <trkpt lat="50.775459" lon="5.876263">
        <ele>217.359954</ele>
        <time>2026-07-22T22:09:58.736Z</time>
      </trkpt>
      <trkpt lat="50.775013" lon="5.877190">
        <ele>216.945905</ele>
        <time>2026-07-22T22:10:05.619Z</time>
      </trkpt>
      <trkpt lat="50.774908" lon="5.877510">
        <ele>216.888702</ele>
        <time>2026-07-22T22:10:07.621Z</time>
      </trkpt>
      <trkpt lat="50.774906" lon="5.877519">
        <ele>216.887188</ele>
        <time>2026-07-22T22:10:07.673Z</time>
      </trkpt>
      <trkpt lat="50.774884" lon="5.877664">
        <ele>216.863527</ele>
        <time>2026-07-22T22:10:08.863Z</time>
      </trkpt>
      <trkpt lat="50.774879" lon="5.877735">
        <ele>216.852192</ele>
        <time>2026-07-22T22:10:09.282Z</time>
      </trkpt>
      <trkpt lat="50.774860" lon="5.878038">
        <ele>216.803878</ele>
        <time>2026-07-22T22:10:11.312Z</time>
      </trkpt>
      <trkpt lat="50.774814" lon="5.878241">
        <ele>216.769662</ele>
        <time>2026-07-22T22:10:12.931Z</time>
      </trkpt>
      <trkpt lat="50.774685" lon="5.878456">
        <ele>216.722635</ele>
        <time>2026-07-22T22:10:15.443Z</time>
      </trkpt>
      <trkpt lat="50.774455" lon="5.878625">
        <ele>216.658998</ele>
        <time>2026-07-22T22:10:19.342Z</time>
      </trkpt>
      <trkpt lat="50.774093" lon="5.878853">
        <ele>216.755919</ele>
        <time>2026-07-22T22:10:25.119Z</time>
      </trkpt>
      <trkpt lat="50.772677" lon="5.879735">
        <ele>219.122017</ele>
        <time>2026-07-22T22:10:52.016Z</time>
      </trkpt>
      <trkpt lat="50.772520" lon="5.879905">
        <ele>219.410534</ele>
        <time>2026-07-22T22:10:55.799Z</time>
      </trkpt>
      <trkpt lat="50.772441" lon="5.880110">
        <ele>219.594566</ele>
        <time>2026-07-22T22:10:58.260Z</time>
      </trkpt>
      <trkpt lat="50.772340" lon="5.880054">
        <ele>219.724306</ele>
        <time>2026-07-22T22:10:59.709Z</time>
      </trkpt>
      <trkpt lat="50.772251" lon="5.880045">
        <ele>219.832413</ele>
        <time>2026-07-22T22:11:00.719Z</time>
      </trkpt>
      <trkpt lat="50.771947" lon="5.880204">
        <ele>220.220558</ele>
        <time>2026-07-22T22:11:04.211Z</time>
      </trkpt>
      <trkpt lat="50.769230" lon="5.881942">
        <ele>224.654698</ele>
        <time>2026-07-22T22:11:53.190Z</time>
      </trkpt>
      <trkpt lat="50.768392" lon="5.882477">
        <ele>226.553965</ele>
        <time>2026-07-22T22:12:12.686Z</time>
      </trkpt>
      <trkpt lat="50.765192" lon="5.884542">
        <ele>231.489580</ele>
        <time>2026-07-22T22:13:09.939Z</time>
      </trkpt>
      <trkpt lat="50.764975" lon="5.884644">
        <ele>231.620059</ele>
        <time>2026-07-22T22:13:13.220Z</time>
      </trkpt>
      <trkpt lat="50.764218" lon="5.884935">
        <ele>232.069070</ele>
        <time>2026-07-22T22:13:23.396Z</time>
      </trkpt>
      <trkpt lat="50.763539" lon="5.885219">
        <ele>229.451066</ele>
        <time>2026-07-22T22:13:29.739Z</time>
      </trkpt>
      <trkpt lat="50.763300" lon="5.885389">
        <ele>228.462388</ele>
        <time>2026-07-22T22:13:31.649Z</time>
      </trkpt>
      <trkpt lat="50.763246" lon="5.885393">
        <ele>228.258450</ele>
        <time>2026-07-22T22:13:32.042Z</time>
      </trkpt>
      <trkpt lat="50.763164" lon="5.885350">
        <ele>227.932533</ele>
        <time>2026-07-22T22:13:32.670Z</time>
      </trkpt>
      <trkpt lat="50.762293" lon="5.884085">
        <ele>224.077953</ele>
        <time>2026-07-22T22:13:41.464Z</time>
      </trkpt>
      <trkpt lat="50.762219" lon="5.884094">
        <ele>223.891535</ele>
        <time>2026-07-22T22:13:42.046Z</time>
      </trkpt>
      <trkpt lat="50.762165" lon="5.884225">
        <ele>223.643110</ele>
        <time>2026-07-22T22:13:42.959Z</time>
      </trkpt>
      <trkpt lat="50.762257" lon="5.885063">
        <ele>222.291808</ele>
        <time>2026-07-22T22:13:54.428Z</time>
      </trkpt>
      <trkpt lat="50.762230" lon="5.885210">
        <ele>222.048611</ele>
        <time>2026-07-22T22:13:57.751Z</time>
      </trkpt>
      <trkpt lat="50.762197" lon="5.885263">
        <ele>221.930455</ele>
        <time>2026-07-22T22:13:59.089Z</time>
      </trkpt>
      <trkpt lat="50.762130" lon="5.885293">
        <ele>221.755548</ele>
        <time>2026-07-22T22:14:00.047Z</time>
      </trkpt>
      <trkpt lat="50.762040" lon="5.885242">
        <ele>221.515408</ele>
        <time>2026-07-22T22:14:00.770Z</time>
      </trkpt>
      <trkpt lat="50.761852" lon="5.884848">
        <ele>220.662787</ele>
        <time>2026-07-22T22:14:03.004Z</time>
      </trkpt>
      <trkpt lat="50.761754" lon="5.884697">
        <ele>219.713265</ele>
        <time>2026-07-22T22:14:03.966Z</time>
      </trkpt>
      <trkpt lat="50.761638" lon="5.884587">
        <ele>218.774697</ele>
        <time>2026-07-22T22:14:04.915Z</time>
      </trkpt>
      <trkpt lat="50.760879" lon="5.884248">
        <ele>213.302162</ele>
        <time>2026-07-22T22:14:10.448Z</time>
      </trkpt>
      <trkpt lat="50.760112" lon="5.883630">
        <ele>207.144102</ele>
        <time>2026-07-22T22:14:16.741Z</time>
      </trkpt>
      <trkpt lat="50.759948" lon="5.883539">
        <ele>205.706279</ele>
        <time>2026-07-22T22:14:18.026Z</time>
      </trkpt>
      <trkpt lat="50.759373" lon="5.883336">
        <ele>200.832460</ele>
        <time>2026-07-22T22:14:22.245Z</time>
      </trkpt>
      <trkpt lat="50.759282" lon="5.883290">
        <ele>200.042119</ele>
        <time>2026-07-22T22:14:22.917Z</time>
      </trkpt>
      <trkpt lat="50.759189" lon="5.883182">
        <ele>199.087507</ele>
        <time>2026-07-22T22:14:23.717Z</time>
      </trkpt>
      <trkpt lat="50.759132" lon="5.882945">
        <ele>197.760677</ele>
        <time>2026-07-22T22:14:24.827Z</time>
      </trkpt>
      <trkpt lat="50.759128" lon="5.882735">
        <ele>196.661252</ele>
        <time>2026-07-22T22:14:25.745Z</time>
      </trkpt>
      <trkpt lat="50.759210" lon="5.881893">
        <ele>192.029529</ele>
        <time>2026-07-22T22:14:29.447Z</time>
      </trkpt>
      <trkpt lat="50.759226" lon="5.881413">
        <ele>189.152597</ele>
        <time>2026-07-22T22:14:31.530Z</time>
      </trkpt>
      <trkpt lat="50.759198" lon="5.881104">
        <ele>187.284259</ele>
        <time>2026-07-22T22:14:32.884Z</time>
      </trkpt>
      <trkpt lat="50.759034" lon="5.880401">
        <ele>182.799573</ele>
        <time>2026-07-22T22:14:36.095Z</time>
      </trkpt>
      <trkpt lat="50.758364" lon="5.878058">
        <ele>170.200479</ele>
        <time>2026-07-22T22:14:47.746Z</time>
      </trkpt>
      <trkpt lat="50.758281" lon="5.877863">
        <ele>169.230773</ele>
        <time>2026-07-22T22:14:48.820Z</time>
      </trkpt>
      <trkpt lat="50.758179" lon="5.877813">
        <ele>168.534265</ele>
        <time>2026-07-22T22:14:49.590Z</time>
      </trkpt>
      <trkpt lat="50.758072" lon="5.877868">
        <ele>167.800430</ele>
        <time>2026-07-22T22:14:50.411Z</time>
      </trkpt>
      <trkpt lat="50.757275" lon="5.878757">
        <ele>162.725578</ele>
        <time>2026-07-22T22:14:57.686Z</time>
      </trkpt>
      <trkpt lat="50.757009" lon="5.879029">
        <ele>161.484427</ele>
        <time>2026-07-22T22:15:00.348Z</time>
      </trkpt>
      <trkpt lat="50.756829" lon="5.879057">
        <ele>160.775827</ele>
        <time>2026-07-22T22:15:01.710Z</time>
      </trkpt>
      <trkpt lat="50.755367" lon="5.877852">
        <ele>158.793759</ele>
        <time>2026-07-22T22:15:15.161Z</time>
      </trkpt>
      <trkpt lat="50.754958" lon="5.877567">
        <ele>159.419419</ele>
        <time>2026-07-22T22:15:25.500Z</time>
      </trkpt>
      <trkpt lat="50.752317" lon="5.876834">
        <ele>172.412794</ele>
        <time>2026-07-22T22:16:54.667Z</time>
      </trkpt>
      <trkpt lat="50.752247" lon="5.876760">
        <ele>172.531130</ele>
        <time>2026-07-22T22:16:57.175Z</time>
      </trkpt>
      <trkpt lat="50.751923" lon="5.876092">
        <ele>173.279436</ele>
        <time>2026-07-22T22:17:12.199Z</time>
      </trkpt>
      <trkpt lat="50.751829" lon="5.875945">
        <ele>173.465249</ele>
        <time>2026-07-22T22:17:14.690Z</time>
      </trkpt>
      <trkpt lat="50.751747" lon="5.875927">
        <ele>173.581580</ele>
        <time>2026-07-22T22:17:15.553Z</time>
      </trkpt>
      <trkpt lat="50.751729" lon="5.876057">
        <ele>173.699889</ele>
        <time>2026-07-22T22:17:16.256Z</time>
      </trkpt>
      <trkpt lat="50.751695" lon="5.876139">
        <ele>173.787051</ele>
        <time>2026-07-22T22:17:16.727Z</time>
      </trkpt>
      <trkpt lat="50.751458" lon="5.876423">
        <ele>174.204971</ele>
        <time>2026-07-22T22:17:18.867Z</time>
      </trkpt>
      <trkpt lat="50.751258" lon="5.876650">
        <ele>174.387599</ele>
        <time>2026-07-22T22:17:20.534Z</time>
      </trkpt>
      <trkpt lat="50.750604" lon="5.877479">
        <ele>174.140774</ele>
        <time>2026-07-22T22:17:28.779Z</time>
      </trkpt>
      <trkpt lat="50.750431" lon="5.877843">
        <ele>174.055969</ele>
        <time>2026-07-22T22:17:34.984Z</time>
      </trkpt>
      <trkpt lat="50.750329" lon="5.878122">
        <ele>173.995944</ele>
        <time>2026-07-22T22:17:40.366Z</time>
      </trkpt>
      <trkpt lat="50.750109" lon="5.878722">
        <ele>174.064095</ele>
        <time>2026-07-22T22:17:47.492Z</time>
      </trkpt>
      <trkpt lat="50.749948" lon="5.878995">
        <ele>174.695293</ele>
        <time>2026-07-22T22:17:51.571Z</time>
      </trkpt>
      <trkpt lat="50.749847" lon="5.879106">
        <ele>175.024134</ele>
        <time>2026-07-22T22:17:53.893Z</time>
      </trkpt>
      <trkpt lat="50.749588" lon="5.879297">
        <ele>175.788128</ele>
        <time>2026-07-22T22:17:59.843Z</time>
      </trkpt>
      <trkpt lat="50.748929" lon="5.879671">
        <ele>177.659844</ele>
        <time>2026-07-22T22:18:18.008Z</time>
      </trkpt>
      <trkpt lat="50.748715" lon="5.879862">
        <ele>178.316805</ele>
        <time>2026-07-22T22:18:23.597Z</time>
      </trkpt>
      <trkpt lat="50.748402" lon="5.880255">
        <ele>177.863415</ele>
        <time>2026-07-22T22:18:29.962Z</time>
      </trkpt>
      <trkpt lat="50.748188" lon="5.880604">
        <ele>176.875050</ele>
        <time>2026-07-22T22:18:32.810Z</time>
      </trkpt>
      <trkpt lat="50.747842" lon="5.881319">
        <ele>175.044434</ele>
        <time>2026-07-22T22:18:37.030Z</time>
      </trkpt>
      <trkpt lat="50.747628" lon="5.881850">
        <ele>173.764083</ele>
        <time>2026-07-22T22:18:40.003Z</time>
      </trkpt>
      <trkpt lat="50.747581" lon="5.882334">
        <ele>172.713988</ele>
        <time>2026-07-22T22:18:42.454Z</time>
      </trkpt>
      <trkpt lat="50.747671" lon="5.882413">
        <ele>172.259267</ele>
        <time>2026-07-22T22:18:43.203Z</time>
      </trkpt>
      <trkpt lat="50.747925" lon="5.882766">
        <ele>170.765303</ele>
        <time>2026-07-22T22:18:45.678Z</time>
      </trkpt>
      <trkpt lat="50.748250" lon="5.883231">
        <ele>168.828943</ele>
        <time>2026-07-22T22:18:49.150Z</time>
      </trkpt>
      <trkpt lat="50.748404" lon="5.883561">
        <ele>167.682978</ele>
        <time>2026-07-22T22:18:51.072Z</time>
      </trkpt>
      <trkpt lat="50.748863" lon="5.885211">
        <ele>166.525721</ele>
        <time>2026-07-22T22:18:59.958Z</time>
      </trkpt>
      <trkpt lat="50.749067" lon="5.886131">
        <ele>168.351746</ele>
        <time>2026-07-22T22:19:12.816Z</time>
      </trkpt>
      <trkpt lat="50.749129" lon="5.886281">
        <ele>168.687352</ele>
        <time>2026-07-22T22:19:19.517Z</time>
      </trkpt>
      <trkpt lat="50.749224" lon="5.886340">
        <ele>168.989526</ele>
        <time>2026-07-22T22:19:25.576Z</time>
      </trkpt>
      <trkpt lat="50.749501" lon="5.886335">
        <ele>169.809615</ele>
        <time>2026-07-22T22:19:36.579Z</time>
      </trkpt>
      <trkpt lat="50.749607" lon="5.886390">
        <ele>170.139897</ele>
        <time>2026-07-22T22:19:43.600Z</time>
      </trkpt>
      <trkpt lat="50.749607" lon="5.886513">
        <ele>170.386303</ele>
        <time>2026-07-22T22:19:48.509Z</time>
      </trkpt>
      <trkpt lat="50.749569" lon="5.886560">
        <ele>170.558937</ele>
        <time>2026-07-22T22:19:50.907Z</time>
      </trkpt>
      <trkpt lat="50.749363" lon="5.886634">
        <ele>171.314743</ele>
        <time>2026-07-22T22:19:54.357Z</time>
      </trkpt>
      <trkpt lat="50.749206" lon="5.886739">
        <ele>171.924662</ele>
        <time>2026-07-22T22:19:55.883Z</time>
      </trkpt>
      <trkpt lat="50.748529" lon="5.887320">
        <ele>174.680817</ele>
        <time>2026-07-22T22:20:05.901Z</time>
      </trkpt>
      <trkpt lat="50.747647" lon="5.887924">
        <ele>179.414051</ele>
        <time>2026-07-22T22:20:32.884Z</time>
      </trkpt>
      <trkpt lat="50.747458" lon="5.888119">
        <ele>180.972717</ele>
        <time>2026-07-22T22:20:39.932Z</time>
      </trkpt>
      <trkpt lat="50.747248" lon="5.888500">
        <ele>183.180544</ele>
        <time>2026-07-22T22:20:49.645Z</time>
      </trkpt>
      <trkpt lat="50.747113" lon="5.888894">
        <ele>185.138338</ele>
        <time>2026-07-22T22:21:00.052Z</time>
      </trkpt>
      <trkpt lat="50.747039" lon="5.889246">
        <ele>186.759075</ele>
        <time>2026-07-22T22:21:10.172Z</time>
      </trkpt>
      <trkpt lat="50.747039" lon="5.889603">
        <ele>188.318990</ele>
        <time>2026-07-22T22:21:18.640Z</time>
      </trkpt>
      <trkpt lat="50.747110" lon="5.890193">
        <ele>191.342266</ele>
        <time>2026-07-22T22:21:33.550Z</time>
      </trkpt>
      <trkpt lat="50.747040" lon="5.891299">
        <ele>197.279444</ele>
        <time>2026-07-22T22:22:03.889Z</time>
      </trkpt>
      <trkpt lat="50.747044" lon="5.891384">
        <ele>197.734726</ele>
        <time>2026-07-22T22:22:06.258Z</time>
      </trkpt>
      <trkpt lat="50.747071" lon="5.891427">
        <ele>198.058309</ele>
        <time>2026-07-22T22:22:07.671Z</time>
      </trkpt>
      <trkpt lat="50.747151" lon="5.891348">
        <ele>198.854647</ele>
        <time>2026-07-22T22:22:10.649Z</time>
      </trkpt>
      <trkpt lat="50.747645" lon="5.890588">
        <ele>204.652559</ele>
        <time>2026-07-22T22:22:33.477Z</time>
      </trkpt>
      <trkpt lat="50.747679" lon="5.890545">
        <ele>204.996553</ele>
        <time>2026-07-22T22:22:35.401Z</time>
      </trkpt>
      <trkpt lat="50.747739" lon="5.890547">
        <ele>205.470632</ele>
        <time>2026-07-22T22:22:38.319Z</time>
      </trkpt>
      <trkpt lat="50.747762" lon="5.890611">
        <ele>205.838521</ele>
        <time>2026-07-22T22:22:40.638Z</time>
      </trkpt>
      <trkpt lat="50.747753" lon="5.890697">
        <ele>206.274218</ele>
        <time>2026-07-22T22:22:43.364Z</time>
      </trkpt>
      <trkpt lat="50.747391" lon="5.892585">
        <ele>216.134863</ele>
        <time>2026-07-22T22:23:30.074Z</time>
      </trkpt>
      <trkpt lat="50.747293" lon="5.892976">
        <ele>218.236971</ele>
        <time>2026-07-22T22:23:41.756Z</time>
      </trkpt>
      <trkpt lat="50.747012" lon="5.893466">
        <ele>220.922433</ele>
        <time>2026-07-22T22:23:57.327Z</time>
      </trkpt>
      <trkpt lat="50.746810" lon="5.893692">
        <ele>222.473596</ele>
        <time>2026-07-22T22:24:01.406Z</time>
      </trkpt>
      <trkpt lat="50.746660" lon="5.893726">
        <ele>223.423338</ele>
        <time>2026-07-22T22:24:04.149Z</time>
      </trkpt>
      <trkpt lat="50.746306" lon="5.893595">
        <ele>225.702037</ele>
        <time>2026-07-22T22:24:12.911Z</time>
      </trkpt>
      <trkpt lat="50.746158" lon="5.893697">
        <ele>226.713989</ele>
        <time>2026-07-22T22:24:17.355Z</time>
      </trkpt>
      <trkpt lat="50.745586" lon="5.894771">
        <ele>231.421961</ele>
        <time>2026-07-22T22:24:52.518Z</time>
      </trkpt>
      <trkpt lat="50.745540" lon="5.895001">
        <ele>232.045360</ele>
        <time>2026-07-22T22:24:59.227Z</time>
      </trkpt>
      <trkpt lat="50.745565" lon="5.895192">
        <ele>232.549433</ele>
        <time>2026-07-22T22:25:06.808Z</time>
      </trkpt>
      <trkpt lat="50.745617" lon="5.895310">
        <ele>232.921061</ele>
        <time>2026-07-22T22:25:13.066Z</time>
      </trkpt>
      <trkpt lat="50.745793" lon="5.895705">
        <ele>234.169597</ele>
        <time>2026-07-22T22:25:28.389Z</time>
      </trkpt>
      <trkpt lat="50.747730" lon="5.899898">
        <ele>221.939670</ele>
        <time>2026-07-22T22:25:52.742Z</time>
      </trkpt>
      <trkpt lat="50.748056" lon="5.900407">
        <ele>218.737218</ele>
        <time>2026-07-22T22:25:55.979Z</time>
      </trkpt>
      <trkpt lat="50.748947" lon="5.901799">
        <ele>211.086796</ele>
        <time>2026-07-22T22:26:04.825Z</time>
      </trkpt>
      <trkpt lat="50.750547" lon="5.903747">
        <ele>200.589998</ele>
        <time>2026-07-22T22:26:20.836Z</time>
      </trkpt>
      <trkpt lat="50.750638" lon="5.903879">
        <ele>199.969052</ele>
        <time>2026-07-22T22:26:21.738Z</time>
      </trkpt>
      <trkpt lat="50.750712" lon="5.904085">
        <ele>199.215573</ele>
        <time>2026-07-22T22:26:22.811Z</time>
      </trkpt>
      <trkpt lat="50.750713" lon="5.904371">
        <ele>198.305866</ele>
        <time>2026-07-22T22:26:24.119Z</time>
      </trkpt>
      <trkpt lat="50.750687" lon="5.904486">
        <ele>197.917427</ele>
        <time>2026-07-22T22:26:24.677Z</time>
      </trkpt>
      <trkpt lat="50.750584" lon="5.904685">
        <ele>197.099638</ele>
        <time>2026-07-22T22:26:25.859Z</time>
      </trkpt>
      <trkpt lat="50.750456" lon="5.904781">
        <ele>196.387371</ele>
        <time>2026-07-22T22:26:26.898Z</time>
      </trkpt>
      <trkpt lat="50.750049" lon="5.904838">
        <ele>193.853826</ele>
        <time>2026-07-22T22:26:29.897Z</time>
      </trkpt>
      <trkpt lat="50.749438" lon="5.904861">
        <ele>189.902381</ele>
        <time>2026-07-22T22:26:34.414Z</time>
      </trkpt>
      <trkpt lat="50.749040" lon="5.904930">
        <ele>187.313739</ele>
        <time>2026-07-22T22:26:37.357Z</time>
      </trkpt>
      <trkpt lat="50.748857" lon="5.905023">
        <ele>186.070921</ele>
        <time>2026-07-22T22:26:38.717Z</time>
      </trkpt>
      <trkpt lat="50.748766" lon="5.905149">
        <ele>185.288728</ele>
        <time>2026-07-22T22:26:39.543Z</time>
      </trkpt>
      <trkpt lat="50.748754" lon="5.905187">
        <ele>185.114994</ele>
        <time>2026-07-22T22:26:39.728Z</time>
      </trkpt>
      <trkpt lat="50.748714" lon="5.905455">
        <ele>184.081310</ele>
        <time>2026-07-22T22:26:40.946Z</time>
      </trkpt>
      <trkpt lat="50.748726" lon="5.905636">
        <ele>183.513020</ele>
        <time>2026-07-22T22:26:41.778Z</time>
      </trkpt>
      <trkpt lat="50.748764" lon="5.905763">
        <ele>183.074338</ele>
        <time>2026-07-22T22:26:42.430Z</time>
      </trkpt>
      <trkpt lat="50.749402" lon="5.907395">
        <ele>177.083988</ele>
        <time>2026-07-22T22:26:51.437Z</time>
      </trkpt>
      <trkpt lat="50.749609" lon="5.908015">
        <ele>175.380958</ele>
        <time>2026-07-22T22:26:55.716Z</time>
      </trkpt>
      <trkpt lat="50.749724" lon="5.908507">
        <ele>175.050729</ele>
        <time>2026-07-22T22:26:59.495Z</time>
      </trkpt>
      <trkpt lat="50.749824" lon="5.909127">
        <ele>174.647890</ele>
        <time>2026-07-22T22:27:03.665Z</time>
      </trkpt>
      <trkpt lat="50.749913" lon="5.909998">
        <ele>174.092398</ele>
        <time>2026-07-22T22:27:08.491Z</time>
      </trkpt>
      <trkpt lat="50.750005" lon="5.910956">
        <ele>175.118447</ele>
        <time>2026-07-22T22:27:14.585Z</time>
      </trkpt>
      <trkpt lat="50.750113" lon="5.912175">
        <ele>179.819643</ele>
        <time>2026-07-22T22:27:34.448Z</time>
      </trkpt>
      <trkpt lat="50.750087" lon="5.912713">
        <ele>181.880429</ele>
        <time>2026-07-22T22:27:47.806Z</time>
      </trkpt>
      <trkpt lat="50.750053" lon="5.913371">
        <ele>184.401919</ele>
        <time>2026-07-22T22:28:09.234Z</time>
      </trkpt>
      <trkpt lat="50.750073" lon="5.913619">
        <ele>185.497099</ele>
        <time>2026-07-22T22:28:17.375Z</time>
      </trkpt>
      <trkpt lat="50.750247" lon="5.914410">
        <ele>189.267049</ele>
        <time>2026-07-22T22:28:44.534Z</time>
      </trkpt>
      <trkpt lat="50.750371" lon="5.915929">
        <ele>196.161848</ele>
        <time>2026-07-22T22:29:15.955Z</time>
      </trkpt>
      <trkpt lat="50.750425" lon="5.916318">
        <ele>196.920274</ele>
        <time>2026-07-22T22:29:20.085Z</time>
      </trkpt>
      <trkpt lat="50.750585" lon="5.917019">
        <ele>194.350713</ele>
        <time>2026-07-22T22:29:24.069Z</time>
      </trkpt>
      <trkpt lat="50.750667" lon="5.917362">
        <ele>193.086420</ele>
        <time>2026-07-22T22:29:25.795Z</time>
      </trkpt>
      <trkpt lat="50.750740" lon="5.917680">
        <ele>191.920000</ele>
        <time>2026-07-22T22:29:27.253Z</time>
      </trkpt>
      <trkpt lat="50.750757" lon="5.917748">
        <ele>191.667893</ele>
        <time>2026-07-22T22:29:27.564Z</time>
      </trkpt>
      <trkpt lat="50.750853" lon="5.918176">
        <ele>190.102140</ele>
        <time>2026-07-22T22:29:29.504Z</time>
      </trkpt>
      <trkpt lat="50.750918" lon="5.918684">
        <ele>188.315079</ele>
        <time>2026-07-22T22:29:31.809Z</time>
      </trkpt>
      <trkpt lat="50.751057" lon="5.921815">
        <ele>179.460418</ele>
        <time>2026-07-22T22:29:46.983Z</time>
      </trkpt>
      <trkpt lat="50.751079" lon="5.922007">
        <ele>179.183572</ele>
        <time>2026-07-22T22:29:47.970Z</time>
      </trkpt>
      <trkpt lat="50.751209" lon="5.921821">
        <ele>178.790338</ele>
        <time>2026-07-22T22:29:51.206Z</time>
      </trkpt>
      <trkpt lat="50.751364" lon="5.921460">
        <ele>178.171337</ele>
        <time>2026-07-22T22:29:57.039Z</time>
      </trkpt>
      <trkpt lat="50.751457" lon="5.921150">
        <ele>177.684564</ele>
        <time>2026-07-22T22:30:00.301Z</time>
      </trkpt>
      <trkpt lat="50.751550" lon="5.920494">
        <ele>176.730743</ele>
        <time>2026-07-22T22:30:04.813Z</time>
      </trkpt>
      <trkpt lat="50.751699" lon="5.920218">
        <ele>176.215970</ele>
        <time>2026-07-22T22:30:06.532Z</time>
      </trkpt>
      <trkpt lat="50.751986" lon="5.919782">
        <ele>175.382650</ele>
        <time>2026-07-22T22:30:09.375Z</time>
      </trkpt>
      <trkpt lat="50.752223" lon="5.919545">
        <ele>174.927020</ele>
        <time>2026-07-22T22:30:11.408Z</time>
      </trkpt>
      <trkpt lat="50.752477" lon="5.919226">
        <ele>174.399955</ele>
        <time>2026-07-22T22:30:13.846Z</time>
      </trkpt>
      <trkpt lat="50.752597" lon="5.918925">
        <ele>174.034267</ele>
        <time>2026-07-22T22:30:17.739Z</time>
      </trkpt>
      <trkpt lat="50.752823" lon="5.918028">
        <ele>173.041859</ele>
        <time>2026-07-22T22:30:24.786Z</time>
      </trkpt>
      <trkpt lat="50.752888" lon="5.917867">
        <ele>172.845551</ele>
        <time>2026-07-22T22:30:26.359Z</time>
      </trkpt>
      <trkpt lat="50.753755" lon="5.917269">
        <ele>175.522047</ele>
        <time>2026-07-22T22:30:46.380Z</time>
      </trkpt>
      <trkpt lat="50.754189" lon="5.916747">
        <ele>177.490313</ele>
        <time>2026-07-22T22:31:03.691Z</time>
      </trkpt>
      <trkpt lat="50.754402" lon="5.916434">
        <ele>178.539942</ele>
        <time>2026-07-22T22:31:11.641Z</time>
      </trkpt>
      <trkpt lat="50.754560" lon="5.916126">
        <ele>179.090006</ele>
        <time>2026-07-22T22:31:18.454Z</time>
      </trkpt>
      <trkpt lat="50.754672" lon="5.915805">
        <ele>179.045055</ele>
        <time>2026-07-22T22:31:22.832Z</time>
      </trkpt>
      <trkpt lat="50.754731" lon="5.915461">
        <ele>179.001351</ele>
        <time>2026-07-22T22:31:24.704Z</time>
      </trkpt>
      <trkpt lat="50.755513" lon="5.915397">
        <ele>178.849578</ele>
        <time>2026-07-22T22:31:33.396Z</time>
      </trkpt>
      <trkpt lat="50.756354" lon="5.915460">
        <ele>177.727862</ele>
        <time>2026-07-22T22:31:40.463Z</time>
      </trkpt>
      <trkpt lat="50.757323" lon="5.915726">
        <ele>175.037889</ele>
        <time>2026-07-22T22:31:48.676Z</time>
      </trkpt>
      <trkpt lat="50.758288" lon="5.915828">
        <ele>171.437868</ele>
        <time>2026-07-22T22:31:56.506Z</time>
      </trkpt>
      <trkpt lat="50.758573" lon="5.915912">
        <ele>170.121886</ele>
        <time>2026-07-22T22:31:58.788Z</time>
      </trkpt>
      <trkpt lat="50.758934" lon="5.916151">
        <ele>168.345307</ele>
        <time>2026-07-22T22:32:01.855Z</time>
      </trkpt>
      <trkpt lat="50.759247" lon="5.916450">
        <ele>166.685255</ele>
        <time>2026-07-22T22:32:04.586Z</time>
      </trkpt>
      <trkpt lat="50.759457" lon="5.916694">
        <ele>165.409983</ele>
        <time>2026-07-22T22:32:06.507Z</time>
      </trkpt>
      <trkpt lat="50.759802" lon="5.917208">
        <ele>162.112660</ele>
        <time>2026-07-22T22:32:09.822Z</time>
      </trkpt>
      <trkpt lat="50.760017" lon="5.917234">
        <ele>160.612895</ele>
        <time>2026-07-22T22:32:11.415Z</time>
      </trkpt>
      <trkpt lat="50.760404" lon="5.917230">
        <ele>157.921123</ele>
        <time>2026-07-22T22:32:14.163Z</time>
      </trkpt>
      <trkpt lat="50.760677" lon="5.917177">
        <ele>156.008053</ele>
        <time>2026-07-22T22:32:16.093Z</time>
      </trkpt>
      <trkpt lat="50.761274" lon="5.916957">
        <ele>152.597839</ele>
        <time>2026-07-22T22:32:20.518Z</time>
      </trkpt>
      <trkpt lat="50.761504" lon="5.916906">
        <ele>151.952662</ele>
        <time>2026-07-22T22:32:22.324Z</time>
      </trkpt>
      <trkpt lat="50.761962" lon="5.916912">
        <ele>150.680329</ele>
        <time>2026-07-22T22:32:26.379Z</time>
      </trkpt>
      <trkpt lat="50.763132" lon="5.917128">
        <ele>146.965394</ele>
        <time>2026-07-22T22:32:37.997Z</time>
      </trkpt>
      <trkpt lat="50.763905" lon="5.917463">
        <ele>143.443301</ele>
        <time>2026-07-22T22:32:44.144Z</time>
      </trkpt>
      <trkpt lat="50.764310" lon="5.917736">
        <ele>141.508607</ele>
        <time>2026-07-22T22:32:47.663Z</time>
      </trkpt>
      <trkpt lat="50.764397" lon="5.917763">
        <ele>141.119008</ele>
        <time>2026-07-22T22:32:48.288Z</time>
      </trkpt>
      <trkpt lat="50.764517" lon="5.917745">
        <ele>140.589326</ele>
        <time>2026-07-22T22:32:49.117Z</time>
      </trkpt>
      <trkpt lat="50.764735" lon="5.916618">
        <ele>136.294968</ele>
        <time>2026-07-22T22:32:54.395Z</time>
      </trkpt>
      <trkpt lat="50.764782" lon="5.916300">
        <ele>135.074005</ele>
        <time>2026-07-22T22:32:55.822Z</time>
      </trkpt>
      <trkpt lat="50.764760" lon="5.916014">
        <ele>133.996834</ele>
        <time>2026-07-22T22:32:57.166Z</time>
      </trkpt>
      <trkpt lat="50.764422" lon="5.915267">
        <ele>130.562888</ele>
        <time>2026-07-22T22:33:01.619Z</time>
      </trkpt>
      <trkpt lat="50.764285" lon="5.914985">
        <ele>129.472922</ele>
        <time>2026-07-22T22:33:03.987Z</time>
      </trkpt>
      <trkpt lat="50.763988" lon="5.914560">
        <ele>128.523529</ele>
        <time>2026-07-22T22:33:07.121Z</time>
      </trkpt>
      <trkpt lat="50.763962" lon="5.914454">
        <ele>128.353100</ele>
        <time>2026-07-22T22:33:07.715Z</time>
      </trkpt>
      <trkpt lat="50.763959" lon="5.914315">
        <ele>128.144609</ele>
        <time>2026-07-22T22:33:08.488Z</time>
      </trkpt>
      <trkpt lat="50.764375" lon="5.914349">
        <ele>127.157378</ele>
        <time>2026-07-22T22:33:12.161Z</time>
      </trkpt>
      <trkpt lat="50.764692" lon="5.914301">
        <ele>126.402655</ele>
        <time>2026-07-22T22:33:14.701Z</time>
      </trkpt>
      <trkpt lat="50.764737" lon="5.914293">
        <ele>126.295333</ele>
        <time>2026-07-22T22:33:15.101Z</time>
      </trkpt>
      <trkpt lat="50.765037" lon="5.914243">
        <ele>125.580397</ele>
        <time>2026-07-22T22:33:18.215Z</time>
      </trkpt>
      <trkpt lat="50.765165" lon="5.914267">
        <ele>125.359861</ele>
        <time>2026-07-22T22:33:19.561Z</time>
      </trkpt>
      <trkpt lat="50.765575" lon="5.914465">
        <ele>125.247273</ele>
        <time>2026-07-22T22:33:23.579Z</time>
      </trkpt>
      <trkpt lat="50.767014" lon="5.915039">
        <ele>125.104920</ele>
        <time>2026-07-22T22:33:40.126Z</time>
      </trkpt>
      <trkpt lat="50.767245" lon="5.915050">
        <ele>125.414405</ele>
        <time>2026-07-22T22:33:45.096Z</time>
      </trkpt>
      <trkpt lat="50.767438" lon="5.914990">
        <ele>125.677810</ele>
        <time>2026-07-22T22:33:49.564Z</time>
      </trkpt>
      <trkpt lat="50.767598" lon="5.914854">
        <ele>125.921074</ele>
        <time>2026-07-22T22:33:53.862Z</time>
      </trkpt>
      <trkpt lat="50.767714" lon="5.914701">
        <ele>126.123370</ele>
        <time>2026-07-22T22:33:57.763Z</time>
      </trkpt>
      <trkpt lat="50.767871" lon="5.914605">
        <ele>126.348792</ele>
        <time>2026-07-22T22:34:01.727Z</time>
      </trkpt>
      <trkpt lat="50.768059" lon="5.914597">
        <ele>126.600643</ele>
        <time>2026-07-22T22:34:03.759Z</time>
      </trkpt>
      <trkpt lat="50.768693" lon="5.914798">
        <ele>127.363864</ele>
        <time>2026-07-22T22:34:10.098Z</time>
      </trkpt>
      <trkpt lat="50.768998" lon="5.914834">
        <ele>127.510259</ele>
        <time>2026-07-22T22:34:14.620Z</time>
      </trkpt>
      <trkpt lat="50.769110" lon="5.914812">
        <ele>127.564280</ele>
        <time>2026-07-22T22:34:16.472Z</time>
      </trkpt>
      <trkpt lat="50.769445" lon="5.914668">
        <ele>127.730448</ele>
        <time>2026-07-22T22:34:22.110Z</time>
      </trkpt>
      <trkpt lat="50.769587" lon="5.914654">
        <ele>127.798549</ele>
        <time>2026-07-22T22:34:24.777Z</time>
      </trkpt>
      <trkpt lat="50.770281" lon="5.914837">
        <ele>128.135320</ele>
        <time>2026-07-22T22:34:36.304Z</time>
      </trkpt>
      <trkpt lat="50.770456" lon="5.914959">
        <ele>127.656356</ele>
        <time>2026-07-22T22:34:38.058Z</time>
      </trkpt>
      <trkpt lat="50.770860" lon="5.915151">
        <ele>125.912515</ele>
        <time>2026-07-22T22:34:41.479Z</time>
      </trkpt>
      <trkpt lat="50.771069" lon="5.915199">
        <ele>125.039494</ele>
        <time>2026-07-22T22:34:43.237Z</time>
      </trkpt>
      <trkpt lat="50.771242" lon="5.915198">
        <ele>124.324349</ele>
        <time>2026-07-22T22:34:44.608Z</time>
      </trkpt>
      <trkpt lat="50.771382" lon="5.915219">
        <ele>123.743024</ele>
        <time>2026-07-22T22:34:45.565Z</time>
      </trkpt>
      <trkpt lat="50.771480" lon="5.915614">
        <ele>122.633773</ele>
        <time>2026-07-22T22:34:47.433Z</time>
      </trkpt>
      <trkpt lat="50.771510" lon="5.915822">
        <ele>122.076047</ele>
        <time>2026-07-22T22:34:48.433Z</time>
      </trkpt>
      <trkpt lat="50.771470" lon="5.916473">
        <ele>120.486137</ele>
        <time>2026-07-22T22:34:51.648Z</time>
      </trkpt>
      <trkpt lat="50.771460" lon="5.916758">
        <ele>119.984320</ele>
        <time>2026-07-22T22:34:53.101Z</time>
      </trkpt>
      <trkpt lat="50.771512" lon="5.917045">
        <ele>119.459458</ele>
        <time>2026-07-22T22:34:54.627Z</time>
      </trkpt>
      <trkpt lat="50.771620" lon="5.917268">
        <ele>118.965658</ele>
        <time>2026-07-22T22:34:56.114Z</time>
      </trkpt>
      <trkpt lat="50.771873" lon="5.917590">
        <ele>118.062820</ele>
        <time>2026-07-22T22:34:59.443Z</time>
      </trkpt>
      <trkpt lat="50.771948" lon="5.917760">
        <ele>117.698415</ele>
        <time>2026-07-22T22:35:00.595Z</time>
      </trkpt>
      <trkpt lat="50.772123" lon="5.918370">
        <ele>116.520826</ele>
        <time>2026-07-22T22:35:04.054Z</time>
      </trkpt>
      <trkpt lat="50.772144" lon="5.918446">
        <ele>116.375019</ele>
        <time>2026-07-22T22:35:04.467Z</time>
      </trkpt>
      <trkpt lat="50.772260" lon="5.918850">
        <ele>115.659916</ele>
        <time>2026-07-22T22:35:06.697Z</time>
      </trkpt>
      <trkpt lat="50.772320" lon="5.918980">
        <ele>115.510630</ele>
        <time>2026-07-22T22:35:07.558Z</time>
      </trkpt>
      <trkpt lat="50.772467" lon="5.919182">
        <ele>115.224976</ele>
        <time>2026-07-22T22:35:09.312Z</time>
      </trkpt>
      <trkpt lat="50.772694" lon="5.919359">
        <ele>114.853740</ele>
        <time>2026-07-22T22:35:12.498Z</time>
      </trkpt>
      <trkpt lat="50.772990" lon="5.919571">
        <ele>114.377119</ele>
        <time>2026-07-22T22:35:16.636Z</time>
      </trkpt>
      <trkpt lat="50.773182" lon="5.919752">
        <ele>114.049251</ele>
        <time>2026-07-22T22:35:18.576Z</time>
      </trkpt>
      <trkpt lat="50.773412" lon="5.920074">
        <ele>113.598676</ele>
        <time>2026-07-22T22:35:21.298Z</time>
      </trkpt>
      <trkpt lat="50.773618" lon="5.920566">
        <ele>113.119985</ele>
        <time>2026-07-22T22:35:24.564Z</time>
      </trkpt>
      <trkpt lat="50.773685" lon="5.920950">
        <ele>113.341843</ele>
        <time>2026-07-22T22:35:26.732Z</time>
      </trkpt>
      <trkpt lat="50.773668" lon="5.921234">
        <ele>113.500722</ele>
        <time>2026-07-22T22:35:28.536Z</time>
      </trkpt>
      <trkpt lat="50.773615" lon="5.921456">
        <ele>113.632882</ele>
        <time>2026-07-22T22:35:30.389Z</time>
      </trkpt>
      <trkpt lat="50.773542" lon="5.921629">
        <ele>113.748713</ele>
        <time>2026-07-22T22:35:32.295Z</time>
      </trkpt>
      <trkpt lat="50.773496" lon="5.921736">
        <ele>113.820773</ele>
        <time>2026-07-22T22:35:33.554Z</time>
      </trkpt>
      <trkpt lat="50.773443" lon="5.921866">
        <ele>113.906918</ele>
        <time>2026-07-22T22:35:35.105Z</time>
      </trkpt>
      <trkpt lat="50.773345" lon="5.922105">
        <ele>114.065562</ele>
        <time>2026-07-22T22:35:38.016Z</time>
      </trkpt>
      <trkpt lat="50.773317" lon="5.922178">
        <ele>114.113113</ele>
        <time>2026-07-22T22:35:38.716Z</time>
      </trkpt>
      <trkpt lat="50.773254" lon="5.922345">
        <ele>114.221416</ele>
        <time>2026-07-22T22:35:39.994Z</time>
      </trkpt>
      <trkpt lat="50.773104" lon="5.922759">
        <ele>114.487156</ele>
        <time>2026-07-22T22:35:43.258Z</time>
      </trkpt>
      <trkpt lat="50.772926" lon="5.923290">
        <ele>115.916629</ele>
        <time>2026-07-22T22:35:52.983Z</time>
      </trkpt>
      <trkpt lat="50.772320" lon="5.925079">
        <ele>125.666076</ele>
        <time>2026-07-22T22:36:42.680Z</time>
      </trkpt>
      <trkpt lat="50.772144" lon="5.925419">
        <ele>127.776828</ele>
        <time>2026-07-22T22:36:51.578Z</time>
      </trkpt>
      <trkpt lat="50.771968" lon="5.925664">
        <ele>129.678904</ele>
        <time>2026-07-22T22:37:02.634Z</time>
      </trkpt>
      <trkpt lat="50.771768" lon="5.925855">
        <ele>131.630072</ele>
        <time>2026-07-22T22:37:14.906Z</time>
      </trkpt>
      <trkpt lat="50.771567" lon="5.925994">
        <ele>133.462123</ele>
        <time>2026-07-22T22:37:25.668Z</time>
      </trkpt>
      <trkpt lat="50.771349" lon="5.926073">
        <ele>135.329833</ele>
        <time>2026-07-22T22:37:36.181Z</time>
      </trkpt>
      <trkpt lat="50.771157" lon="5.926111">
        <ele>136.945730</ele>
        <time>2026-07-22T22:37:44.627Z</time>
      </trkpt>
      <trkpt lat="50.770900" lon="5.926084">
        <ele>139.096662</ele>
        <time>2026-07-22T22:37:54.176Z</time>
      </trkpt>
      <trkpt lat="50.770166" lon="5.925847">
        <ele>145.141705</ele>
        <time>2026-07-22T22:38:14.089Z</time>
      </trkpt>
      <trkpt lat="50.770019" lon="5.925915">
        <ele>146.285156</ele>
        <time>2026-07-22T22:38:17.396Z</time>
      </trkpt>
      <trkpt lat="50.769937" lon="5.926051">
        <ele>147.172342</ele>
        <time>2026-07-22T22:38:20.840Z</time>
      </trkpt>
      <trkpt lat="50.769901" lon="5.926239">
        <ele>148.099789</ele>
        <time>2026-07-22T22:38:25.263Z</time>
      </trkpt>
      <trkpt lat="50.769900" lon="5.926426">
        <ele>148.982751</ele>
        <time>2026-07-22T22:38:29.949Z</time>
      </trkpt>
      <trkpt lat="50.769986" lon="5.928734">
        <ele>160.278678</ele>
        <time>2026-07-22T22:39:29.713Z</time>
      </trkpt>
      <trkpt lat="50.770001" lon="5.929158">
        <ele>162.528611</ele>
        <time>2026-07-22T22:39:37.625Z</time>
      </trkpt>
      <trkpt lat="50.770002" lon="5.929187">
        <ele>162.682486</ele>
        <time>2026-07-22T22:39:38.250Z</time>
      </trkpt>
      <trkpt lat="50.770032" lon="5.930220">
        <ele>168.161254</ele>
        <time>2026-07-22T22:40:05.541Z</time>
      </trkpt>
      <trkpt lat="50.770013" lon="5.930491">
        <ele>169.605852</ele>
        <time>2026-07-22T22:40:12.364Z</time>
      </trkpt>
      <trkpt lat="50.769969" lon="5.930744">
        <ele>170.996045</ele>
        <time>2026-07-22T22:40:18.672Z</time>
      </trkpt>
      <trkpt lat="50.769902" lon="5.930992">
        <ele>172.405089</ele>
        <time>2026-07-22T22:40:24.980Z</time>
      </trkpt>
      <trkpt lat="50.769829" lon="5.931160">
        <ele>173.447378</ele>
        <time>2026-07-22T22:40:29.702Z</time>
      </trkpt>
      <trkpt lat="50.769438" lon="5.931824">
        <ele>178.086651</ele>
        <time>2026-07-22T22:40:50.208Z</time>
      </trkpt>
      <trkpt lat="50.769336" lon="5.932032">
        <ele>179.432541</ele>
        <time>2026-07-22T22:40:55.481Z</time>
      </trkpt>
      <trkpt lat="50.769257" lon="5.932375">
        <ele>181.299174</ele>
        <time>2026-07-22T22:41:05.348Z</time>
      </trkpt>
      <trkpt lat="50.769242" lon="5.932645">
        <ele>182.685149</ele>
        <time>2026-07-22T22:41:13.432Z</time>
      </trkpt>
      <trkpt lat="50.769263" lon="5.933057">
        <ele>184.798763</ele>
        <time>2026-07-22T22:41:27.351Z</time>
      </trkpt>
      <trkpt lat="50.769267" lon="5.933530">
        <ele>186.754083</ele>
        <time>2026-07-22T22:41:37.257Z</time>
      </trkpt>
      <trkpt lat="50.769190" lon="5.933978">
        <ele>187.781191</ele>
        <time>2026-07-22T22:41:44.362Z</time>
      </trkpt>
      <trkpt lat="50.769008" lon="5.934422">
        <ele>188.951784</ele>
        <time>2026-07-22T22:41:52.255Z</time>
      </trkpt>
      <trkpt lat="50.768472" lon="5.935531">
        <ele>192.039796</ele>
        <time>2026-07-22T22:42:07.980Z</time>
      </trkpt>
      <trkpt lat="50.768278" lon="5.935830">
        <ele>192.764348</ele>
        <time>2026-07-22T22:42:13.557Z</time>
      </trkpt>
      <trkpt lat="50.768118" lon="5.936039">
        <ele>192.941120</ele>
        <time>2026-07-22T22:42:17.525Z</time>
      </trkpt>
      <trkpt lat="50.767907" lon="5.936327">
        <ele>193.178542</ele>
        <time>2026-07-22T22:42:23.347Z</time>
      </trkpt>
      <trkpt lat="50.767270" lon="5.937215">
        <ele>193.901877</ele>
        <time>2026-07-22T22:42:29.930Z</time>
      </trkpt>
      <trkpt lat="50.767223" lon="5.937329">
        <ele>193.975186</ele>
        <time>2026-07-22T22:42:31.419Z</time>
      </trkpt>
      <trkpt lat="50.767207" lon="5.937549">
        <ele>194.094482</ele>
        <time>2026-07-22T22:42:35.937Z</time>
      </trkpt>
      <trkpt lat="50.767286" lon="5.938397">
        <ele>197.385646</ele>
        <time>2026-07-22T22:42:55.804Z</time>
      </trkpt>
      <trkpt lat="50.767518" lon="5.939719">
        <ele>204.428692</ele>
        <time>2026-07-22T22:43:32.783Z</time>
      </trkpt>
      <trkpt lat="50.767660" lon="5.940695">
        <ele>208.496844</ele>
        <time>2026-07-22T22:44:01.016Z</time>
      </trkpt>
      <trkpt lat="50.767705" lon="5.941226">
        <ele>207.292249</ele>
        <time>2026-07-22T22:44:13.105Z</time>
      </trkpt>
      <trkpt lat="50.767699" lon="5.941484">
        <ele>206.711758</ele>
        <time>2026-07-22T22:44:16.539Z</time>
      </trkpt>
      <trkpt lat="50.767626" lon="5.941805">
        <ele>205.944767</ele>
        <time>2026-07-22T22:44:18.364Z</time>
      </trkpt>
      <trkpt lat="50.767324" lon="5.942335">
        <ele>204.340781</ele>
        <time>2026-07-22T22:44:21.378Z</time>
      </trkpt>
      <trkpt lat="50.766730" lon="5.943124">
        <ele>202.362925</ele>
        <time>2026-07-22T22:44:26.764Z</time>
      </trkpt>
      <trkpt lat="50.766578" lon="5.943460">
        <ele>202.289957</ele>
        <time>2026-07-22T22:44:28.643Z</time>
      </trkpt>
      <trkpt lat="50.766509" lon="5.943743">
        <ele>202.236384</ele>
        <time>2026-07-22T22:44:30.068Z</time>
      </trkpt>
      <trkpt lat="50.766484" lon="5.944164">
        <ele>202.161694</ele>
        <time>2026-07-22T22:44:32.098Z</time>
      </trkpt>
      <trkpt lat="50.766510" lon="5.944431">
        <ele>202.113977</ele>
        <time>2026-07-22T22:44:35.515Z</time>
      </trkpt>
      <trkpt lat="50.766593" lon="5.944765">
        <ele>202.050591</ele>
        <time>2026-07-22T22:44:44.263Z</time>
      </trkpt>
      <trkpt lat="50.766844" lon="5.945273">
        <ele>201.936726</ele>
        <time>2026-07-22T22:45:03.340Z</time>
      </trkpt>
      <trkpt lat="50.767231" lon="5.945772">
        <ele>202.655080</ele>
        <time>2026-07-22T22:45:21.469Z</time>
      </trkpt>
      <trkpt lat="50.767264" lon="5.945878">
        <ele>202.772062</ele>
        <time>2026-07-22T22:45:23.692Z</time>
      </trkpt>
      <trkpt lat="50.767270" lon="5.946018">
        <ele>202.911002</ele>
        <time>2026-07-22T22:45:25.980Z</time>
      </trkpt>
      <trkpt lat="50.767241" lon="5.946165">
        <ele>203.063471</ele>
        <time>2026-07-22T22:45:28.037Z</time>
      </trkpt>
      <trkpt lat="50.767176" lon="5.946292">
        <ele>203.225236</ele>
        <time>2026-07-22T22:45:29.369Z</time>
      </trkpt>
      <trkpt lat="50.766293" lon="5.946932">
        <ele>204.756732</ele>
        <time>2026-07-22T22:45:36.996Z</time>
      </trkpt>
      <trkpt lat="50.766202" lon="5.947082">
        <ele>205.709572</ele>
        <time>2026-07-22T22:45:37.972Z</time>
      </trkpt>
      <trkpt lat="50.766160" lon="5.947278">
        <ele>206.658268</ele>
        <time>2026-07-22T22:45:39.095Z</time>
      </trkpt>
      <trkpt lat="50.766158" lon="5.947391">
        <ele>207.176500</ele>
        <time>2026-07-22T22:45:40.508Z</time>
      </trkpt>
      <trkpt lat="50.766221" lon="5.947733">
        <ele>208.809484</ele>
        <time>2026-07-22T22:45:48.842Z</time>
      </trkpt>
      <trkpt lat="50.766662" lon="5.949082">
        <ele>215.770928</ele>
        <time>2026-07-22T22:46:39.781Z</time>
      </trkpt>
      <trkpt lat="50.766701" lon="5.949235">
        <ele>216.527143</ele>
        <time>2026-07-22T22:46:44.269Z</time>
      </trkpt>
      <trkpt lat="50.766750" lon="5.949636">
        <ele>218.236105</ele>
        <time>2026-07-22T22:46:53.466Z</time>
      </trkpt>
      <trkpt lat="50.766714" lon="5.950283">
        <ele>220.428879</ele>
        <time>2026-07-22T22:47:05.264Z</time>
      </trkpt>
      <trkpt lat="50.766513" lon="5.951922">
        <ele>226.065380</ele>
        <time>2026-07-22T22:47:32.158Z</time>
      </trkpt>
      <trkpt lat="50.766470" lon="5.952161">
        <ele>226.904284</ele>
        <time>2026-07-22T22:47:42.141Z</time>
      </trkpt>
      <trkpt lat="50.766369" lon="5.952369">
        <ele>227.393150</ele>
        <time>2026-07-22T22:47:48.746Z</time>
      </trkpt>
      <trkpt lat="50.766273" lon="5.952440">
        <ele>227.410429</ele>
        <time>2026-07-22T22:47:50.136Z</time>
      </trkpt>
      <trkpt lat="50.766147" lon="5.952436">
        <ele>227.430975</ele>
        <time>2026-07-22T22:47:51.193Z</time>
      </trkpt>
      <trkpt lat="50.765641" lon="5.952074">
        <ele>227.521522</ele>
        <time>2026-07-22T22:47:55.508Z</time>
      </trkpt>
      <trkpt lat="50.765439" lon="5.952058">
        <ele>227.554495</ele>
        <time>2026-07-22T22:47:58.487Z</time>
      </trkpt>
      <trkpt lat="50.764992" lon="5.952219">
        <ele>227.629238</ele>
        <time>2026-07-22T22:48:07.682Z</time>
      </trkpt>
      <trkpt lat="50.764845" lon="5.952237">
        <ele>227.653275</ele>
        <time>2026-07-22T22:48:09.351Z</time>
      </trkpt>
      <trkpt lat="50.764354" lon="5.952066">
        <ele>228.012157</ele>
        <time>2026-07-22T22:48:13.579Z</time>
      </trkpt>
      <trkpt lat="50.764150" lon="5.952076">
        <ele>228.195630</ele>
        <time>2026-07-22T22:48:15.114Z</time>
      </trkpt>
      <trkpt lat="50.763982" lon="5.952164">
        <ele>228.354726</ele>
        <time>2026-07-22T22:48:16.458Z</time>
      </trkpt>
      <trkpt lat="50.763858" lon="5.952287">
        <ele>228.486319</ele>
        <time>2026-07-22T22:48:17.534Z</time>
      </trkpt>
      <trkpt lat="50.763791" lon="5.952399">
        <ele>228.573972</ele>
        <time>2026-07-22T22:48:18.258Z</time>
      </trkpt>
      <trkpt lat="50.763757" lon="5.952580">
        <ele>228.681331</ele>
        <time>2026-07-22T22:48:19.298Z</time>
      </trkpt>
      <trkpt lat="50.763749" lon="5.953129">
        <ele>228.993576</ele>
        <time>2026-07-22T22:48:24.994Z</time>
      </trkpt>
      <trkpt lat="50.763734" lon="5.954245">
        <ele>231.041302</ele>
        <time>2026-07-22T22:48:56.618Z</time>
      </trkpt>
      <trkpt lat="50.763748" lon="5.954808">
        <ele>232.702979</ele>
        <time>2026-07-22T22:49:20.852Z</time>
      </trkpt>
      <trkpt lat="50.763785" lon="5.954944">
        <ele>233.139596</ele>
        <time>2026-07-22T22:49:28.563Z</time>
      </trkpt>
      <trkpt lat="50.763880" lon="5.955060">
        <ele>233.699273</ele>
        <time>2026-07-22T22:49:35.766Z</time>
      </trkpt>
      <trkpt lat="50.763985" lon="5.955059">
        <ele>234.188855</ele>
        <time>2026-07-22T22:49:37.137Z</time>
      </trkpt>
      <trkpt lat="50.764045" lon="5.955004">
        <ele>234.512234</ele>
        <time>2026-07-22T22:49:37.649Z</time>
      </trkpt>
      <trkpt lat="50.764085" lon="5.954915">
        <ele>234.834224</ele>
        <time>2026-07-22T22:49:38.164Z</time>
      </trkpt>
      <trkpt lat="50.764104" lon="5.954788">
        <ele>235.219103</ele>
        <time>2026-07-22T22:49:38.764Z</time>
      </trkpt>
      <trkpt lat="50.764096" lon="5.954286">
        <ele>236.700054</ele>
        <time>2026-07-22T22:49:40.923Z</time>
      </trkpt>
      <trkpt lat="50.764169" lon="5.953893">
        <ele>237.873730</ele>
        <time>2026-07-22T22:49:42.716Z</time>
      </trkpt>
      <trkpt lat="50.764301" lon="5.953559">
        <ele>238.862716</ele>
        <time>2026-07-22T22:49:44.926Z</time>
      </trkpt>
      <trkpt lat="50.764394" lon="5.953422">
        <ele>239.367372</ele>
        <time>2026-07-22T22:49:52.141Z</time>
      </trkpt>
      <trkpt lat="50.764480" lon="5.953327">
        <ele>239.783887</ele>
        <time>2026-07-22T22:49:58.091Z</time>
      </trkpt>
      <trkpt lat="50.764823" lon="5.953124">
        <ele>241.237922</ele>
        <time>2026-07-22T22:50:11.537Z</time>
      </trkpt>
      <trkpt lat="50.765167" lon="5.953079">
        <ele>242.608308</ele>
        <time>2026-07-22T22:50:21.893Z</time>
      </trkpt>
      <trkpt lat="50.765448" lon="5.953177">
        <ele>243.750730</ele>
        <time>2026-07-22T22:50:30.063Z</time>
      </trkpt>
      <trkpt lat="50.766135" lon="5.953525">
        <ele>247.344596</ele>
        <time>2026-07-22T22:50:51.076Z</time>
      </trkpt>
      <trkpt lat="50.766431" lon="5.953585">
        <ele>249.010602</ele>
        <time>2026-07-22T22:50:59.284Z</time>
      </trkpt>
      <trkpt lat="50.766650" lon="5.953564">
        <ele>250.235461</ele>
        <time>2026-07-22T22:51:05.335Z</time>
      </trkpt>
      <trkpt lat="50.766782" lon="5.953514">
        <ele>250.993232</ele>
        <time>2026-07-22T22:51:08.572Z</time>
      </trkpt>
      <trkpt lat="50.767197" lon="5.953261">
        <ele>253.476313</ele>
        <time>2026-07-22T22:51:17.697Z</time>
      </trkpt>
      <trkpt lat="50.767310" lon="5.953208">
        <ele>254.134331</ele>
        <time>2026-07-22T22:51:19.717Z</time>
      </trkpt>
      <trkpt lat="50.767373" lon="5.953222">
        <ele>254.489498</ele>
        <time>2026-07-22T22:51:21.483Z</time>
      </trkpt>
      <trkpt lat="50.767402" lon="5.953245">
        <ele>254.670623</ele>
        <time>2026-07-22T22:51:22.717Z</time>
      </trkpt>
      <trkpt lat="50.767486" lon="5.953432">
        <ele>255.635281</ele>
        <time>2026-07-22T22:51:30.998Z</time>
      </trkpt>
      <trkpt lat="50.767492" lon="5.953715">
        <ele>256.884212</ele>
        <time>2026-07-22T22:51:43.739Z</time>
      </trkpt>
      <trkpt lat="50.767351" lon="5.955056">
        <ele>262.880157</ele>
        <time>2026-07-22T22:52:21.146Z</time>
      </trkpt>
      <trkpt lat="50.767207" lon="5.956210">
        <ele>267.602115</ele>
        <time>2026-07-22T22:52:35.981Z</time>
      </trkpt>
      <trkpt lat="50.767006" lon="5.957544">
        <ele>269.414907</ele>
        <time>2026-07-22T22:52:51.330Z</time>
      </trkpt>
      <trkpt lat="50.766759" lon="5.958877">
        <ele>271.254309</ele>
        <time>2026-07-22T22:53:06.299Z</time>
      </trkpt>
      <trkpt lat="50.766598" lon="5.959501">
        <ele>272.177244</ele>
        <time>2026-07-22T22:53:15.725Z</time>
      </trkpt>
      <trkpt lat="50.766451" lon="5.959848">
        <ele>272.749208</ele>
        <time>2026-07-22T22:53:21.598Z</time>
      </trkpt>
      <trkpt lat="50.766187" lon="5.960301">
        <ele>273.592797</ele>
        <time>2026-07-22T22:53:29.679Z</time>
      </trkpt>
      <trkpt lat="50.765971" lon="5.960831">
        <ele>274.456272</ele>
        <time>2026-07-22T22:53:35.193Z</time>
      </trkpt>
      <trkpt lat="50.765852" lon="5.961320">
        <ele>275.158470</ele>
        <time>2026-07-22T22:53:40.812Z</time>
      </trkpt>
      <trkpt lat="50.765780" lon="5.961911">
        <ele>275.874863</ele>
        <time>2026-07-22T22:53:48.141Z</time>
      </trkpt>
      <trkpt lat="50.765759" lon="5.962176">
        <ele>276.192757</ele>
        <time>2026-07-22T22:53:50.986Z</time>
      </trkpt>
      <trkpt lat="50.765718" lon="5.962712">
        <ele>276.835403</ele>
        <time>2026-07-22T22:53:56.660Z</time>
      </trkpt>
      <trkpt lat="50.765623" lon="5.963698">
        <ele>278.022574</ele>
        <time>2026-07-22T22:54:09.612Z</time>
      </trkpt>
      <trkpt lat="50.765458" lon="5.964675">
        <ele>278.651686</ele>
        <time>2026-07-22T22:54:20.367Z</time>
      </trkpt>
      <trkpt lat="50.764940" lon="5.966674">
        <ele>279.340716</ele>
        <time>2026-07-22T22:54:39.113Z</time>
      </trkpt>
      <trkpt lat="50.764752" lon="5.967432">
        <ele>278.931187</ele>
        <time>2026-07-22T22:54:43.345Z</time>
      </trkpt>
      <trkpt lat="50.764655" lon="5.967950">
        <ele>278.645935</ele>
        <time>2026-07-22T22:54:46.435Z</time>
      </trkpt>
      <trkpt lat="50.764535" lon="5.969030">
        <ele>278.066934</ele>
        <time>2026-07-22T22:54:54.222Z</time>
      </trkpt>
      <trkpt lat="50.764356" lon="5.973307">
        <ele>276.370403</ele>
        <time>2026-07-22T22:55:25.105Z</time>
      </trkpt>
      <trkpt lat="50.764410" lon="5.973822">
        <ele>275.789341</ele>
        <time>2026-07-22T22:55:28.495Z</time>
      </trkpt>
      <trkpt lat="50.764548" lon="5.974285">
        <ele>275.219631</ele>
        <time>2026-07-22T22:55:31.194Z</time>
      </trkpt>
      <trkpt lat="50.764726" lon="5.974619">
        <ele>274.733491</ele>
        <time>2026-07-22T22:55:33.140Z</time>
      </trkpt>
      <trkpt lat="50.765213" lon="5.975302">
        <ele>273.632598</ele>
        <time>2026-07-22T22:55:39.115Z</time>
      </trkpt>
      <trkpt lat="50.765427" lon="5.975706">
        <ele>273.080602</ele>
        <time>2026-07-22T22:55:42.213Z</time>
      </trkpt>
      <trkpt lat="50.765530" lon="5.976051">
        <ele>272.680978</ele>
        <time>2026-07-22T22:55:44.229Z</time>
      </trkpt>
      <trkpt lat="50.765584" lon="5.976369">
        <ele>272.336078</ele>
        <time>2026-07-22T22:55:45.968Z</time>
      </trkpt>
      <trkpt lat="50.765599" lon="5.976690">
        <ele>271.998915</ele>
        <time>2026-07-22T22:55:47.936Z</time>
      </trkpt>
      <trkpt lat="50.765587" lon="5.977234">
        <ele>271.428730</ele>
        <time>2026-07-22T22:55:52.766Z</time>
      </trkpt>
      <trkpt lat="50.765573" lon="5.977756">
        <ele>271.077662</ele>
        <time>2026-07-22T22:55:57.033Z</time>
      </trkpt>
      <trkpt lat="50.765605" lon="5.978188">
        <ele>270.805677</ele>
        <time>2026-07-22T22:55:59.553Z</time>
      </trkpt>
      <trkpt lat="50.766069" lon="5.980157">
        <ele>268.636156</ele>
        <time>2026-07-22T22:56:13.371Z</time>
      </trkpt>
      <trkpt lat="50.766217" lon="5.980509">
        <ele>266.071555</ele>
        <time>2026-07-22T22:56:15.826Z</time>
      </trkpt>
      <trkpt lat="50.766479" lon="5.981024">
        <ele>262.061438</ele>
        <time>2026-07-22T22:56:18.735Z</time>
      </trkpt>
      <trkpt lat="50.766694" lon="5.981667">
        <ele>257.648451</ele>
        <time>2026-07-22T22:56:21.838Z</time>
      </trkpt>
      <trkpt lat="50.767021" lon="5.983280">
        <ele>245.655294</ele>
        <time>2026-07-22T22:56:28.966Z</time>
      </trkpt>
      <trkpt lat="50.767029" lon="5.983461">
        <ele>244.173882</ele>
        <time>2026-07-22T22:56:29.736Z</time>
      </trkpt>
      <trkpt lat="50.766958" lon="5.983677">
        <ele>242.186359</ele>
        <time>2026-07-22T22:56:30.800Z</time>
      </trkpt>
      <trkpt lat="50.767005" lon="5.983772">
        <ele>241.201602</ele>
        <time>2026-07-22T22:56:31.539Z</time>
      </trkpt>
      <trkpt lat="50.767192" lon="5.984225">
        <ele>236.784927</ele>
        <time>2026-07-22T22:56:33.849Z</time>
      </trkpt>
      <trkpt lat="50.767274" lon="5.984497">
        <ele>234.324763</ele>
        <time>2026-07-22T22:56:35.138Z</time>
      </trkpt>
      <trkpt lat="50.767305" lon="5.984679">
        <ele>232.785856</ele>
        <time>2026-07-22T22:56:35.938Z</time>
      </trkpt>
      <trkpt lat="50.767268" lon="5.985707">
        <ele>225.267072</ele>
        <time>2026-07-22T22:56:40.304Z</time>
      </trkpt>
      <trkpt lat="50.767326" lon="5.986429">
        <ele>220.438669</ele>
        <time>2026-07-22T22:56:43.403Z</time>
      </trkpt>
      <trkpt lat="50.767346" lon="5.987213">
        <ele>215.233200</ele>
        <time>2026-07-22T22:56:46.803Z</time>
      </trkpt>
      <trkpt lat="50.767323" lon="5.987311">
        <ele>214.539726</ele>
        <time>2026-07-22T22:56:47.264Z</time>
      </trkpt>
      <trkpt lat="50.767438" lon="5.987536">
        <ele>212.620542</ele>
        <time>2026-07-22T22:56:48.568Z</time>
      </trkpt>
      <trkpt lat="50.767638" lon="5.988056">
        <ele>209.329224</ele>
        <time>2026-07-22T22:56:51.323Z</time>
      </trkpt>
      <trkpt lat="50.767769" lon="5.988679">
        <ele>206.923422</ele>
        <time>2026-07-22T22:56:54.475Z</time>
      </trkpt>
      <trkpt lat="50.767818" lon="5.989224">
        <ele>204.906235</ele>
        <time>2026-07-22T22:56:57.122Z</time>
      </trkpt>
      <trkpt lat="50.767812" lon="5.990114">
        <ele>201.644718</ele>
        <time>2026-07-22T22:57:01.270Z</time>
      </trkpt>
      <trkpt lat="50.767798" lon="5.991348">
        <ele>196.940292</ele>
        <time>2026-07-22T22:57:07.036Z</time>
      </trkpt>
      <trkpt lat="50.767815" lon="5.991921">
        <ele>194.697089</ele>
        <time>2026-07-22T22:57:09.751Z</time>
      </trkpt>
      <trkpt lat="50.767901" lon="5.992688">
        <ele>191.650939</ele>
        <time>2026-07-22T22:57:13.380Z</time>
      </trkpt>
      <trkpt lat="50.768049" lon="5.993354">
        <ele>188.890444</ele>
        <time>2026-07-22T22:57:16.549Z</time>
      </trkpt>
      <trkpt lat="50.768285" lon="5.994188">
        <ele>186.512087</ele>
        <time>2026-07-22T22:57:20.671Z</time>
      </trkpt>
      <trkpt lat="50.768376" lon="5.994617">
        <ele>185.366085</ele>
        <time>2026-07-22T22:57:22.820Z</time>
      </trkpt>
      <trkpt lat="50.768488" lon="5.995448">
        <ele>183.214174</ele>
        <time>2026-07-22T22:57:27.059Z</time>
      </trkpt>
      <trkpt lat="50.768576" lon="5.996226">
        <ele>181.855046</ele>
        <time>2026-07-22T22:57:31.835Z</time>
      </trkpt>
      <trkpt lat="50.768697" lon="5.997219">
        <ele>184.915587</ele>
        <time>2026-07-22T22:57:44.282Z</time>
      </trkpt>
      <trkpt lat="50.768648" lon="5.997229">
        <ele>185.152010</ele>
        <time>2026-07-22T22:57:46.466Z</time>
      </trkpt>
      <trkpt lat="50.768497" lon="5.997240">
        <ele>185.875351</ele>
        <time>2026-07-22T22:57:54.396Z</time>
      </trkpt>
      <trkpt lat="50.768131" lon="5.997269">
        <ele>187.628954</ele>
        <time>2026-07-22T22:58:07.453Z</time>
      </trkpt>
      <trkpt lat="50.767845" lon="5.997333">
        <ele>189.011178</ele>
        <time>2026-07-22T22:58:17.729Z</time>
      </trkpt>
      <trkpt lat="50.766924" lon="5.997720">
        <ele>193.451494</ele>
        <time>2026-07-22T22:58:43.986Z</time>
      </trkpt>
      <trkpt lat="50.766679" lon="5.997868">
        <ele>194.663040</ele>
        <time>2026-07-22T22:58:49.711Z</time>
      </trkpt>
      <trkpt lat="50.766255" lon="5.998243">
        <ele>196.907286</ele>
        <time>2026-07-22T22:59:00.835Z</time>
      </trkpt>
      <trkpt lat="50.765878" lon="5.998642">
        <ele>199.101872</ele>
        <time>2026-07-22T22:59:13.583Z</time>
      </trkpt>
      <trkpt lat="50.765414" lon="5.999257">
        <ele>202.374043</ele>
        <time>2026-07-22T22:59:32.670Z</time>
      </trkpt>
      <trkpt lat="50.764621" lon="6.000016">
        <ele>207.383765</ele>
        <time>2026-07-22T23:00:01.588Z</time>
      </trkpt>
      <trkpt lat="50.764482" lon="6.000139">
        <ele>208.242924</ele>
        <time>2026-07-22T23:00:05.498Z</time>
      </trkpt>
      <trkpt lat="50.764389" lon="6.000177">
        <ele>208.753537</ele>
        <time>2026-07-22T23:00:07.414Z</time>
      </trkpt>
      <trkpt lat="50.764011" lon="6.000161">
        <ele>210.763632</ele>
        <time>2026-07-22T23:00:15.012Z</time>
      </trkpt>
      <trkpt lat="50.763827" lon="6.000234">
        <ele>211.772067</ele>
        <time>2026-07-22T23:00:20.884Z</time>
      </trkpt>
      <trkpt lat="50.763453" lon="6.000449">
        <ele>213.887529</ele>
        <time>2026-07-22T23:00:35.837Z</time>
      </trkpt>
      <trkpt lat="50.761475" lon="6.001627">
        <ele>223.420932</ele>
        <time>2026-07-22T23:01:34.094Z</time>
      </trkpt>
      <trkpt lat="50.761185" lon="6.002064">
        <ele>225.062035</ele>
        <time>2026-07-22T23:01:42.063Z</time>
      </trkpt>
      <trkpt lat="50.761098" lon="6.002197">
        <ele>225.209183</ele>
        <time>2026-07-22T23:01:44.883Z</time>
      </trkpt>
      <trkpt lat="50.760922" lon="6.002547">
        <ele>225.539572</ele>
        <time>2026-07-22T23:01:48.786Z</time>
      </trkpt>
      <trkpt lat="50.760803" lon="6.002726">
        <ele>225.731455</ele>
        <time>2026-07-22T23:01:50.430Z</time>
      </trkpt>
      <trkpt lat="50.760318" lon="6.003147">
        <ele>226.377803</ele>
        <time>2026-07-22T23:01:56.209Z</time>
      </trkpt>
      <trkpt lat="50.759675" lon="6.003918">
        <ele>228.053460</ele>
        <time>2026-07-22T23:02:08.893Z</time>
      </trkpt>
      <trkpt lat="50.759526" lon="6.003979">
        <ele>229.115647</ele>
        <time>2026-07-22T23:02:12.849Z</time>
      </trkpt>
      <trkpt lat="50.758798" lon="6.004107">
        <ele>234.170633</ele>
        <time>2026-07-22T23:02:34.103Z</time>
      </trkpt>
      <trkpt lat="50.758721" lon="6.004268">
        <ele>235.051754</ele>
        <time>2026-07-22T23:02:37.822Z</time>
      </trkpt>
      <trkpt lat="50.758584" lon="6.004149">
        <ele>236.130532</ele>
        <time>2026-07-22T23:02:44.256Z</time>
      </trkpt>
      <trkpt lat="50.758383" lon="6.004059">
        <ele>237.572226</ele>
        <time>2026-07-22T23:02:56.849Z</time>
      </trkpt>
      <trkpt lat="50.758283" lon="6.004034">
        <ele>238.270913</ele>
        <time>2026-07-22T23:03:03.745Z</time>
      </trkpt>
      <trkpt lat="50.758100" lon="6.003994">
        <ele>239.545832</ele>
        <time>2026-07-22T23:03:13.198Z</time>
      </trkpt>
      <trkpt lat="50.757921" lon="6.003965">
        <ele>240.919185</ele>
        <time>2026-07-22T23:03:18.344Z</time>
      </trkpt>
      <trkpt lat="50.757536" lon="6.003856">
        <ele>243.913442</ele>
        <time>2026-07-22T23:03:36.468Z</time>
      </trkpt>
      <trkpt lat="50.757390" lon="6.003779">
        <ele>245.091708</ele>
        <time>2026-07-22T23:03:43.421Z</time>
      </trkpt>
      <trkpt lat="50.757107" lon="6.003573">
        <ele>247.476872</ele>
        <time>2026-07-22T23:03:53.347Z</time>
      </trkpt>
      <trkpt lat="50.756771" lon="6.003194">
        <ele>250.636840</ele>
        <time>2026-07-22T23:04:03.534Z</time>
      </trkpt>
      <trkpt lat="50.756675" lon="6.003068">
        <ele>251.592077</ele>
        <time>2026-07-22T23:04:08.035Z</time>
      </trkpt>
      <trkpt lat="50.756378" lon="6.002646">
        <ele>254.374880</ele>
        <time>2026-07-22T23:04:23.855Z</time>
      </trkpt>
      <trkpt lat="50.755992" lon="6.002119">
        <ele>257.452771</ele>
        <time>2026-07-22T23:04:34.607Z</time>
      </trkpt>
      <trkpt lat="50.755755" lon="6.001903">
        <ele>259.103653</ele>
        <time>2026-07-22T23:04:42.418Z</time>
      </trkpt>
      <trkpt lat="50.755496" lon="6.001793">
        <ele>260.722034</ele>
        <time>2026-07-22T23:04:50.262Z</time>
      </trkpt>
      <trkpt lat="50.755282" lon="6.001749">
        <ele>262.024306</ele>
        <time>2026-07-22T23:04:57.741Z</time>
      </trkpt>
      <trkpt lat="50.754824" lon="6.001724">
        <ele>264.360640</ele>
        <time>2026-07-22T23:05:13.806Z</time>
      </trkpt>
      <trkpt lat="50.754630" lon="6.001712">
        <ele>264.669036</ele>
        <time>2026-07-22T23:05:22.485Z</time>
      </trkpt>
      <trkpt lat="50.754403" lon="6.001666">
        <ele>265.032566</ele>
        <time>2026-07-22T23:05:33.592Z</time>
      </trkpt>
      <trkpt lat="50.754167" lon="6.001532">
        <ele>265.430894</ele>
        <time>2026-07-22T23:05:41.766Z</time>
      </trkpt>
      <trkpt lat="50.754143" lon="6.001515">
        <ele>265.472670</ele>
        <time>2026-07-22T23:05:42.316Z</time>
      </trkpt>
      <trkpt lat="50.753877" lon="6.001345">
        <ele>265.928430</ele>
        <time>2026-07-22T23:05:46.182Z</time>
      </trkpt>
      <trkpt lat="50.753680" lon="6.001225">
        <ele>266.263788</ele>
        <time>2026-07-22T23:05:48.002Z</time>
      </trkpt>
      <trkpt lat="50.753563" lon="6.001197">
        <ele>266.451756</ele>
        <time>2026-07-22T23:05:48.838Z</time>
      </trkpt>
      <trkpt lat="50.753523" lon="6.001192">
        <ele>266.515492</ele>
        <time>2026-07-22T23:05:49.115Z</time>
      </trkpt>
      <trkpt lat="50.753424" lon="6.001207">
        <ele>266.673470</ele>
        <time>2026-07-22T23:05:49.809Z</time>
      </trkpt>
      <trkpt lat="50.753160" lon="6.001229">
        <ele>266.891436</ele>
        <time>2026-07-22T23:05:51.794Z</time>
      </trkpt>
      <trkpt lat="50.753125" lon="6.001205">
        <ele>266.530242</ele>
        <time>2026-07-22T23:05:52.132Z</time>
      </trkpt>
      <trkpt lat="50.753026" lon="6.001092">
        <ele>265.374146</ele>
        <time>2026-07-22T23:05:53.222Z</time>
      </trkpt>
      <trkpt lat="50.752764" lon="6.000590">
        <ele>261.476273</ele>
        <time>2026-07-22T23:05:56.262Z</time>
      </trkpt>
      <trkpt lat="50.752618" lon="6.000369">
        <ele>259.562434</ele>
        <time>2026-07-22T23:05:57.697Z</time>
      </trkpt>
      <trkpt lat="50.752494" lon="6.000258">
        <ele>258.213292</ele>
        <time>2026-07-22T23:05:58.655Z</time>
      </trkpt>
      <trkpt lat="50.752328" lon="6.000195">
        <ele>256.597051</ele>
        <time>2026-07-22T23:05:59.779Z</time>
      </trkpt>
      <trkpt lat="50.751660" lon="6.000154">
        <ele>250.268123</ele>
        <time>2026-07-22T23:06:04.307Z</time>
      </trkpt>
      <trkpt lat="50.751098" lon="6.000195">
        <ele>245.817152</ele>
        <time>2026-07-22T23:06:08.150Z</time>
      </trkpt>
      <trkpt lat="50.750808" lon="6.000279">
        <ele>243.505516</ele>
        <time>2026-07-22T23:06:10.290Z</time>
      </trkpt>
      <trkpt lat="50.750725" lon="6.000333">
        <ele>242.801770</ele>
        <time>2026-07-22T23:06:10.926Z</time>
      </trkpt>
      <trkpt lat="50.750569" lon="6.000493">
        <ele>241.343679</ele>
        <time>2026-07-22T23:06:12.211Z</time>
      </trkpt>
      <trkpt lat="50.750483" lon="6.000682">
        <ele>240.188812</ele>
        <time>2026-07-22T23:06:13.241Z</time>
      </trkpt>
      <trkpt lat="50.750445" lon="6.000827">
        <ele>239.410242</ele>
        <time>2026-07-22T23:06:13.986Z</time>
      </trkpt>
      <trkpt lat="50.750413" lon="6.001154">
        <ele>237.768794</ele>
        <time>2026-07-22T23:06:15.776Z</time>
      </trkpt>
      <trkpt lat="50.750352" lon="6.001740">
        <ele>234.911590</ele>
        <time>2026-07-22T23:06:18.832Z</time>
      </trkpt>
      <trkpt lat="50.750319" lon="6.001854">
        <ele>234.339436</ele>
        <time>2026-07-22T23:06:19.422Z</time>
      </trkpt>
      <trkpt lat="50.750222" lon="6.002031">
        <ele>233.270727</ele>
        <time>2026-07-22T23:06:20.478Z</time>
      </trkpt>
      <trkpt lat="50.750036" lon="6.002169">
        <ele>231.788566</ele>
        <time>2026-07-22T23:06:21.948Z</time>
      </trkpt>
      <trkpt lat="50.749418" lon="6.002077">
        <ele>227.310971</ele>
        <time>2026-07-22T23:06:26.317Z</time>
      </trkpt>
      <trkpt lat="50.749267" lon="6.002111">
        <ele>226.210753</ele>
        <time>2026-07-22T23:06:27.362Z</time>
      </trkpt>
      <trkpt lat="50.748924" lon="6.002266">
        <ele>223.637418</ele>
        <time>2026-07-22T23:06:29.809Z</time>
      </trkpt>
      <trkpt lat="50.748796" lon="6.002262">
        <ele>222.846474</ele>
        <time>2026-07-22T23:06:30.733Z</time>
      </trkpt>
      <trkpt lat="50.748633" lon="6.002170">
        <ele>222.272177</ele>
        <time>2026-07-22T23:06:32.080Z</time>
      </trkpt>
      <trkpt lat="50.748468" lon="6.001991">
        <ele>221.608132</ele>
        <time>2026-07-22T23:06:33.627Z</time>
      </trkpt>
      <trkpt lat="50.748307" lon="6.001677">
        <ele>220.759634</ele>
        <time>2026-07-22T23:06:35.566Z</time>
      </trkpt>
      <trkpt lat="50.747994" lon="6.000921">
        <ele>218.862871</ele>
        <time>2026-07-22T23:06:40.112Z</time>
      </trkpt>
      <trkpt lat="50.747996" lon="6.001186">
        <ele>218.306479</ele>
        <time>2026-07-22T23:06:42.790Z</time>
      </trkpt>
      <trkpt lat="50.747996" lon="6.001237">
        <ele>218.199408</ele>
        <time>2026-07-22T23:06:43.327Z</time>
      </trkpt>
      <trkpt lat="50.748310" lon="6.002933">
        <ele>217.435491</ele>
        <time>2026-07-22T23:06:55.869Z</time>
      </trkpt>
      <trkpt lat="50.749108" lon="6.005576">
        <ele>220.907082</ele>
        <time>2026-07-22T23:07:24.923Z</time>
      </trkpt>
      <trkpt lat="50.749391" lon="6.006583">
        <ele>223.370649</ele>
        <time>2026-07-22T23:07:46.052Z</time>
      </trkpt>
      <trkpt lat="50.749594" lon="6.007324">
        <ele>225.235475</ele>
        <time>2026-07-22T23:08:03.659Z</time>
      </trkpt>
      <trkpt lat="50.749866" lon="6.008277">
        <ele>227.753596</ele>
        <time>2026-07-22T23:08:13.403Z</time>
      </trkpt>
      <trkpt lat="50.749947" lon="6.008575">
        <ele>228.534783</ele>
        <time>2026-07-22T23:08:16.462Z</time>
      </trkpt>
      <trkpt lat="50.749975" lon="6.008674">
        <ele>228.795971</ele>
        <time>2026-07-22T23:08:18.016Z</time>
      </trkpt>
      <trkpt lat="50.750184" lon="6.009445">
        <ele>230.816238</ele>
        <time>2026-07-22T23:08:34.054Z</time>
      </trkpt>
      <trkpt lat="50.750261" lon="6.009802">
        <ele>231.991729</ele>
        <time>2026-07-22T23:08:40.352Z</time>
      </trkpt>
      <trkpt lat="50.750289" lon="6.009846">
        <ele>232.227248</ele>
        <time>2026-07-22T23:08:41.577Z</time>
      </trkpt>
      <trkpt lat="50.750534" lon="6.009938">
        <ele>233.729330</ele>
        <time>2026-07-22T23:08:50.594Z</time>
      </trkpt>
      <trkpt lat="50.750576" lon="6.010068">
        <ele>234.280210</ele>
        <time>2026-07-22T23:08:53.634Z</time>
      </trkpt>
      <trkpt lat="50.750549" lon="6.010272">
        <ele>235.066767</ele>
        <time>2026-07-22T23:08:56.755Z</time>
      </trkpt>
      <trkpt lat="50.750523" lon="6.010512">
        <ele>235.985705</ele>
        <time>2026-07-22T23:08:59.305Z</time>
      </trkpt>
      <trkpt lat="50.750522" lon="6.010801">
        <ele>237.076403</ele>
        <time>2026-07-22T23:09:03.603Z</time>
      </trkpt>
      <trkpt lat="50.750599" lon="6.011410">
        <ele>239.420202</ele>
        <time>2026-07-22T23:09:17.059Z</time>
      </trkpt>
      <trkpt lat="50.750918" lon="6.013736">
        <ele>248.593359</ele>
        <time>2026-07-22T23:10:12.782Z</time>
      </trkpt>
      <trkpt lat="50.751016" lon="6.014063">
        <ele>249.999524</ele>
        <time>2026-07-22T23:10:18.380Z</time>
      </trkpt>
      <trkpt lat="50.751782" lon="6.015759">
        <ele>257.101977</ele>
        <time>2026-07-22T23:10:49.797Z</time>
      </trkpt>
      <trkpt lat="50.752332" lon="6.016998">
        <ele>261.828155</ele>
        <time>2026-07-22T23:11:10.458Z</time>
      </trkpt>
      <trkpt lat="50.752694" lon="6.017662">
        <ele>265.643867</ele>
        <time>2026-07-22T23:11:45.414Z</time>
      </trkpt>
      <trkpt lat="50.752758" lon="6.017934">
        <ele>266.917859</ele>
        <time>2026-07-22T23:11:54.867Z</time>
      </trkpt>
      <trkpt lat="50.752748" lon="6.018165">
        <ele>267.934324</ele>
        <time>2026-07-22T23:11:58.597Z</time>
      </trkpt>
      <trkpt lat="50.752647" lon="6.018372">
        <ele>269.081913</ele>
        <time>2026-07-22T23:11:59.864Z</time>
      </trkpt>
      <trkpt lat="50.752551" lon="6.018488">
        <ele>269.920402</ele>
        <time>2026-07-22T23:12:01.277Z</time>
      </trkpt>
      <trkpt lat="50.752279" lon="6.018814">
        <ele>272.289032</ele>
        <time>2026-07-22T23:12:12.634Z</time>
      </trkpt>
      <trkpt lat="50.752146" lon="6.018956">
        <ele>273.402724</ele>
        <time>2026-07-22T23:12:21.188Z</time>
      </trkpt>
      <trkpt lat="50.752034" lon="6.019026">
        <ele>274.238432</ele>
        <time>2026-07-22T23:12:25.367Z</time>
      </trkpt>
      <trkpt lat="50.751866" lon="6.018994">
        <ele>275.446796</ele>
        <time>2026-07-22T23:12:27.567Z</time>
      </trkpt>
      <trkpt lat="50.751753" lon="6.018898">
        <ele>276.366693</ele>
        <time>2026-07-22T23:12:28.527Z</time>
      </trkpt>
      <trkpt lat="50.751662" lon="6.018826">
        <ele>277.096399</ele>
        <time>2026-07-22T23:12:31.209Z</time>
      </trkpt>
      <trkpt lat="50.751580" lon="6.018831">
        <ele>277.684819</ele>
        <time>2026-07-22T23:12:36.193Z</time>
      </trkpt>
      <trkpt lat="50.751537" lon="6.018919">
        <ele>278.189250</ele>
        <time>2026-07-22T23:12:41.011Z</time>
      </trkpt>
      <trkpt lat="50.751563" lon="6.019086">
        <ele>278.969476</ele>
        <time>2026-07-22T23:12:47.281Z</time>
      </trkpt>
      <trkpt lat="50.752347" lon="6.019765">
        <ele>285.379781</ele>
        <time>2026-07-22T23:13:17.534Z</time>
      </trkpt>
      <trkpt lat="50.752468" lon="6.019803">
        <ele>286.264374</ele>
        <time>2026-07-22T23:13:22.023Z</time>
      </trkpt>
      <trkpt lat="50.752628" lon="6.019790">
        <ele>287.368210</ele>
        <time>2026-07-22T23:13:27.851Z</time>
      </trkpt>
      <trkpt lat="50.752773" lon="6.019710">
        <ele>288.082068</ele>
        <time>2026-07-22T23:13:34.626Z</time>
      </trkpt>
      <trkpt lat="50.752836" lon="6.019643">
        <ele>288.435013</ele>
        <time>2026-07-22T23:13:38.789Z</time>
      </trkpt>
      <trkpt lat="50.752926" lon="6.019507">
        <ele>289.013762</ele>
        <time>2026-07-22T23:13:44.991Z</time>
      </trkpt>
      <trkpt lat="50.753651" lon="6.018302">
        <ele>293.903826</ele>
        <time>2026-07-22T23:14:03.574Z</time>
      </trkpt>
      <trkpt lat="50.753721" lon="6.018121">
        <ele>294.527656</ele>
        <time>2026-07-22T23:14:08.480Z</time>
      </trkpt>
      <trkpt lat="50.753762" lon="6.017931">
        <ele>295.117988</ele>
        <time>2026-07-22T23:14:12.818Z</time>
      </trkpt>
      <trkpt lat="50.753820" lon="6.017461">
        <ele>296.858789</ele>
        <time>2026-07-22T23:14:18.445Z</time>
      </trkpt>
      <trkpt lat="50.753886" lon="6.017393">
        <ele>297.363331</ele>
        <time>2026-07-22T23:14:20.988Z</time>
      </trkpt>
      <trkpt lat="50.753934" lon="6.017419">
        <ele>297.688282</ele>
        <time>2026-07-22T23:14:23.005Z</time>
      </trkpt>
      <trkpt lat="50.753969" lon="6.017493">
        <ele>298.062627</ele>
        <time>2026-07-22T23:14:25.399Z</time>
      </trkpt>
      <trkpt lat="50.753976" lon="6.017589">
        <ele>298.454159</ele>
        <time>2026-07-22T23:14:27.802Z</time>
      </trkpt>
      <trkpt lat="50.753993" lon="6.019201">
        <ele>304.986296</ele>
        <time>2026-07-22T23:15:01.977Z</time>
      </trkpt>
      <trkpt lat="50.753949" lon="6.019487">
        <ele>306.178832</ele>
        <time>2026-07-22T23:15:08.125Z</time>
      </trkpt>
      <trkpt lat="50.753698" lon="6.020292">
        <ele>309.803010</ele>
        <time>2026-07-22T23:15:27.485Z</time>
      </trkpt>
      <trkpt lat="50.753587" lon="6.020625">
        <ele>311.321124</ele>
        <time>2026-07-22T23:15:38.670Z</time>
      </trkpt>
      <trkpt lat="50.753562" lon="6.020700">
        <ele>311.663042</ele>
        <time>2026-07-22T23:15:40.120Z</time>
      </trkpt>
      <trkpt lat="50.753530" lon="6.020813">
        <ele>312.162383</ele>
        <time>2026-07-22T23:15:42.382Z</time>
      </trkpt>
      <trkpt lat="50.753481" lon="6.021012">
        <ele>313.023664</ele>
        <time>2026-07-22T23:15:49.599Z</time>
      </trkpt>
      <trkpt lat="50.753474" lon="6.021094">
        <ele>313.357394</ele>
        <time>2026-07-22T23:15:53.128Z</time>
      </trkpt>
      <trkpt lat="50.753490" lon="6.021198">
        <ele>313.789085</ele>
        <time>2026-07-22T23:15:57.096Z</time>
      </trkpt>
      <trkpt lat="50.753523" lon="6.021253">
        <ele>314.094815</ele>
        <time>2026-07-22T23:15:59.045Z</time>
      </trkpt>
      <trkpt lat="50.753564" lon="6.021270">
        <ele>314.365042</ele>
        <time>2026-07-22T23:16:00.045Z</time>
      </trkpt>
      <trkpt lat="50.753523" lon="6.021253">
        <ele>314.635269</ele>
        <time>2026-07-22T23:16:00.889Z</time>
      </trkpt>
      <trkpt lat="50.753490" lon="6.021198">
        <ele>314.940999</ele>
        <time>2026-07-22T23:16:01.671Z</time>
      </trkpt>
      <trkpt lat="50.753523" lon="6.021253">
        <ele>315.246729</ele>
        <time>2026-07-22T23:16:02.308Z</time>
      </trkpt>
      <trkpt lat="50.753564" lon="6.021270">
        <ele>315.516956</ele>
        <time>2026-07-22T23:16:02.963Z</time>
      </trkpt>
      <trkpt lat="50.753605" lon="6.021265">
        <ele>315.779117</ele>
        <time>2026-07-22T23:16:03.823Z</time>
      </trkpt>
      <trkpt lat="50.753838" lon="6.021160">
        <ele>317.323732</ele>
        <time>2026-07-22T23:16:06.779Z</time>
      </trkpt>
      <trkpt lat="50.754025" lon="6.021072">
        <ele>318.567611</ele>
        <time>2026-07-22T23:16:09.138Z</time>
      </trkpt>
      <trkpt lat="50.754059" lon="6.021058">
        <ele>318.631373</ele>
        <time>2026-07-22T23:16:10.170Z</time>
      </trkpt>
      <trkpt lat="50.754127" lon="6.021029">
        <ele>318.631596</ele>
        <time>2026-07-22T23:16:12.927Z</time>
      </trkpt>
      <trkpt lat="50.754194" lon="6.021001">
        <ele>318.631814</ele>
        <time>2026-07-22T23:16:16.610Z</time>
      </trkpt>
      <trkpt lat="50.754242" lon="6.020968">
        <ele>318.631979</ele>
        <time>2026-07-22T23:16:20.000Z</time>
      </trkpt>
      <trkpt lat="50.754312" lon="6.020939">
        <ele>318.632208</ele>
        <time>2026-07-22T23:16:23.991Z</time>
      </trkpt>
      <trkpt lat="50.754338" lon="6.020941">
        <ele>318.632290</ele>
        <time>2026-07-22T23:16:25.226Z</time>
      </trkpt>
      <trkpt lat="50.754382" lon="6.020918">
        <ele>318.632436</ele>
        <time>2026-07-22T23:16:26.509Z</time>
      </trkpt>
      <trkpt lat="50.754771" lon="6.020822">
        <ele>318.633678</ele>
        <time>2026-07-22T23:16:32.056Z</time>
      </trkpt>
      <trkpt lat="50.755110" lon="6.020547">
        <ele>318.634881</ele>
        <time>2026-07-22T23:16:37.075Z</time>
      </trkpt>
      <trkpt lat="50.755312" lon="6.020418">
        <ele>318.635568</ele>
        <time>2026-07-22T23:16:40.280Z</time>
      </trkpt>
      <trkpt lat="50.755783" lon="6.020121">
        <ele>318.558116</ele>
        <time>2026-07-22T23:16:46.409Z</time>
      </trkpt>
      <trkpt lat="50.755836" lon="6.020073">
        <ele>318.481691</ele>
        <time>2026-07-22T23:16:47.146Z</time>
      </trkpt>
      <trkpt lat="50.755935" lon="6.020142">
        <ele>318.346318</ele>
        <time>2026-07-22T23:16:48.096Z</time>
      </trkpt>
      <trkpt lat="50.756086" lon="6.020124">
        <ele>318.156855</ele>
        <time>2026-07-22T23:16:49.673Z</time>
      </trkpt>
      <trkpt lat="50.756432" lon="6.019694">
        <ele>317.606175</ele>
        <time>2026-07-22T23:16:53.671Z</time>
      </trkpt>
      <trkpt lat="50.757553" lon="6.019003">
        <ele>316.058003</ele>
        <time>2026-07-22T23:17:05.505Z</time>
      </trkpt>
      <trkpt lat="50.757624" lon="6.018960">
        <ele>315.948648</ele>
        <time>2026-07-22T23:17:06.272Z</time>
      </trkpt>
      <trkpt lat="50.758152" lon="6.018639">
        <ele>315.135012</ele>
        <time>2026-07-22T23:17:13.596Z</time>
      </trkpt>
      <trkpt lat="50.758182" lon="6.018623">
        <ele>315.089474</ele>
        <time>2026-07-22T23:17:13.907Z</time>
      </trkpt>
      <trkpt lat="50.758578" lon="6.018402">
        <ele>314.485466</ele>
        <time>2026-07-22T23:17:17.426Z</time>
      </trkpt>
      <trkpt lat="50.758656" lon="6.018279">
        <ele>314.327006</ele>
        <time>2026-07-22T23:17:18.351Z</time>
      </trkpt>
      <trkpt lat="50.758719" lon="6.017984">
        <ele>314.043722</ele>
        <time>2026-07-22T23:17:19.955Z</time>
      </trkpt>
      <trkpt lat="50.758725" lon="6.017896">
        <ele>313.963193</ele>
        <time>2026-07-22T23:17:20.398Z</time>
      </trkpt>
      <trkpt lat="50.758992" lon="6.017953">
        <ele>313.761986</ele>
        <time>2026-07-22T23:17:22.579Z</time>
      </trkpt>
      <trkpt lat="50.759216" lon="6.018000">
        <ele>313.707379</ele>
        <time>2026-07-22T23:17:24.625Z</time>
      </trkpt>
      <trkpt lat="50.759276" lon="6.018004">
        <ele>313.692866</ele>
        <time>2026-07-22T23:17:25.196Z</time>
      </trkpt>
      <trkpt lat="50.759470" lon="6.017954">
        <ele>313.645364</ele>
        <time>2026-07-22T23:17:27.110Z</time>
      </trkpt>
      <trkpt lat="50.760006" lon="6.017703">
        <ele>313.510270</ele>
        <time>2026-07-22T23:17:33.282Z</time>
      </trkpt>
      <trkpt lat="50.761050" lon="6.017209">
        <ele>312.009793</ele>
        <time>2026-07-22T23:17:53.012Z</time>
      </trkpt>
      <trkpt lat="50.761414" lon="6.017028">
        <ele>310.951048</ele>
        <time>2026-07-22T23:17:57.431Z</time>
      </trkpt>
      <trkpt lat="50.761530" lon="6.016925">
        <ele>310.581899</ele>
        <time>2026-07-22T23:17:58.499Z</time>
      </trkpt>
      <trkpt lat="50.761612" lon="6.016748">
        <ele>310.196843</ele>
        <time>2026-07-22T23:17:59.474Z</time>
      </trkpt>
      <trkpt lat="50.761634" lon="6.016520">
        <ele>309.792055</ele>
        <time>2026-07-22T23:18:00.506Z</time>
      </trkpt>
      <trkpt lat="50.761579" lon="6.016231">
        <ele>309.262376</ele>
        <time>2026-07-22T23:18:01.847Z</time>
      </trkpt>
      <trkpt lat="50.761480" lon="6.015961">
        <ele>308.714645</ele>
        <time>2026-07-22T23:18:03.302Z</time>
      </trkpt>
      <trkpt lat="50.761379" lon="6.015809">
        <ele>308.277036</ele>
        <time>2026-07-22T23:18:04.323Z</time>
      </trkpt>
      <trkpt lat="50.761231" lon="6.015662">
        <ele>307.265088</ele>
        <time>2026-07-22T23:18:05.591Z</time>
      </trkpt>
      <trkpt lat="50.760817" lon="6.015399">
        <ele>304.681898</ele>
        <time>2026-07-22T23:18:09.054Z</time>
      </trkpt>
      <trkpt lat="50.760180" lon="6.014847">
        <ele>300.476170</ele>
        <time>2026-07-22T23:18:14.284Z</time>
      </trkpt>
      <trkpt lat="50.759809" lon="6.014624">
        <ele>298.178192</ele>
        <time>2026-07-22T23:18:17.305Z</time>
      </trkpt>
      <trkpt lat="50.759610" lon="6.014532">
        <ele>296.797500</ele>
        <time>2026-07-22T23:18:20.202Z</time>
      </trkpt>
      <trkpt lat="50.759579" lon="6.014435">
        <ele>296.326491</ele>
        <time>2026-07-22T23:18:20.697Z</time>
      </trkpt>
      <trkpt lat="50.759588" lon="6.014327">
        <ele>295.854370</ele>
        <time>2026-07-22T23:18:21.164Z</time>
      </trkpt>
      <trkpt lat="50.759658" lon="6.014254">
        <ele>295.279814</ele>
        <time>2026-07-22T23:18:21.719Z</time>
      </trkpt>
      <trkpt lat="50.759865" lon="6.014287">
        <ele>293.854376</ele>
        <time>2026-07-22T23:18:23.242Z</time>
      </trkpt>
      <trkpt lat="50.760158" lon="6.014278">
        <ele>291.846531</ele>
        <time>2026-07-22T23:18:25.499Z</time>
      </trkpt>
      <trkpt lat="50.760787" lon="6.014101">
        <ele>287.469245</ele>
        <time>2026-07-22T23:18:29.902Z</time>
      </trkpt>
      <trkpt lat="50.760932" lon="6.014089">
        <ele>286.474428</ele>
        <time>2026-07-22T23:18:30.924Z</time>
      </trkpt>
      <trkpt lat="50.761314" lon="6.014208">
        <ele>283.769363</ele>
        <time>2026-07-22T23:18:33.779Z</time>
      </trkpt>
      <trkpt lat="50.761430" lon="6.014287">
        <ele>282.886267</ele>
        <time>2026-07-22T23:18:34.754Z</time>
      </trkpt>
      <trkpt lat="50.761549" lon="6.014432">
        <ele>281.835796</ele>
        <time>2026-07-22T23:18:36.024Z</time>
      </trkpt>
      <trkpt lat="50.761794" lon="6.014737">
        <ele>279.655476</ele>
        <time>2026-07-22T23:18:38.403Z</time>
      </trkpt>
      <trkpt lat="50.762126" lon="6.014901">
        <ele>277.223546</ele>
        <time>2026-07-22T23:18:40.900Z</time>
      </trkpt>
      <trkpt lat="50.763135" lon="6.014759">
        <ele>271.868815</ele>
        <time>2026-07-22T23:18:47.925Z</time>
      </trkpt>
      <trkpt lat="50.763406" lon="6.014832">
        <ele>271.083675</ele>
        <time>2026-07-22T23:18:49.989Z</time>
      </trkpt>
      <trkpt lat="50.763592" lon="6.014967">
        <ele>270.499146</ele>
        <time>2026-07-22T23:18:51.722Z</time>
      </trkpt>
      <trkpt lat="50.763700" lon="6.015115">
        <ele>270.090949</ele>
        <time>2026-07-22T23:18:53.066Z</time>
      </trkpt>
      <trkpt lat="50.763841" lon="6.015428">
        <ele>269.396771</ele>
        <time>2026-07-22T23:18:55.964Z</time>
      </trkpt>
      <trkpt lat="50.763926" lon="6.015735">
        <ele>268.791372</ele>
        <time>2026-07-22T23:18:58.272Z</time>
      </trkpt>
      <trkpt lat="50.763935" lon="6.015782">
        <ele>268.702662</ele>
        <time>2026-07-22T23:18:58.960Z</time>
      </trkpt>
      <trkpt lat="50.763967" lon="6.016127">
        <ele>268.072757</ele>
        <time>2026-07-22T23:19:07.172Z</time>
      </trkpt>
      <trkpt lat="50.763950" lon="6.016411">
        <ele>266.954824</ele>
        <time>2026-07-22T23:19:13.166Z</time>
      </trkpt>
      <trkpt lat="50.763865" lon="6.016873">
        <ele>264.660823</ele>
        <time>2026-07-22T23:19:19.261Z</time>
      </trkpt>
      <trkpt lat="50.763872" lon="6.017024">
        <ele>263.938958</ele>
        <time>2026-07-22T23:19:19.944Z</time>
      </trkpt>
      <trkpt lat="50.763906" lon="6.017142">
        <ele>263.320737</ele>
        <time>2026-07-22T23:19:20.488Z</time>
      </trkpt>
      <trkpt lat="50.763981" lon="6.017272">
        <ele>262.481829</ele>
        <time>2026-07-22T23:19:21.220Z</time>
      </trkpt>
      <trkpt lat="50.764051" lon="6.017336">
        <ele>261.872308</ele>
        <time>2026-07-22T23:19:21.756Z</time>
      </trkpt>
      <trkpt lat="50.764108" lon="6.017375">
        <ele>261.404145</ele>
        <time>2026-07-22T23:19:22.187Z</time>
      </trkpt>
      <trkpt lat="50.764195" lon="6.017428">
        <ele>260.701359</ele>
        <time>2026-07-22T23:19:22.837Z</time>
      </trkpt>
      <trkpt lat="50.764385" lon="6.017544">
        <ele>259.166106</ele>
        <time>2026-07-22T23:19:24.204Z</time>
      </trkpt>
      <trkpt lat="50.764567" lon="6.017651">
        <ele>257.702451</ele>
        <time>2026-07-22T23:19:25.478Z</time>
      </trkpt>
      <trkpt lat="50.764703" lon="6.017701">
        <ele>256.649962</ele>
        <time>2026-07-22T23:19:26.407Z</time>
      </trkpt>
      <trkpt lat="50.764837" lon="6.017703">
        <ele>255.639855</ele>
        <time>2026-07-22T23:19:27.353Z</time>
      </trkpt>
      <trkpt lat="50.764978" lon="6.017654">
        <ele>254.551657</ele>
        <time>2026-07-22T23:19:28.416Z</time>
      </trkpt>
      <trkpt lat="50.765085" lon="6.017573">
        <ele>254.013797</ele>
        <time>2026-07-22T23:19:29.388Z</time>
      </trkpt>
      <trkpt lat="50.765129" lon="6.017529">
        <ele>253.818381</ele>
        <time>2026-07-22T23:19:29.795Z</time>
      </trkpt>
      <trkpt lat="50.765251" lon="6.017334">
        <ele>253.167216</ele>
        <time>2026-07-22T23:19:31.028Z</time>
      </trkpt>
      <trkpt lat="50.765325" lon="6.017109">
        <ele>252.565148</ele>
        <time>2026-07-22T23:19:32.116Z</time>
      </trkpt>
      <trkpt lat="50.765354" lon="6.016885">
        <ele>252.022329</ele>
        <time>2026-07-22T23:19:33.097Z</time>
      </trkpt>
      <trkpt lat="50.765346" lon="6.016655">
        <ele>251.475466</ele>
        <time>2026-07-22T23:19:34.189Z</time>
      </trkpt>
      <trkpt lat="50.765025" lon="6.014928">
        <ele>246.945111</ele>
        <time>2026-07-22T23:19:52.353Z</time>
      </trkpt>
      <trkpt lat="50.765064" lon="6.014685">
        <ele>245.980554</ele>
        <time>2026-07-22T23:19:53.663Z</time>
      </trkpt>
      <trkpt lat="50.764996" lon="6.014611">
        <ele>245.478403</ele>
        <time>2026-07-22T23:19:54.356Z</time>
      </trkpt>
      <trkpt lat="50.764979" lon="6.014526">
        <ele>245.135410</ele>
        <time>2026-07-22T23:19:54.799Z</time>
      </trkpt>
      <trkpt lat="50.764962" lon="6.013976">
        <ele>243.016788</ele>
        <time>2026-07-22T23:19:57.204Z</time>
      </trkpt>
      <trkpt lat="50.764970" lon="6.013820">
        <ele>242.414617</ele>
        <time>2026-07-22T23:19:57.887Z</time>
      </trkpt>
      <trkpt lat="50.765052" lon="6.013202">
        <ele>239.985141</ele>
        <time>2026-07-22T23:20:00.964Z</time>
      </trkpt>
      <trkpt lat="50.765159" lon="6.012778">
        <ele>238.228777</ele>
        <time>2026-07-22T23:20:03.062Z</time>
      </trkpt>
      <trkpt lat="50.765343" lon="6.012332">
        <ele>236.117523</ele>
        <time>2026-07-22T23:20:05.380Z</time>
      </trkpt>
      <trkpt lat="50.765531" lon="6.012019">
        <ele>234.246998</ele>
        <time>2026-07-22T23:20:07.242Z</time>
      </trkpt>
      <trkpt lat="50.765831" lon="6.011661">
        <ele>231.671827</ele>
        <time>2026-07-22T23:20:09.749Z</time>
      </trkpt>
      <trkpt lat="50.766093" lon="6.011454">
        <ele>229.665114</ele>
        <time>2026-07-22T23:20:11.899Z</time>
      </trkpt>
      <trkpt lat="50.766320" lon="6.011337">
        <ele>228.029294</ele>
        <time>2026-07-22T23:20:13.799Z</time>
      </trkpt>
      <trkpt lat="50.766589" lon="6.011260">
        <ele>226.156310</ele>
        <time>2026-07-22T23:20:16.018Z</time>
      </trkpt>
      <trkpt lat="50.766879" lon="6.011246">
        <ele>224.311083</ele>
        <time>2026-07-22T23:20:18.561Z</time>
      </trkpt>
      <trkpt lat="50.766909" lon="6.011247">
        <ele>224.265317</ele>
        <time>2026-07-22T23:20:18.819Z</time>
      </trkpt>
      <trkpt lat="50.766939" lon="6.011282">
        <ele>224.208453</ele>
        <time>2026-07-22T23:20:19.128Z</time>
      </trkpt>
      <trkpt lat="50.767247" lon="6.011294">
        <ele>223.738555</ele>
        <time>2026-07-22T23:20:21.634Z</time>
      </trkpt>
      <trkpt lat="50.767367" lon="6.011262">
        <ele>223.552948</ele>
        <time>2026-07-22T23:20:22.614Z</time>
      </trkpt>
      <trkpt lat="50.767515" lon="6.011179">
        <ele>223.313442</ele>
        <time>2026-07-22T23:20:23.896Z</time>
      </trkpt>
      <trkpt lat="50.767629" lon="6.011076">
        <ele>223.113185</ele>
        <time>2026-07-22T23:20:25.624Z</time>
      </trkpt>
      <trkpt lat="50.767706" lon="6.010966">
        <ele>222.954910</ele>
        <time>2026-07-22T23:20:27.533Z</time>
      </trkpt>
      <trkpt lat="50.767881" lon="6.010620">
        <ele>222.527552</ele>
        <time>2026-07-22T23:20:31.802Z</time>
      </trkpt>
      <trkpt lat="50.767946" lon="6.010339">
        <ele>222.238933</ele>
        <time>2026-07-22T23:20:34.336Z</time>
      </trkpt>
      <trkpt lat="50.767971" lon="6.010104">
        <ele>222.009063</ele>
        <time>2026-07-22T23:20:36.831Z</time>
      </trkpt>
      <trkpt lat="50.767955" lon="6.010053">
        <ele>221.954147</ele>
        <time>2026-07-22T23:20:37.322Z</time>
      </trkpt>
      <trkpt lat="50.767976" lon="6.009379">
        <ele>220.414787</ele>
        <time>2026-07-22T23:20:41.077Z</time>
      </trkpt>
      <trkpt lat="50.768028" lon="6.008864">
        <ele>218.448528</ele>
        <time>2026-07-22T23:20:43.452Z</time>
      </trkpt>
      <trkpt lat="50.768073" lon="6.008789">
        <ele>218.058762</ele>
        <time>2026-07-22T23:20:43.911Z</time>
      </trkpt>
      <trkpt lat="50.768114" lon="6.008633">
        <ele>217.421845</ele>
        <time>2026-07-22T23:20:44.648Z</time>
      </trkpt>
      <trkpt lat="50.768122" lon="6.008588">
        <ele>217.245610</ele>
        <time>2026-07-22T23:20:44.940Z</time>
      </trkpt>
      <trkpt lat="50.768302" lon="6.007805">
        <ele>214.104567</ele>
        <time>2026-07-22T23:20:50.194Z</time>
      </trkpt>
      <trkpt lat="50.768403" lon="6.007527">
        <ele>212.895827</ele>
        <time>2026-07-22T23:20:52.210Z</time>
      </trkpt>
      <trkpt lat="50.768535" lon="6.007287">
        <ele>211.696691</ele>
        <time>2026-07-22T23:20:54.327Z</time>
      </trkpt>
      <trkpt lat="50.768643" lon="6.007148">
        <ele>210.864682</ele>
        <time>2026-07-22T23:20:55.987Z</time>
      </trkpt>
      <trkpt lat="50.768780" lon="6.007042">
        <ele>209.870415</ele>
        <time>2026-07-22T23:20:57.698Z</time>
      </trkpt>
      <trkpt lat="50.768768" lon="6.007003">
        <ele>209.691607</ele>
        <time>2026-07-22T23:20:57.979Z</time>
      </trkpt>
      <trkpt lat="50.768761" lon="6.006980">
        <ele>209.586374</ele>
        <time>2026-07-22T23:20:58.092Z</time>
      </trkpt>
      <trkpt lat="50.768755" lon="6.006959">
        <ele>209.491370</ele>
        <time>2026-07-22T23:20:58.199Z</time>
      </trkpt>
      <trkpt lat="50.768777" lon="6.006893">
        <ele>209.183784</ele>
        <time>2026-07-22T23:20:58.678Z</time>
      </trkpt>
      <trkpt lat="50.768773" lon="6.006871">
        <ele>209.089408</ele>
        <time>2026-07-22T23:20:58.784Z</time>
      </trkpt>
      <trkpt lat="50.768767" lon="6.006842">
        <ele>208.963611</ele>
        <time>2026-07-22T23:20:58.926Z</time>
      </trkpt>
      <trkpt lat="50.768757" lon="6.006787">
        <ele>208.727672</ele>
        <time>2026-07-22T23:20:59.336Z</time>
      </trkpt>
      <trkpt lat="50.768632" lon="6.006836">
        <ele>207.888155</ele>
        <time>2026-07-22T23:21:01.470Z</time>
      </trkpt>
      <trkpt lat="50.768603" lon="6.006862">
        <ele>207.670834</ele>
        <time>2026-07-22T23:21:01.998Z</time>
      </trkpt>
      <trkpt lat="50.768541" lon="6.006704">
        <ele>206.904230</ele>
        <time>2026-07-22T23:21:02.974Z</time>
      </trkpt>
      <trkpt lat="50.768514" lon="6.006525">
        <ele>206.145544</ele>
        <time>2026-07-22T23:21:03.873Z</time>
      </trkpt>
      <trkpt lat="50.768499" lon="6.006479">
        <ele>205.932169</ele>
        <time>2026-07-22T23:21:04.121Z</time>
      </trkpt>
      <trkpt lat="50.768537" lon="6.006283">
        <ele>205.086977</ele>
        <time>2026-07-22T23:21:05.050Z</time>
      </trkpt>
      <trkpt lat="50.768547" lon="6.006236">
        <ele>204.882533</ele>
        <time>2026-07-22T23:21:05.270Z</time>
      </trkpt>
      <trkpt lat="50.769018" lon="6.004102">
        <ele>195.453828</ele>
        <time>2026-07-22T23:21:15.306Z</time>
      </trkpt>
      <trkpt lat="50.769110" lon="6.003545">
        <ele>193.007669</ele>
        <time>2026-07-22T23:21:17.991Z</time>
      </trkpt>
      <trkpt lat="50.769218" lon="6.002671">
        <ele>189.223698</ele>
        <time>2026-07-22T23:21:22.028Z</time>
      </trkpt>
      <trkpt lat="50.769248" lon="6.002072">
        <ele>187.001961</ele>
        <time>2026-07-22T23:21:24.749Z</time>
      </trkpt>
      <trkpt lat="50.769221" lon="6.001642">
        <ele>186.661998</ele>
        <time>2026-07-22T23:21:26.971Z</time>
      </trkpt>
      <trkpt lat="50.769043" lon="6.000149">
        <ele>185.466699</ele>
        <time>2026-07-22T23:21:38.793Z</time>
      </trkpt>
      <trkpt lat="50.768943" lon="5.999312">
        <ele>184.771836</ele>
        <time>2026-07-22T23:21:46.953Z</time>
      </trkpt>
      <trkpt lat="50.768887" lon="5.998825">
        <ele>184.160044</ele>
        <time>2026-07-22T23:21:50.481Z</time>
      </trkpt>
      <trkpt lat="50.768697" lon="5.997219">
        <ele>182.140620</ele>
        <time>2026-07-22T23:21:58.724Z</time>
      </trkpt>
      <trkpt lat="50.768576" lon="5.996226">
        <ele>181.701770</ele>
        <time>2026-07-22T23:22:04.421Z</time>
      </trkpt>
      <trkpt lat="50.768488" lon="5.995448">
        <ele>182.550220</ele>
        <time>2026-07-22T23:22:11.450Z</time>
      </trkpt>
      <trkpt lat="50.768628" lon="5.995409">
        <ele>182.791514</ele>
        <time>2026-07-22T23:22:12.625Z</time>
      </trkpt>
      <trkpt lat="50.768786" lon="5.995303">
        <ele>183.082844</ele>
        <time>2026-07-22T23:22:14.252Z</time>
      </trkpt>
      <trkpt lat="50.768958" lon="5.995057">
        <ele>183.476513</ele>
        <time>2026-07-22T23:22:19.985Z</time>
      </trkpt>
      <trkpt lat="50.769646" lon="5.993253">
        <ele>186.162258</ele>
        <time>2026-07-22T23:23:00.968Z</time>
      </trkpt>
      <trkpt lat="50.770854" lon="5.990853">
        <ele>188.526537</ele>
        <time>2026-07-22T23:23:21.077Z</time>
      </trkpt>
      <trkpt lat="50.771274" lon="5.989887">
        <ele>188.639373</ele>
        <time>2026-07-22T23:23:28.210Z</time>
      </trkpt>
      <trkpt lat="50.771858" lon="5.988329">
        <ele>193.604995</ele>
        <time>2026-07-22T23:24:00.866Z</time>
      </trkpt>
      <trkpt lat="50.772406" lon="5.986777">
        <ele>197.603895</ele>
        <time>2026-07-22T23:24:36.229Z</time>
      </trkpt>
      <trkpt lat="50.772671" lon="5.985920">
        <ele>198.132281</ele>
        <time>2026-07-22T23:24:47.528Z</time>
      </trkpt>
      <trkpt lat="50.772828" lon="5.985528">
        <ele>198.389285</ele>
        <time>2026-07-22T23:24:51.511Z</time>
      </trkpt>
      <trkpt lat="50.772857" lon="5.985468">
        <ele>198.431112</ele>
        <time>2026-07-22T23:24:51.910Z</time>
      </trkpt>
      <trkpt lat="50.772922" lon="5.985540">
        <ele>198.500621</ele>
        <time>2026-07-22T23:24:52.527Z</time>
      </trkpt>
      <trkpt lat="50.773098" lon="5.985913">
        <ele>198.758389</ele>
        <time>2026-07-22T23:24:54.774Z</time>
      </trkpt>
      <trkpt lat="50.773228" lon="5.986065">
        <ele>198.727357</ele>
        <time>2026-07-22T23:24:56.024Z</time>
      </trkpt>
      <trkpt lat="50.773839" lon="5.986404">
        <ele>196.299353</ele>
        <time>2026-07-22T23:25:01.157Z</time>
      </trkpt>
      <trkpt lat="50.774409" lon="5.986459">
        <ele>194.158044</ele>
        <time>2026-07-22T23:25:05.694Z</time>
      </trkpt>
      <trkpt lat="50.774948" lon="5.986558">
        <ele>192.123363</ele>
        <time>2026-07-22T23:25:09.842Z</time>
      </trkpt>
      <trkpt lat="50.775071" lon="5.986523">
        <ele>191.687646</ele>
        <time>2026-07-22T23:25:10.849Z</time>
      </trkpt>
      <trkpt lat="50.775239" lon="5.986384">
        <ele>191.026648</ele>
        <time>2026-07-22T23:25:12.427Z</time>
      </trkpt>
      <trkpt lat="50.775419" lon="5.986047">
        <ele>190.054172</ele>
        <time>2026-07-22T23:25:14.722Z</time>
      </trkpt>
      <trkpt lat="50.775533" lon="5.985801">
        <ele>189.381827</ele>
        <time>2026-07-22T23:25:16.244Z</time>
      </trkpt>
      <trkpt lat="50.775598" lon="5.985731">
        <ele>189.107671</ele>
        <time>2026-07-22T23:25:16.855Z</time>
      </trkpt>
      <trkpt lat="50.775681" lon="5.985699">
        <ele>188.809843</ele>
        <time>2026-07-22T23:25:17.537Z</time>
      </trkpt>
      <trkpt lat="50.775787" lon="5.985761">
        <ele>188.415842</ele>
        <time>2026-07-22T23:25:18.459Z</time>
      </trkpt>
      <trkpt lat="50.776708" lon="5.986758">
        <ele>184.196714</ele>
        <time>2026-07-22T23:25:27.467Z</time>
      </trkpt>
      <trkpt lat="50.776779" lon="5.986845">
        <ele>183.806193</ele>
        <time>2026-07-22T23:25:28.167Z</time>
      </trkpt>
      <trkpt lat="50.777431" lon="5.987641">
        <ele>180.224936</ele>
        <time>2026-07-22T23:25:34.406Z</time>
      </trkpt>
      <trkpt lat="50.778210" lon="5.988749">
        <ele>176.355027</ele>
        <time>2026-07-22T23:25:42.423Z</time>
      </trkpt>
      <trkpt lat="50.778488" lon="5.989087">
        <ele>175.272696</ele>
        <time>2026-07-22T23:25:45.180Z</time>
      </trkpt>
      <trkpt lat="50.779030" lon="5.989740">
        <ele>173.169636</ele>
        <time>2026-07-22T23:25:51.190Z</time>
      </trkpt>
      <trkpt lat="50.779178" lon="5.989825">
        <ele>172.683636</ele>
        <time>2026-07-22T23:25:52.596Z</time>
      </trkpt>
      <trkpt lat="50.779321" lon="5.989827">
        <ele>172.281224</ele>
        <time>2026-07-22T23:25:53.793Z</time>
      </trkpt>
      <trkpt lat="50.779426" lon="5.989764">
        <ele>171.991264</ele>
        <time>2026-07-22T23:25:54.749Z</time>
      </trkpt>
      <trkpt lat="50.779670" lon="5.989485">
        <ele>171.213853</ele>
        <time>2026-07-22T23:25:57.664Z</time>
      </trkpt>
      <trkpt lat="50.779820" lon="5.989406">
        <ele>170.805649</ele>
        <time>2026-07-22T23:25:59.162Z</time>
      </trkpt>
      <trkpt lat="50.780045" lon="5.989423">
        <ele>170.224047</ele>
        <time>2026-07-22T23:26:01.179Z</time>
      </trkpt>
      <trkpt lat="50.780724" lon="5.989820">
        <ele>168.354931</ele>
        <time>2026-07-22T23:26:07.024Z</time>
      </trkpt>
      <trkpt lat="50.780953" lon="5.989942">
        <ele>167.723688</ele>
        <time>2026-07-22T23:26:08.900Z</time>
      </trkpt>
      <trkpt lat="50.781249" lon="5.990114">
        <ele>166.852980</ele>
        <time>2026-07-22T23:26:11.420Z</time>
      </trkpt>
      <trkpt lat="50.781936" lon="5.990594">
        <ele>164.779239</ele>
        <time>2026-07-22T23:26:17.613Z</time>
      </trkpt>
      <trkpt lat="50.782086" lon="5.990659">
        <ele>164.349808</ele>
        <time>2026-07-22T23:26:18.914Z</time>
      </trkpt>
      <trkpt lat="50.782554" lon="5.990768">
        <ele>163.043668</ele>
        <time>2026-07-22T23:26:22.789Z</time>
      </trkpt>
      <trkpt lat="50.783183" lon="5.990909">
        <ele>162.081011</ele>
        <time>2026-07-22T23:26:29.261Z</time>
      </trkpt>
      <trkpt lat="50.783248" lon="5.990924">
        <ele>161.990442</ele>
        <time>2026-07-22T23:26:29.996Z</time>
      </trkpt>
      <trkpt lat="50.783940" lon="5.991073">
        <ele>161.027530</ele>
        <time>2026-07-22T23:26:36.972Z</time>
      </trkpt>
      <trkpt lat="50.784131" lon="5.991117">
        <ele>160.761405</ele>
        <time>2026-07-22T23:26:38.836Z</time>
      </trkpt>
      <trkpt lat="50.784882" lon="5.991324">
        <ele>159.410516</ele>
        <time>2026-07-22T23:26:45.275Z</time>
      </trkpt>
      <trkpt lat="50.785393" lon="5.991655">
        <ele>158.313550</ele>
        <time>2026-07-22T23:26:50.218Z</time>
      </trkpt>
      <trkpt lat="50.785929" lon="5.992026">
        <ele>157.151257</ele>
        <time>2026-07-22T23:26:55.624Z</time>
      </trkpt>
      <trkpt lat="50.786089" lon="5.992145">
        <ele>156.793866</ele>
        <time>2026-07-22T23:26:57.777Z</time>
      </trkpt>
      <trkpt lat="50.786112" lon="5.992171">
        <ele>156.717764</ele>
        <time>2026-07-22T23:26:58.126Z</time>
      </trkpt>
      <trkpt lat="50.786130" lon="5.992195">
        <ele>156.654390</ele>
        <time>2026-07-22T23:26:58.322Z</time>
      </trkpt>
      <trkpt lat="50.786212" lon="5.992243">
        <ele>156.419018</ele>
        <time>2026-07-22T23:26:59.055Z</time>
      </trkpt>
      <trkpt lat="50.786231" lon="5.992270">
        <ele>156.350260</ele>
        <time>2026-07-22T23:26:59.270Z</time>
      </trkpt>
      <trkpt lat="50.786285" lon="5.992344">
        <ele>156.157926</ele>
        <time>2026-07-22T23:27:00.119Z</time>
      </trkpt>
      <trkpt lat="50.786597" lon="5.992761">
        <ele>155.058345</ele>
        <time>2026-07-22T23:27:05.001Z</time>
      </trkpt>
      <trkpt lat="50.786805" lon="5.992973">
        <ele>154.392240</ele>
        <time>2026-07-22T23:27:07.816Z</time>
      </trkpt>
      <trkpt lat="50.787095" lon="5.993175">
        <ele>153.539228</ele>
        <time>2026-07-22T23:27:11.277Z</time>
      </trkpt>
      <trkpt lat="50.787128" lon="5.993200">
        <ele>153.440731</ele>
        <time>2026-07-22T23:27:11.728Z</time>
      </trkpt>
      <trkpt lat="50.787160" lon="5.993263">
        <ele>153.303194</ele>
        <time>2026-07-22T23:27:12.389Z</time>
      </trkpt>
      <trkpt lat="50.787169" lon="5.993360">
        <ele>153.136345</ele>
        <time>2026-07-22T23:27:13.305Z</time>
      </trkpt>
      <trkpt lat="50.787157" lon="5.993867">
        <ele>152.272894</ele>
        <time>2026-07-22T23:27:17.870Z</time>
      </trkpt>
      <trkpt lat="50.786832" lon="5.995590">
        <ele>148.846765</ele>
        <time>2026-07-22T23:27:31.793Z</time>
      </trkpt>
      <trkpt lat="50.786800" lon="5.996029">
        <ele>147.995035</ele>
        <time>2026-07-22T23:27:34.674Z</time>
      </trkpt>
      <trkpt lat="50.786806" lon="5.996226">
        <ele>147.614899</ele>
        <time>2026-07-22T23:27:35.960Z</time>
      </trkpt>
      <trkpt lat="50.786805" lon="5.996680">
        <ele>146.739859</ele>
        <time>2026-07-22T23:27:39.250Z</time>
      </trkpt>
      <trkpt lat="50.786760" lon="5.996938">
        <ele>146.595996</ele>
        <time>2026-07-22T23:27:41.288Z</time>
      </trkpt>
      <trkpt lat="50.786779" lon="5.997057">
        <ele>146.687786</ele>
        <time>2026-07-22T23:27:41.944Z</time>
      </trkpt>
      <trkpt lat="50.786786" lon="5.997118">
        <ele>146.734152</ele>
        <time>2026-07-22T23:27:42.439Z</time>
      </trkpt>
      <trkpt lat="50.786802" lon="5.997257">
        <ele>146.839814</ele>
        <time>2026-07-22T23:27:43.273Z</time>
      </trkpt>
      <trkpt lat="50.786853" lon="5.997417">
        <ele>146.973822</ele>
        <time>2026-07-22T23:27:44.538Z</time>
      </trkpt>
      <trkpt lat="50.787155" lon="5.998062">
        <ele>147.574081</ele>
        <time>2026-07-22T23:27:51.614Z</time>
      </trkpt>
      <trkpt lat="50.787243" lon="5.997894">
        <ele>147.737244</ele>
        <time>2026-07-22T23:27:53.130Z</time>
      </trkpt>
      <trkpt lat="50.787450" lon="5.997556">
        <ele>148.089178</ele>
        <time>2026-07-22T23:27:57.931Z</time>
      </trkpt>
      <trkpt lat="50.787778" lon="5.997332">
        <ele>148.511803</ele>
        <time>2026-07-22T23:28:09.574Z</time>
      </trkpt>
      <trkpt lat="50.787863" lon="5.997353">
        <ele>148.613572</ele>
        <time>2026-07-22T23:28:12.606Z</time>
      </trkpt>
      <trkpt lat="50.788196" lon="5.997593">
        <ele>148.314405</ele>
        <time>2026-07-22T23:28:26.932Z</time>
      </trkpt>
      <trkpt lat="50.788296" lon="5.997604">
        <ele>148.229571</ele>
        <time>2026-07-22T23:28:29.213Z</time>
      </trkpt>
      <trkpt lat="50.788358" lon="5.997516">
        <ele>148.159074</ele>
        <time>2026-07-22T23:28:29.986Z</time>
      </trkpt>
      <trkpt lat="50.788543" lon="5.996458">
        <ele>147.571772</ele>
        <time>2026-07-22T23:28:35.135Z</time>
      </trkpt>
      <trkpt lat="50.788587" lon="5.996373">
        <ele>147.512995</ele>
        <time>2026-07-22T23:28:35.659Z</time>
      </trkpt>
      <trkpt lat="50.788649" lon="5.996314">
        <ele>147.451762</ele>
        <time>2026-07-22T23:28:36.223Z</time>
      </trkpt>
      <trkpt lat="50.788771" lon="5.996273">
        <ele>147.346209</ele>
        <time>2026-07-22T23:28:37.249Z</time>
      </trkpt>
      <trkpt lat="50.789220" lon="5.996257">
        <ele>147.018389</ele>
        <time>2026-07-22T23:28:41.588Z</time>
      </trkpt>
      <trkpt lat="50.789536" lon="5.996247">
        <ele>146.857299</ele>
        <time>2026-07-22T23:28:44.427Z</time>
      </trkpt>
      <trkpt lat="50.790260" lon="5.996206">
        <ele>146.488059</ele>
        <time>2026-07-22T23:28:52.747Z</time>
      </trkpt>
      <trkpt lat="50.790762" lon="5.995580">
        <ele>146.414940</ele>
        <time>2026-07-22T23:28:58.394Z</time>
      </trkpt>
      <trkpt lat="50.790951" lon="5.995482">
        <ele>147.695536</ele>
        <time>2026-07-22T23:29:01.527Z</time>
      </trkpt>
      <trkpt lat="50.791726" lon="5.995361">
        <ele>152.709678</ele>
        <time>2026-07-22T23:29:28.774Z</time>
      </trkpt>
      <trkpt lat="50.792349" lon="5.995430">
        <ele>156.730730</ele>
        <time>2026-07-22T23:29:55.142Z</time>
      </trkpt>
      <trkpt lat="50.792420" lon="5.995413">
        <ele>157.193075</ele>
        <time>2026-07-22T23:29:57.892Z</time>
      </trkpt>
      <trkpt lat="50.792589" lon="5.995360">
        <ele>158.553477</ele>
        <time>2026-07-22T23:30:04.423Z</time>
      </trkpt>
      <trkpt lat="50.792808" lon="5.995295">
        <ele>160.654185</ele>
        <time>2026-07-22T23:30:13.699Z</time>
      </trkpt>
      <trkpt lat="50.794159" lon="5.995273">
        <ele>173.391790</ele>
        <time>2026-07-22T23:31:06.511Z</time>
      </trkpt>
      <trkpt lat="50.795049" lon="5.995415">
        <ele>182.619865</ele>
        <time>2026-07-22T23:31:56.563Z</time>
      </trkpt>
      <trkpt lat="50.795266" lon="5.995332">
        <ele>184.960037</ele>
        <time>2026-07-22T23:32:04.885Z</time>
      </trkpt>
      <trkpt lat="50.795308" lon="5.995303">
        <ele>185.440393</ele>
        <time>2026-07-22T23:32:06.258Z</time>
      </trkpt>
      <trkpt lat="50.795527" lon="5.995148">
        <ele>187.955246</ele>
        <time>2026-07-22T23:32:14.697Z</time>
      </trkpt>
      <trkpt lat="50.795635" lon="5.995071">
        <ele>189.196971</ele>
        <time>2026-07-22T23:32:22.279Z</time>
      </trkpt>
      <trkpt lat="50.795773" lon="5.995048">
        <ele>190.651519</ele>
        <time>2026-07-22T23:32:31.840Z</time>
      </trkpt>
      <trkpt lat="50.795870" lon="5.995062">
        <ele>191.672514</ele>
        <time>2026-07-22T23:32:36.988Z</time>
      </trkpt>
      <trkpt lat="50.796608" lon="5.995403">
        <ele>196.109040</ele>
        <time>2026-07-22T23:33:01.478Z</time>
      </trkpt>
      <trkpt lat="50.797212" lon="5.995892">
        <ele>199.038103</ele>
        <time>2026-07-22T23:33:16.479Z</time>
      </trkpt>
      <trkpt lat="50.797425" lon="5.996118">
        <ele>200.145270</ele>
        <time>2026-07-22T23:33:22.435Z</time>
      </trkpt>
      <trkpt lat="50.797487" lon="5.996244">
        <ele>200.580981</ele>
        <time>2026-07-22T23:33:25.084Z</time>
      </trkpt>
      <trkpt lat="50.797681" lon="5.996872">
        <ele>200.709372</ele>
        <time>2026-07-22T23:33:35.512Z</time>
      </trkpt>
      <trkpt lat="50.798047" lon="5.996318">
        <ele>199.516546</ele>
        <time>2026-07-22T23:33:39.159Z</time>
      </trkpt>
      <trkpt lat="50.798140" lon="5.996219">
        <ele>199.252580</ele>
        <time>2026-07-22T23:33:39.984Z</time>
      </trkpt>
      <trkpt lat="50.798301" lon="5.996115">
        <ele>198.843056</ele>
        <time>2026-07-22T23:33:41.305Z</time>
      </trkpt>
      <trkpt lat="50.798436" lon="5.996098">
        <ele>198.524137</ele>
        <time>2026-07-22T23:33:42.545Z</time>
      </trkpt>
      <trkpt lat="50.798508" lon="5.996104">
        <ele>198.354347</ele>
        <time>2026-07-22T23:33:43.548Z</time>
      </trkpt>
      <trkpt lat="50.798764" lon="5.996128">
        <ele>197.750431</ele>
        <time>2026-07-22T23:33:47.520Z</time>
      </trkpt>
      <trkpt lat="50.798740" lon="5.996015">
        <ele>197.572998</ele>
        <time>2026-07-22T23:33:48.163Z</time>
      </trkpt>
      <trkpt lat="50.798437" lon="5.995587">
        <ele>195.786313</ele>
        <time>2026-07-22T23:33:51.230Z</time>
      </trkpt>
      <trkpt lat="50.798195" lon="5.995309">
        <ele>193.876927</ele>
        <time>2026-07-22T23:33:53.944Z</time>
      </trkpt>
      <trkpt lat="50.798091" lon="5.995174">
        <ele>193.018046</ele>
        <time>2026-07-22T23:33:54.958Z</time>
      </trkpt>
      <trkpt lat="50.798016" lon="5.995007">
        <ele>192.191336</ele>
        <time>2026-07-22T23:33:55.898Z</time>
      </trkpt>
      <trkpt lat="50.797809" lon="5.994383">
        <ele>189.347484</ele>
        <time>2026-07-22T23:33:59.039Z</time>
      </trkpt>
      <trkpt lat="50.797545" lon="5.993726">
        <ele>186.205777</ele>
        <time>2026-07-22T23:34:02.482Z</time>
      </trkpt>
      <trkpt lat="50.797154" lon="5.992636">
        <ele>179.071351</ele>
        <time>2026-07-22T23:34:07.993Z</time>
      </trkpt>
      <trkpt lat="50.796791" lon="5.991523">
        <ele>171.668932</ele>
        <time>2026-07-22T23:34:13.366Z</time>
      </trkpt>
      <trkpt lat="50.796735" lon="5.991333">
        <ele>170.429858</ele>
        <time>2026-07-22T23:34:14.312Z</time>
      </trkpt>
      <trkpt lat="50.796547" lon="5.990987">
        <ele>168.443010</ele>
        <time>2026-07-22T23:34:16.347Z</time>
      </trkpt>
      <trkpt lat="50.796424" lon="5.990779">
        <ele>167.880658</ele>
        <time>2026-07-22T23:34:17.654Z</time>
      </trkpt>
      <trkpt lat="50.796292" lon="5.990193">
        <ele>166.652443</ele>
        <time>2026-07-22T23:34:20.908Z</time>
      </trkpt>
      <trkpt lat="50.796226" lon="5.989102">
        <ele>164.488629</ele>
        <time>2026-07-22T23:34:27.516Z</time>
      </trkpt>
      <trkpt lat="50.796196" lon="5.987702">
        <ele>162.188569</ele>
        <time>2026-07-22T23:34:35.833Z</time>
      </trkpt>
      <trkpt lat="50.796135" lon="5.986879">
        <ele>161.074977</ele>
        <time>2026-07-22T23:34:40.397Z</time>
      </trkpt>
      <trkpt lat="50.796169" lon="5.986294">
        <ele>160.285489</ele>
        <time>2026-07-22T23:34:43.611Z</time>
      </trkpt>
      <trkpt lat="50.796372" lon="5.985207">
        <ele>158.007605</ele>
        <time>2026-07-22T23:34:49.716Z</time>
      </trkpt>
      <trkpt lat="50.797963" lon="5.977942">
        <ele>133.979872</ele>
        <time>2026-07-22T23:35:26.217Z</time>
      </trkpt>
      <trkpt lat="50.798018" lon="5.977521">
        <ele>132.611591</ele>
        <time>2026-07-22T23:35:28.197Z</time>
      </trkpt>
      <trkpt lat="50.798025" lon="5.976794">
        <ele>131.581061</ele>
        <time>2026-07-22T23:35:31.596Z</time>
      </trkpt>
      <trkpt lat="50.798046" lon="5.975236">
        <ele>129.372337</ele>
        <time>2026-07-22T23:35:40.596Z</time>
      </trkpt>
      <trkpt lat="50.798065" lon="5.975091">
        <ele>129.162452</ele>
        <time>2026-07-22T23:35:41.461Z</time>
      </trkpt>
      <trkpt lat="50.798237" lon="5.975037">
        <ele>128.769233</ele>
        <time>2026-07-22T23:35:43.123Z</time>
      </trkpt>
      <trkpt lat="50.798152" lon="5.974936">
        <ele>128.751513</ele>
        <time>2026-07-22T23:35:46.323Z</time>
      </trkpt>
      <trkpt lat="50.798061" lon="5.974344">
        <ele>130.224059</ele>
        <time>2026-07-22T23:36:12.222Z</time>
      </trkpt>
      <trkpt lat="50.798016" lon="5.974287">
        <ele>130.444492</ele>
        <time>2026-07-22T23:36:13.523Z</time>
      </trkpt>
      <trkpt lat="50.798014" lon="5.974284">
        <ele>130.455031</ele>
        <time>2026-07-22T23:36:13.623Z</time>
      </trkpt>
      <trkpt lat="50.797931" lon="5.974193">
        <ele>130.841180</ele>
        <time>2026-07-22T23:36:16.233Z</time>
      </trkpt>
      <trkpt lat="50.797830" lon="5.974019">
        <ele>131.412171</ele>
        <time>2026-07-22T23:36:21.818Z</time>
      </trkpt>
      <trkpt lat="50.797674" lon="5.973664">
        <ele>132.457192</ele>
        <time>2026-07-22T23:36:32.516Z</time>
      </trkpt>
      <trkpt lat="50.797533" lon="5.973361">
        <ele>133.366612</ele>
        <time>2026-07-22T23:36:38.597Z</time>
      </trkpt>
      <trkpt lat="50.797570" lon="5.973110">
        <ele>133.989556</ele>
        <time>2026-07-22T23:36:42.253Z</time>
      </trkpt>
      <trkpt lat="50.797668" lon="5.972901">
        <ele>134.618534</ele>
        <time>2026-07-22T23:36:46.222Z</time>
      </trkpt>
      <trkpt lat="50.797654" lon="5.972756">
        <ele>134.973061</ele>
        <time>2026-07-22T23:36:48.635Z</time>
      </trkpt>
      <trkpt lat="50.797620" lon="5.972693">
        <ele>135.173286</ele>
        <time>2026-07-22T23:36:50.211Z</time>
      </trkpt>
      <trkpt lat="50.797616" lon="5.972685">
        <ele>135.197940</ele>
        <time>2026-07-22T23:36:50.383Z</time>
      </trkpt>
      <trkpt lat="50.797611" lon="5.972673">
        <ele>135.232679</ele>
        <time>2026-07-22T23:36:50.657Z</time>
      </trkpt>
      <trkpt lat="50.797537" lon="5.972791">
        <ele>135.609068</ele>
        <time>2026-07-22T23:36:53.703Z</time>
      </trkpt>
      <trkpt lat="50.797488" lon="5.972681">
        <ele>135.877037</ele>
        <time>2026-07-22T23:36:56.712Z</time>
      </trkpt>
      <trkpt lat="50.797478" lon="5.972659">
        <ele>135.930996</ele>
        <time>2026-07-22T23:36:57.388Z</time>
      </trkpt>
      <trkpt lat="50.797470" lon="5.972641">
        <ele>135.974813</ele>
        <time>2026-07-22T23:36:57.949Z</time>
      </trkpt>
      <trkpt lat="50.797455" lon="5.972607">
        <ele>136.057376</ele>
        <time>2026-07-22T23:36:58.985Z</time>
      </trkpt>
      <trkpt lat="50.797446" lon="5.972586">
        <ele>136.107899</ele>
        <time>2026-07-22T23:36:59.588Z</time>
      </trkpt>
      <trkpt lat="50.797436" lon="5.972563">
        <ele>136.163487</ele>
        <time>2026-07-22T23:37:00.250Z</time>
      </trkpt>
      <trkpt lat="50.797421" lon="5.972527">
        <ele>136.249347</ele>
        <time>2026-07-22T23:37:01.283Z</time>
      </trkpt>
      <trkpt lat="50.797318" lon="5.972593">
        <ele>136.599442</ele>
        <time>2026-07-22T23:37:04.829Z</time>
      </trkpt>
      <trkpt lat="50.797047" lon="5.972488">
        <ele>137.478429</ele>
        <time>2026-07-22T23:37:11.255Z</time>
      </trkpt>
      <trkpt lat="50.797009" lon="5.972517">
        <ele>137.611344</ele>
        <time>2026-07-22T23:37:11.774Z</time>
      </trkpt>
      <trkpt lat="50.796997" lon="5.972542">
        <ele>137.673854</ele>
        <time>2026-07-22T23:37:11.996Z</time>
      </trkpt>
      <trkpt lat="50.796987" lon="5.972562">
        <ele>137.724633</ele>
        <time>2026-07-22T23:37:12.176Z</time>
      </trkpt>
      <trkpt lat="50.796970" lon="5.972596">
        <ele>137.810959</ele>
        <time>2026-07-22T23:37:12.466Z</time>
      </trkpt>
      <trkpt lat="50.796959" lon="5.972619">
        <ele>137.868391</ele>
        <time>2026-07-22T23:37:12.667Z</time>
      </trkpt>
      <trkpt lat="50.796946" lon="5.972645">
        <ele>137.934405</ele>
        <time>2026-07-22T23:37:12.893Z</time>
      </trkpt>
      <trkpt lat="50.796911" lon="5.972722">
        <ele>138.123264</ele>
        <time>2026-07-22T23:37:13.613Z</time>
      </trkpt>
      <trkpt lat="50.796901" lon="5.972711">
        <ele>138.161634</ele>
        <time>2026-07-22T23:37:13.782Z</time>
      </trkpt>
      <trkpt lat="50.796601" lon="5.972324">
        <ele>139.381108</ele>
        <time>2026-07-22T23:37:23.642Z</time>
      </trkpt>
      <trkpt lat="50.796256" lon="5.971915">
        <ele>140.739283</ele>
        <time>2026-07-22T23:37:32.877Z</time>
      </trkpt>
      <trkpt lat="50.796003" lon="5.971539">
        <ele>142.137164</ele>
        <time>2026-07-22T23:37:41.743Z</time>
      </trkpt>
      <trkpt lat="50.795933" lon="5.971391">
        <ele>142.670948</ele>
        <time>2026-07-22T23:37:44.975Z</time>
      </trkpt>
      <trkpt lat="50.795837" lon="5.971056">
        <ele>143.733107</ele>
        <time>2026-07-22T23:37:51.544Z</time>
      </trkpt>
      <trkpt lat="50.795691" lon="5.970214">
        <ele>146.254392</ele>
        <time>2026-07-22T23:38:07.148Z</time>
      </trkpt>
      <trkpt lat="50.795605" lon="5.969943">
        <ele>147.130056</ele>
        <time>2026-07-22T23:38:12.567Z</time>
      </trkpt>
      <trkpt lat="50.795443" lon="5.969583">
        <ele>148.406178</ele>
        <time>2026-07-22T23:38:19.866Z</time>
      </trkpt>
      <trkpt lat="50.794098" lon="5.967593">
        <ele>156.038656</ele>
        <time>2026-07-22T23:39:05.541Z</time>
      </trkpt>
      <trkpt lat="50.793248" lon="5.966486">
        <ele>161.522575</ele>
        <time>2026-07-22T23:39:33.169Z</time>
      </trkpt>
      <trkpt lat="50.792871" lon="5.965916">
        <ele>164.204363</ele>
        <time>2026-07-22T23:39:48.613Z</time>
      </trkpt>
      <trkpt lat="50.792394" lon="5.965056">
        <ele>168.088795</ele>
        <time>2026-07-22T23:40:13.006Z</time>
      </trkpt>
      <trkpt lat="50.792206" lon="5.964642">
        <ele>169.886652</ele>
        <time>2026-07-22T23:40:24.171Z</time>
      </trkpt>
      <trkpt lat="50.792179" lon="5.964528">
        <ele>170.316017</ele>
        <time>2026-07-22T23:40:27.131Z</time>
      </trkpt>
      <trkpt lat="50.792181" lon="5.964378">
        <ele>170.845176</ele>
        <time>2026-07-22T23:40:30.699Z</time>
      </trkpt>
      <trkpt lat="50.792038" lon="5.963931">
        <ele>172.612113</ele>
        <time>2026-07-22T23:40:40.956Z</time>
      </trkpt>
      <trkpt lat="50.791878" lon="5.963516">
        <ele>174.326553</ele>
        <time>2026-07-22T23:40:51.113Z</time>
      </trkpt>
      <trkpt lat="50.791414" lon="5.962701">
        <ele>175.559870</ele>
        <time>2026-07-22T23:41:03.644Z</time>
      </trkpt>
      <trkpt lat="50.791323" lon="5.962552">
        <ele>175.407506</ele>
        <time>2026-07-22T23:41:04.858Z</time>
      </trkpt>
      <trkpt lat="50.791364" lon="5.962486">
        <ele>175.339454</ele>
        <time>2026-07-22T23:41:05.358Z</time>
      </trkpt>
      <trkpt lat="50.791464" lon="5.962344">
        <ele>175.183123</ele>
        <time>2026-07-22T23:41:06.519Z</time>
      </trkpt>
      <trkpt lat="50.792084" lon="5.961628">
        <ele>174.290088</ele>
        <time>2026-07-22T23:41:12.815Z</time>
      </trkpt>
      <trkpt lat="50.792203" lon="5.961490">
        <ele>174.118434</ele>
        <time>2026-07-22T23:41:13.905Z</time>
      </trkpt>
      <trkpt lat="50.792368" lon="5.961296">
        <ele>173.838795</ele>
        <time>2026-07-22T23:41:15.473Z</time>
      </trkpt>
      <trkpt lat="50.793242" lon="5.960221">
        <ele>171.332276</ele>
        <time>2026-07-22T23:41:30.282Z</time>
      </trkpt>
      <trkpt lat="50.793462" lon="5.959950">
        <ele>170.700991</ele>
        <time>2026-07-22T23:41:32.437Z</time>
      </trkpt>
      <trkpt lat="50.793844" lon="5.959481">
        <ele>169.757687</ele>
        <time>2026-07-22T23:41:35.921Z</time>
      </trkpt>
      <trkpt lat="50.794430" lon="5.958743">
        <ele>169.116398</ele>
        <time>2026-07-22T23:41:41.905Z</time>
      </trkpt>
      <trkpt lat="50.794593" lon="5.958511">
        <ele>168.928672</ele>
        <time>2026-07-22T23:41:45.374Z</time>
      </trkpt>
      <trkpt lat="50.794958" lon="5.957851">
        <ele>168.454074</ele>
        <time>2026-07-22T23:41:58.893Z</time>
      </trkpt>
      <trkpt lat="50.795626" lon="5.956577">
        <ele>169.597606</ele>
        <time>2026-07-22T23:42:14.051Z</time>
      </trkpt>
      <trkpt lat="50.795878" lon="5.956137">
        <ele>170.148187</ele>
        <time>2026-07-22T23:42:20.002Z</time>
      </trkpt>
      <trkpt lat="50.796329" lon="5.955452">
        <ele>170.962327</ele>
        <time>2026-07-22T23:42:31.716Z</time>
      </trkpt>
      <trkpt lat="50.796483" lon="5.955225">
        <ele>170.998897</ele>
        <time>2026-07-22T23:42:35.694Z</time>
      </trkpt>
      <trkpt lat="50.796530" lon="5.955156">
        <ele>171.010037</ele>
        <time>2026-07-22T23:42:36.796Z</time>
      </trkpt>
      <trkpt lat="50.796956" lon="5.954442">
        <ele>171.117864</ele>
        <time>2026-07-22T23:42:44.328Z</time>
      </trkpt>
      <trkpt lat="50.797116" lon="5.954114">
        <ele>171.163364</ele>
        <time>2026-07-22T23:42:46.833Z</time>
      </trkpt>
      <trkpt lat="50.797284" lon="5.953689">
        <ele>171.218412</ele>
        <time>2026-07-22T23:42:49.579Z</time>
      </trkpt>
      <trkpt lat="50.797374" lon="5.953428">
        <ele>171.251062</ele>
        <time>2026-07-22T23:42:51.389Z</time>
      </trkpt>
      <trkpt lat="50.797439" lon="5.953223">
        <ele>171.164605</ele>
        <time>2026-07-22T23:42:53.250Z</time>
      </trkpt>
      <trkpt lat="50.797571" lon="5.952723">
        <ele>170.788773</ele>
        <time>2026-07-22T23:42:58.948Z</time>
      </trkpt>
      <trkpt lat="50.797683" lon="5.952140">
        <ele>170.366144</ele>
        <time>2026-07-22T23:43:05.080Z</time>
      </trkpt>
      <trkpt lat="50.797925" lon="5.950488">
        <ele>168.931486</ele>
        <time>2026-07-22T23:43:14.400Z</time>
      </trkpt>
      <trkpt lat="50.798265" lon="5.948739">
        <ele>164.290299</ele>
        <time>2026-07-22T23:43:23.487Z</time>
      </trkpt>
      <trkpt lat="50.798467" lon="5.947278">
        <ele>159.709824</ele>
        <time>2026-07-22T23:43:30.600Z</time>
      </trkpt>
      <trkpt lat="50.798561" lon="5.946133">
        <ele>155.315150</ele>
        <time>2026-07-22T23:43:35.944Z</time>
      </trkpt>
      <trkpt lat="50.798599" lon="5.945638">
        <ele>153.417252</ele>
        <time>2026-07-22T23:43:38.219Z</time>
      </trkpt>
      <trkpt lat="50.798617" lon="5.945480">
        <ele>152.806187</ele>
        <time>2026-07-22T23:43:38.954Z</time>
      </trkpt>
      <trkpt lat="50.798961" lon="5.943780">
        <ele>146.486732</ele>
        <time>2026-07-22T23:43:47.147Z</time>
      </trkpt>
      <trkpt lat="50.798999" lon="5.943416">
        <ele>145.210031</ele>
        <time>2026-07-22T23:43:48.860Z</time>
      </trkpt>
      <trkpt lat="50.798988" lon="5.943033">
        <ele>143.883280</ele>
        <time>2026-07-22T23:43:50.821Z</time>
      </trkpt>
      <trkpt lat="50.798935" lon="5.942638">
        <ele>142.485907</ele>
        <time>2026-07-22T23:43:52.820Z</time>
      </trkpt>
      <trkpt lat="50.798882" lon="5.942322">
        <ele>141.362155</ele>
        <time>2026-07-22T23:43:54.392Z</time>
      </trkpt>
      <trkpt lat="50.798748" lon="5.941471">
        <ele>138.974270</ele>
        <time>2026-07-22T23:43:58.628Z</time>
      </trkpt>
      <trkpt lat="50.798707" lon="5.941007">
        <ele>137.698624</ele>
        <time>2026-07-22T23:44:00.868Z</time>
      </trkpt>
      <trkpt lat="50.798691" lon="5.940418">
        <ele>136.093439</ele>
        <time>2026-07-22T23:44:03.695Z</time>
      </trkpt>
      <trkpt lat="50.798713" lon="5.939884">
        <ele>134.636400</ele>
        <time>2026-07-22T23:44:06.470Z</time>
      </trkpt>
      <trkpt lat="50.798816" lon="5.938668">
        <ele>131.907078</ele>
        <time>2026-07-22T23:44:12.508Z</time>
      </trkpt>
      <trkpt lat="50.798809" lon="5.938119">
        <ele>130.801448</ele>
        <time>2026-07-22T23:44:15.162Z</time>
      </trkpt>
      <trkpt lat="50.798645" lon="5.936778">
        <ele>128.051277</ele>
        <time>2026-07-22T23:44:22.381Z</time>
      </trkpt>
      <trkpt lat="50.798631" lon="5.936678">
        <ele>127.879328</ele>
        <time>2026-07-22T23:44:23.015Z</time>
      </trkpt>
      <trkpt lat="50.798613" lon="5.936388">
        <ele>127.592379</ele>
        <time>2026-07-22T23:44:24.968Z</time>
      </trkpt>
      <trkpt lat="50.798557" lon="5.936179">
        <ele>127.368838</ele>
        <time>2026-07-22T23:44:26.319Z</time>
      </trkpt>
      <trkpt lat="50.798405" lon="5.935423">
        <ele>126.587611</ele>
        <time>2026-07-22T23:44:31.193Z</time>
      </trkpt>
      <trkpt lat="50.797917" lon="5.933451">
        <ele>124.211951</ele>
        <time>2026-07-22T23:44:43.355Z</time>
      </trkpt>
      <trkpt lat="50.797786" lon="5.932639">
        <ele>122.992595</ele>
        <time>2026-07-22T23:44:47.927Z</time>
      </trkpt>
      <trkpt lat="50.797722" lon="5.931982">
        <ele>122.025358</ele>
        <time>2026-07-22T23:44:51.580Z</time>
      </trkpt>
      <trkpt lat="50.797643" lon="5.931214">
        <ele>120.888632</ele>
        <time>2026-07-22T23:44:55.527Z</time>
      </trkpt>
      <trkpt lat="50.797512" lon="5.930279">
        <ele>119.411567</ele>
        <time>2026-07-22T23:45:00.479Z</time>
      </trkpt>
      <trkpt lat="50.797502" lon="5.930217">
        <ele>119.312880</ele>
        <time>2026-07-22T23:45:00.839Z</time>
      </trkpt>
      <trkpt lat="50.797464" lon="5.929991">
        <ele>118.952194</ele>
        <time>2026-07-22T23:45:02.236Z</time>
      </trkpt>
      <trkpt lat="50.797437" lon="5.929829">
        <ele>118.693799</ele>
        <time>2026-07-22T23:45:03.271Z</time>
      </trkpt>
      <trkpt lat="50.797428" lon="5.929777">
        <ele>118.610646</ele>
        <time>2026-07-22T23:45:03.606Z</time>
      </trkpt>
      <trkpt lat="50.797412" lon="5.929688">
        <ele>118.467935</ele>
        <time>2026-07-22T23:45:04.194Z</time>
      </trkpt>
      <trkpt lat="50.797403" lon="5.929644">
        <ele>118.396609</ele>
        <time>2026-07-22T23:45:04.494Z</time>
      </trkpt>
      <trkpt lat="50.797413" lon="5.929550">
        <ele>118.249592</ele>
        <time>2026-07-22T23:45:05.122Z</time>
      </trkpt>
      <trkpt lat="50.797391" lon="5.929436">
        <ele>118.065755</ele>
        <time>2026-07-22T23:45:05.914Z</time>
      </trkpt>
      <trkpt lat="50.797348" lon="5.929368">
        <ele>117.917402</ele>
        <time>2026-07-22T23:45:06.547Z</time>
      </trkpt>
      <trkpt lat="50.797288" lon="5.929073">
        <ele>117.439442</ele>
        <time>2026-07-22T23:45:08.421Z</time>
      </trkpt>
      <trkpt lat="50.797224" lon="5.928755">
        <ele>116.924721</ele>
        <time>2026-07-22T23:45:10.111Z</time>
      </trkpt>
      <trkpt lat="50.797168" lon="5.928484">
        <ele>116.565766</ele>
        <time>2026-07-22T23:45:11.475Z</time>
      </trkpt>
      <trkpt lat="50.797156" lon="5.928433">
        <ele>116.552919</ele>
        <time>2026-07-22T23:45:11.738Z</time>
      </trkpt>
      <trkpt lat="50.796980" lon="5.927561">
        <ele>116.336817</ele>
        <time>2026-07-22T23:45:16.372Z</time>
      </trkpt>
      <trkpt lat="50.796975" lon="5.927530">
        <ele>116.329264</ele>
        <time>2026-07-22T23:45:16.528Z</time>
      </trkpt>
      <trkpt lat="50.796963" lon="5.927384">
        <ele>116.294507</ele>
        <time>2026-07-22T23:45:17.243Z</time>
      </trkpt>
      <trkpt lat="50.796984" lon="5.927215">
        <ele>116.253846</ele>
        <time>2026-07-22T23:45:18.138Z</time>
      </trkpt>
      <trkpt lat="50.797096" lon="5.927261">
        <ele>116.210627</ele>
        <time>2026-07-22T23:45:19.560Z</time>
      </trkpt>
      <trkpt lat="50.797186" lon="5.927299">
        <ele>116.175835</ele>
        <time>2026-07-22T23:45:21.304Z</time>
      </trkpt>
      <trkpt lat="50.797770" lon="5.927765">
        <ele>115.931539</ele>
        <time>2026-07-22T23:45:35.665Z</time>
      </trkpt>
      <trkpt lat="50.798097" lon="5.927929">
        <ele>116.557891</ele>
        <time>2026-07-22T23:45:42.588Z</time>
      </trkpt>
      <trkpt lat="50.798311" lon="5.927989">
        <ele>117.059128</ele>
        <time>2026-07-22T23:45:46.827Z</time>
      </trkpt>
      <trkpt lat="50.799106" lon="5.928109">
        <ele>118.900957</ele>
        <time>2026-07-22T23:46:01.315Z</time>
      </trkpt>
      <trkpt lat="50.799377" lon="5.928205">
        <ele>119.541436</ele>
        <time>2026-07-22T23:46:06.680Z</time>
      </trkpt>
      <trkpt lat="50.799664" lon="5.928309">
        <ele>120.135776</ele>
        <time>2026-07-22T23:46:13.252Z</time>
      </trkpt>
      <trkpt lat="50.799963" lon="5.928354">
        <ele>120.470069</ele>
        <time>2026-07-22T23:46:18.869Z</time>
      </trkpt>
      <trkpt lat="50.799998" lon="5.928353">
        <ele>120.509030</ele>
        <time>2026-07-22T23:46:19.432Z</time>
      </trkpt>
      <trkpt lat="50.800174" lon="5.928351">
        <ele>120.704925</ele>
        <time>2026-07-22T23:46:22.115Z</time>
      </trkpt>
      <trkpt lat="50.800285" lon="5.928391">
        <ele>120.831633</ele>
        <time>2026-07-22T23:46:24.533Z</time>
      </trkpt>
      <trkpt lat="50.800476" lon="5.928503">
        <ele>121.058348</ele>
        <time>2026-07-22T23:46:29.246Z</time>
      </trkpt>
      <trkpt lat="50.800594" lon="5.928773">
        <ele>121.289265</ele>
        <time>2026-07-22T23:46:34.502Z</time>
      </trkpt>
      <trkpt lat="50.800704" lon="5.928854">
        <ele>121.424305</ele>
        <time>2026-07-22T23:46:37.249Z</time>
      </trkpt>
      <trkpt lat="50.800908" lon="5.928990">
        <ele>121.670691</ele>
        <time>2026-07-22T23:46:40.618Z</time>
      </trkpt>
      <trkpt lat="50.800973" lon="5.929054">
        <ele>121.755901</ele>
        <time>2026-07-22T23:46:41.668Z</time>
      </trkpt>
      <trkpt lat="50.801181" lon="5.929196">
        <ele>122.008037</ele>
        <time>2026-07-22T23:46:44.508Z</time>
      </trkpt>
      <trkpt lat="50.801237" lon="5.929187">
        <ele>122.049564</ele>
        <time>2026-07-22T23:46:45.274Z</time>
      </trkpt>
      <trkpt lat="50.801354" lon="5.929277">
        <ele>121.939668</ele>
        <time>2026-07-22T23:46:46.779Z</time>
      </trkpt>
      <trkpt lat="50.802444" lon="5.930203">
        <ele>120.894579</ele>
        <time>2026-07-22T23:46:58.212Z</time>
      </trkpt>
      <trkpt lat="50.803205" lon="5.930917">
        <ele>121.368333</ele>
        <time>2026-07-22T23:47:08.956Z</time>
      </trkpt>
      <trkpt lat="50.803903" lon="5.931717">
        <ele>122.907788</ele>
        <time>2026-07-22T23:47:26.733Z</time>
      </trkpt>
      <trkpt lat="50.804377" lon="5.932105">
        <ele>123.872128</ele>
        <time>2026-07-22T23:47:37.381Z</time>
      </trkpt>
      <trkpt lat="50.804687" lon="5.932372">
        <ele>124.566813</ele>
        <time>2026-07-22T23:47:43.563Z</time>
      </trkpt>
      <trkpt lat="50.804880" lon="5.932649">
        <ele>125.079664</ele>
        <time>2026-07-22T23:47:48.170Z</time>
      </trkpt>
      <trkpt lat="50.805112" lon="5.933131">
        <ele>125.833294</ele>
        <time>2026-07-22T23:47:55.284Z</time>
      </trkpt>
      <trkpt lat="50.805328" lon="5.933754">
        <ele>126.717172</ele>
        <time>2026-07-22T23:48:04.498Z</time>
      </trkpt>
      <trkpt lat="50.805420" lon="5.933877">
        <ele>126.954229</ele>
        <time>2026-07-22T23:48:07.168Z</time>
      </trkpt>
      <trkpt lat="50.805516" lon="5.933947">
        <ele>127.162276</ele>
        <time>2026-07-22T23:48:09.405Z</time>
      </trkpt>
      <trkpt lat="50.806200" lon="5.934059">
        <ele>126.084335</ele>
        <time>2026-07-22T23:48:17.819Z</time>
      </trkpt>
      <trkpt lat="50.806635" lon="5.934218">
        <ele>125.216922</ele>
        <time>2026-07-22T23:48:21.529Z</time>
      </trkpt>
      <trkpt lat="50.806930" lon="5.934457">
        <ele>124.573017</ele>
        <time>2026-07-22T23:48:24.136Z</time>
      </trkpt>
      <trkpt lat="50.807436" lon="5.935019">
        <ele>123.033615</ele>
        <time>2026-07-22T23:48:28.997Z</time>
      </trkpt>
      <trkpt lat="50.807833" lon="5.935348">
        <ele>121.470881</ele>
        <time>2026-07-22T23:48:32.415Z</time>
      </trkpt>
      <trkpt lat="50.807956" lon="5.935484">
        <ele>120.947638</ele>
        <time>2026-07-22T23:48:33.557Z</time>
      </trkpt>
      <trkpt lat="50.808288" lon="5.935967">
        <ele>119.375019</ele>
        <time>2026-07-22T23:48:37.172Z</time>
      </trkpt>
      <trkpt lat="50.808604" lon="5.936297">
        <ele>118.054776</ele>
        <time>2026-07-22T23:48:41.111Z</time>
      </trkpt>
      <trkpt lat="50.809216" lon="5.936902">
        <ele>116.391238</ele>
        <time>2026-07-22T23:48:46.751Z</time>
      </trkpt>
      <trkpt lat="50.809307" lon="5.936959">
        <ele>116.196423</ele>
        <time>2026-07-22T23:48:47.573Z</time>
      </trkpt>
      <trkpt lat="50.809368" lon="5.936979">
        <ele>116.072420</ele>
        <time>2026-07-22T23:48:48.157Z</time>
      </trkpt>
      <trkpt lat="50.809446" lon="5.936997">
        <ele>115.915514</ele>
        <time>2026-07-22T23:48:48.935Z</time>
      </trkpt>
      <trkpt lat="50.809490" lon="5.937004">
        <ele>115.827487</ele>
        <time>2026-07-22T23:48:49.375Z</time>
      </trkpt>
      <trkpt lat="50.809547" lon="5.937012">
        <ele>115.713580</ele>
        <time>2026-07-22T23:48:49.896Z</time>
      </trkpt>
      <trkpt lat="50.809580" lon="5.937019">
        <ele>115.647304</ele>
        <time>2026-07-22T23:48:50.186Z</time>
      </trkpt>
      <trkpt lat="50.809665" lon="5.937030">
        <ele>115.477541</ele>
        <time>2026-07-22T23:48:50.866Z</time>
      </trkpt>
      <trkpt lat="50.810050" lon="5.937127">
        <ele>114.701522</ele>
        <time>2026-07-22T23:48:53.842Z</time>
      </trkpt>
      <trkpt lat="50.810025" lon="5.937221">
        <ele>114.573240</ele>
        <time>2026-07-22T23:48:54.795Z</time>
      </trkpt>
      <trkpt lat="50.810017" lon="5.937406">
        <ele>114.339998</ele>
        <time>2026-07-22T23:48:57.347Z</time>
      </trkpt>
      <trkpt lat="50.810030" lon="5.937737">
        <ele>113.938034</ele>
        <time>2026-07-22T23:49:01.939Z</time>
      </trkpt>
      <trkpt lat="50.810018" lon="5.939699">
        <ele>113.148835</ele>
        <time>2026-07-22T23:49:24.180Z</time>
      </trkpt>
      <trkpt lat="50.810600" lon="5.939601">
        <ele>112.719100</ele>
        <time>2026-07-22T23:49:28.611Z</time>
      </trkpt>
      <trkpt lat="50.810720" lon="5.940020">
        <ele>112.093015</ele>
        <time>2026-07-22T23:49:30.819Z</time>
      </trkpt>
      <trkpt lat="50.810866" lon="5.940217">
        <ele>111.679775</ele>
        <time>2026-07-22T23:49:32.218Z</time>
      </trkpt>
      <trkpt lat="50.811000" lon="5.940243">
        <ele>111.389001</ele>
        <time>2026-07-22T23:49:33.210Z</time>
      </trkpt>
      <trkpt lat="50.811389" lon="5.940158">
        <ele>110.543215</ele>
        <time>2026-07-22T23:49:36.319Z</time>
      </trkpt>
      <trkpt lat="50.811459" lon="5.940149">
        <ele>110.391950</ele>
        <time>2026-07-22T23:49:36.951Z</time>
      </trkpt>
      <trkpt lat="50.811535" lon="5.940139">
        <ele>110.227695</ele>
        <time>2026-07-22T23:49:37.665Z</time>
      </trkpt>
      <trkpt lat="50.811551" lon="5.940138">
        <ele>110.193207</ele>
        <time>2026-07-22T23:49:37.813Z</time>
      </trkpt>
      <trkpt lat="50.811597" lon="5.940136">
        <ele>110.094093</ele>
        <time>2026-07-22T23:49:38.216Z</time>
      </trkpt>
      <trkpt lat="50.811802" lon="5.940132">
        <ele>109.652525</ele>
        <time>2026-07-22T23:49:40.079Z</time>
      </trkpt>
      <trkpt lat="50.812760" lon="5.940193">
        <ele>113.531336</ele>
        <time>2026-07-22T23:50:00.700Z</time>
      </trkpt>
      <trkpt lat="50.813176" lon="5.940500">
        <ele>116.931804</ele>
        <time>2026-07-22T23:50:15.624Z</time>
      </trkpt>
      <trkpt lat="50.813634" lon="5.940618">
        <ele>120.369504</ele>
        <time>2026-07-22T23:50:32.119Z</time>
      </trkpt>
      <trkpt lat="50.813868" lon="5.940662">
        <ele>122.115256</ele>
        <time>2026-07-22T23:50:48.074Z</time>
      </trkpt>
      <trkpt lat="50.814109" lon="5.940858">
        <ele>125.864060</ele>
        <time>2026-07-22T23:51:07.805Z</time>
      </trkpt>
      <trkpt lat="50.814686" lon="5.941166">
        <ele>134.573507</ele>
        <time>2026-07-22T23:51:46.760Z</time>
      </trkpt>
      <trkpt lat="50.814933" lon="5.941311">
        <ele>138.341479</ele>
        <time>2026-07-22T23:52:04.034Z</time>
      </trkpt>
      <trkpt lat="50.815122" lon="5.941454">
        <ele>141.337711</ele>
        <time>2026-07-22T23:52:14.127Z</time>
      </trkpt>
      <trkpt lat="50.815703" lon="5.942017">
        <ele>149.546896</ele>
        <time>2026-07-22T23:52:50.014Z</time>
      </trkpt>
      <trkpt lat="50.815820" lon="5.942226">
        <ele>150.822993</ele>
        <time>2026-07-22T23:52:58.954Z</time>
      </trkpt>
      <trkpt lat="50.816005" lon="5.942671">
        <ele>153.257367</ele>
        <time>2026-07-22T23:53:14.161Z</time>
      </trkpt>
      <trkpt lat="50.816236" lon="5.942935">
        <ele>155.318249</ele>
        <time>2026-07-22T23:53:24.622Z</time>
      </trkpt>
      <trkpt lat="50.816387" lon="5.943014">
        <ele>156.468560</ele>
        <time>2026-07-22T23:53:29.227Z</time>
      </trkpt>
      <trkpt lat="50.817288" lon="5.943184">
        <ele>161.353633</ele>
        <time>2026-07-22T23:53:45.700Z</time>
      </trkpt>
      <trkpt lat="50.817550" lon="5.943351">
        <ele>161.720275</ele>
        <time>2026-07-22T23:53:53.340Z</time>
      </trkpt>
      <trkpt lat="50.817660" lon="5.943261">
        <ele>161.881013</ele>
        <time>2026-07-22T23:53:56.241Z</time>
      </trkpt>
      <trkpt lat="50.818594" lon="5.942209">
        <ele>163.131754</ele>
        <time>2026-07-22T23:54:13.562Z</time>
      </trkpt>
      <trkpt lat="50.818756" lon="5.941988">
        <ele>162.026888</ele>
        <time>2026-07-22T23:54:15.423Z</time>
      </trkpt>
      <trkpt lat="50.819113" lon="5.941356">
        <ele>159.259854</ele>
        <time>2026-07-22T23:54:19.474Z</time>
      </trkpt>
      <trkpt lat="50.819613" lon="5.940725">
        <ele>155.956257</ele>
        <time>2026-07-22T23:54:24.046Z</time>
      </trkpt>
      <trkpt lat="50.820005" lon="5.940279">
        <ele>153.336055</ele>
        <time>2026-07-22T23:54:27.500Z</time>
      </trkpt>
      <trkpt lat="50.821000" lon="5.939320">
        <ele>145.978549</ele>
        <time>2026-07-22T23:54:35.957Z</time>
      </trkpt>
      <trkpt lat="50.821408" lon="5.938508">
        <ele>141.471478</ele>
        <time>2026-07-22T23:54:41.053Z</time>
      </trkpt>
      <trkpt lat="50.821761" lon="5.937680">
        <ele>135.722787</ele>
        <time>2026-07-22T23:54:45.464Z</time>
      </trkpt>
      <trkpt lat="50.821794" lon="5.937626">
        <ele>135.290409</ele>
        <time>2026-07-22T23:54:45.790Z</time>
      </trkpt>
      <trkpt lat="50.822162" lon="5.937596">
        <ele>131.933571</ele>
        <time>2026-07-22T23:54:48.272Z</time>
      </trkpt>
      <trkpt lat="50.822714" lon="5.937097">
        <ele>126.167153</ele>
        <time>2026-07-22T23:54:52.669Z</time>
      </trkpt>
      <trkpt lat="50.822893" lon="5.936944">
        <ele>124.633361</ele>
        <time>2026-07-22T23:54:54.091Z</time>
      </trkpt>
      <trkpt lat="50.822915" lon="5.936930">
        <ele>124.454585</ele>
        <time>2026-07-22T23:54:54.252Z</time>
      </trkpt>
      <trkpt lat="50.823105" lon="5.936835">
        <ele>122.952273</ele>
        <time>2026-07-22T23:54:55.593Z</time>
      </trkpt>
      <trkpt lat="50.823328" lon="5.936799">
        <ele>121.262190</ele>
        <time>2026-07-22T23:54:57.140Z</time>
      </trkpt>
      <trkpt lat="50.823519" lon="5.936866">
        <ele>119.787166</ele>
        <time>2026-07-22T23:54:58.585Z</time>
      </trkpt>
      <trkpt lat="50.823659" lon="5.937017">
        <ele>118.509877</ele>
        <time>2026-07-22T23:54:59.877Z</time>
      </trkpt>
      <trkpt lat="50.823911" lon="5.937146">
        <ele>116.512990</ele>
        <time>2026-07-22T23:55:01.803Z</time>
      </trkpt>
      <trkpt lat="50.824085" lon="5.937175">
        <ele>115.193824</ele>
        <time>2026-07-22T23:55:03.021Z</time>
      </trkpt>
      <trkpt lat="50.824315" lon="5.937147">
        <ele>113.454563</ele>
        <time>2026-07-22T23:55:04.605Z</time>
      </trkpt>
      <trkpt lat="50.824326" lon="5.937062">
        <ele>113.041313</ele>
        <time>2026-07-22T23:55:05.007Z</time>
      </trkpt>
      <trkpt lat="50.824345" lon="5.936221">
        <ele>111.615923</ele>
        <time>2026-07-22T23:55:09.495Z</time>
      </trkpt>
      <trkpt lat="50.824323" lon="5.936009">
        <ele>111.308922</ele>
        <time>2026-07-22T23:55:10.727Z</time>
      </trkpt>
      <trkpt lat="50.824171" lon="5.935245">
        <ele>110.164329</ele>
        <time>2026-07-22T23:55:15.387Z</time>
      </trkpt>
      <trkpt lat="50.824173" lon="5.935140">
        <ele>110.014219</ele>
        <time>2026-07-22T23:55:16.007Z</time>
      </trkpt>
      <trkpt lat="50.824186" lon="5.935054">
        <ele>109.887859</ele>
        <time>2026-07-22T23:55:16.527Z</time>
      </trkpt>
      <trkpt lat="50.824246" lon="5.934979">
        <ele>109.714922</ele>
        <time>2026-07-22T23:55:17.215Z</time>
      </trkpt>
      <trkpt lat="50.824457" lon="5.934799">
        <ele>109.172728</ele>
        <time>2026-07-22T23:55:19.312Z</time>
      </trkpt>
      <trkpt lat="50.824515" lon="5.934749">
        <ele>109.023334</ele>
        <time>2026-07-22T23:55:20.169Z</time>
      </trkpt>
      <trkpt lat="50.824828" lon="5.934506">
        <ele>109.320855</ele>
        <time>2026-07-22T23:55:23.695Z</time>
      </trkpt>
      <trkpt lat="50.825037" lon="5.934422">
        <ele>110.095976</ele>
        <time>2026-07-22T23:55:26.914Z</time>
      </trkpt>
      <trkpt lat="50.825130" lon="5.934403">
        <ele>110.433053</ele>
        <time>2026-07-22T23:55:28.501Z</time>
      </trkpt>
      <trkpt lat="50.825133" lon="5.934462">
        <ele>110.567458</ele>
        <time>2026-07-22T23:55:29.161Z</time>
      </trkpt>
      <trkpt lat="50.825315" lon="5.934458">
        <ele>111.221751</ele>
        <time>2026-07-22T23:55:32.372Z</time>
      </trkpt>
      <trkpt lat="50.825515" lon="5.934440">
        <ele>111.941845</ele>
        <time>2026-07-22T23:55:35.962Z</time>
      </trkpt>
      <trkpt lat="50.825754" lon="5.934417">
        <ele>112.802557</ele>
        <time>2026-07-22T23:55:42.053Z</time>
      </trkpt>
      <trkpt lat="50.825786" lon="5.934426">
        <ele>112.919388</ele>
        <time>2026-07-22T23:55:43.083Z</time>
      </trkpt>
      <trkpt lat="50.825946" lon="5.934470">
        <ele>113.503148</ele>
        <time>2026-07-22T23:55:49.023Z</time>
      </trkpt>
      <trkpt lat="50.826142" lon="5.934539">
        <ele>114.224913</ele>
        <time>2026-07-22T23:55:57.104Z</time>
      </trkpt>
      <trkpt lat="50.826175" lon="5.934550">
        <ele>114.346139</ele>
        <time>2026-07-22T23:55:58.402Z</time>
      </trkpt>
      <trkpt lat="50.826793" lon="5.934744">
        <ele>117.308795</ele>
        <time>2026-07-22T23:56:21.293Z</time>
      </trkpt>
      <trkpt lat="50.827688" lon="5.934770">
        <ele>122.032581</ele>
        <time>2026-07-22T23:56:45.089Z</time>
      </trkpt>
      <trkpt lat="50.828028" lon="5.934738">
        <ele>123.829958</ele>
        <time>2026-07-22T23:56:54.936Z</time>
      </trkpt>
      <trkpt lat="50.828564" lon="5.934677">
        <ele>126.639450</ele>
        <time>2026-07-22T23:57:06.307Z</time>
      </trkpt>
      <trkpt lat="50.829582" lon="5.934228">
        <ele>132.144642</ele>
        <time>2026-07-22T23:57:33.714Z</time>
      </trkpt>
      <trkpt lat="50.829831" lon="5.934196">
        <ele>133.446066</ele>
        <time>2026-07-22T23:57:42.743Z</time>
      </trkpt>
      <trkpt lat="50.830083" lon="5.934239">
        <ele>135.176615</ele>
        <time>2026-07-22T23:57:52.946Z</time>
      </trkpt>
      <trkpt lat="50.830396" lon="5.934369">
        <ele>137.743004</ele>
        <time>2026-07-22T23:58:06.805Z</time>
      </trkpt>
      <trkpt lat="50.830578" lon="5.934497">
        <ele>139.322447</ele>
        <time>2026-07-22T23:58:14.800Z</time>
      </trkpt>
      <trkpt lat="50.830844" lon="5.934750">
        <ele>141.783495</ele>
        <time>2026-07-22T23:58:26.408Z</time>
      </trkpt>
      <trkpt lat="50.831243" lon="5.935219">
        <ele>145.724715</ele>
        <time>2026-07-22T23:58:45.731Z</time>
      </trkpt>
      <trkpt lat="50.831453" lon="5.935554">
        <ele>148.089013</ele>
        <time>2026-07-22T23:58:56.171Z</time>
      </trkpt>
      <trkpt lat="50.831812" lon="5.936236">
        <ele>150.626636</ele>
        <time>2026-07-22T23:59:15.375Z</time>
      </trkpt>
      <trkpt lat="50.832065" lon="5.936791">
        <ele>152.529036</ele>
        <time>2026-07-22T23:59:24.622Z</time>
      </trkpt>
      <trkpt lat="50.832423" lon="5.937982">
        <ele>156.190876</ele>
        <time>2026-07-22T23:59:42.864Z</time>
      </trkpt>
      <trkpt lat="50.832635" lon="5.938560">
        <ele>157.816244</ele>
        <time>2026-07-22T23:59:52.377Z</time>
      </trkpt>
      <trkpt lat="50.832757" lon="5.938773">
        <ele>158.515476</ele>
        <time>2026-07-22T23:59:56.017Z</time>
      </trkpt>
      <trkpt lat="50.832931" lon="5.938999">
        <ele>159.381987</ele>
        <time>2026-07-22T23:59:59.815Z</time>
      </trkpt>
      <trkpt lat="50.833462" lon="5.939457">
        <ele>161.710118</ele>
        <time>2026-07-23T00:00:08.779Z</time>
      </trkpt>
      <trkpt lat="50.834060" lon="5.940013">
        <ele>165.591521</ele>
        <time>2026-07-23T00:00:39.195Z</time>
      </trkpt>
      <trkpt lat="50.834598" lon="5.940476">
        <ele>170.156957</ele>
        <time>2026-07-23T00:01:01.073Z</time>
      </trkpt>
      <trkpt lat="50.834898" lon="5.940783">
        <ele>172.820187</ele>
        <time>2026-07-23T00:01:14.672Z</time>
      </trkpt>
      <trkpt lat="50.836116" lon="5.942920">
        <ele>184.489184</ele>
        <time>2026-07-23T00:02:13.741Z</time>
      </trkpt>
      <trkpt lat="50.836740" lon="5.943870">
        <ele>188.803958</ele>
        <time>2026-07-23T00:02:37.769Z</time>
      </trkpt>
      <trkpt lat="50.836870" lon="5.944230">
        <ele>189.777412</ele>
        <time>2026-07-23T00:02:44.849Z</time>
      </trkpt>
      <trkpt lat="50.837060" lon="5.945020">
        <ele>191.761765</ele>
        <time>2026-07-23T00:02:58.437Z</time>
      </trkpt>
      <trkpt lat="50.837160" lon="5.945323">
        <ele>192.564287</ele>
        <time>2026-07-23T00:03:02.415Z</time>
      </trkpt>
      <trkpt lat="50.837266" lon="5.945505">
        <ele>193.145452</ele>
        <time>2026-07-23T00:03:04.872Z</time>
      </trkpt>
      <trkpt lat="50.837448" lon="5.945717">
        <ele>193.985263</ele>
        <time>2026-07-23T00:03:08.733Z</time>
      </trkpt>
      <trkpt lat="50.837751" lon="5.946058">
        <ele>194.938354</ele>
        <time>2026-07-23T00:03:15.519Z</time>
      </trkpt>
      <trkpt lat="50.837904" lon="5.946184">
        <ele>195.373383</ele>
        <time>2026-07-23T00:03:19.147Z</time>
      </trkpt>
      <trkpt lat="50.838309" lon="5.946216">
        <ele>196.396297</ele>
        <time>2026-07-23T00:03:28.936Z</time>
      </trkpt>
      <trkpt lat="50.838591" lon="5.946362">
        <ele>197.144719</ele>
        <time>2026-07-23T00:03:35.163Z</time>
      </trkpt>
      <trkpt lat="50.839079" lon="5.947134">
        <ele>198.691894</ele>
        <time>2026-07-23T00:03:47.874Z</time>
      </trkpt>
      <trkpt lat="50.839238" lon="5.947309">
        <ele>198.880744</ele>
        <time>2026-07-23T00:03:51.595Z</time>
      </trkpt>
      <trkpt lat="50.839790" lon="5.947660">
        <ele>199.460889</ele>
        <time>2026-07-23T00:04:00.765Z</time>
      </trkpt>
      <trkpt lat="50.840297" lon="5.948394">
        <ele>200.130861</ele>
        <time>2026-07-23T00:04:10.611Z</time>
      </trkpt>
      <trkpt lat="50.840362" lon="5.948425">
        <ele>200.197068</ele>
        <time>2026-07-23T00:04:11.552Z</time>
      </trkpt>
      <trkpt lat="50.840453" lon="5.948469">
        <ele>200.289865</ele>
        <time>2026-07-23T00:04:12.772Z</time>
      </trkpt>
      <trkpt lat="50.840609" lon="5.948447">
        <ele>200.349774</ele>
        <time>2026-07-23T00:04:14.415Z</time>
      </trkpt>
      <trkpt lat="50.840832" lon="5.948297">
        <ele>200.400312</ele>
        <time>2026-07-23T00:04:16.586Z</time>
      </trkpt>
      <trkpt lat="50.841029" lon="5.948189">
        <ele>200.443796</ele>
        <time>2026-07-23T00:04:19.380Z</time>
      </trkpt>
      <trkpt lat="50.841625" lon="5.948024">
        <ele>200.570001</ele>
        <time>2026-07-23T00:04:28.925Z</time>
      </trkpt>
      <trkpt lat="50.842351" lon="5.947725">
        <ele>200.910884</ele>
        <time>2026-07-23T00:04:36.486Z</time>
      </trkpt>
      <trkpt lat="50.842827" lon="5.947610">
        <ele>201.702940</ele>
        <time>2026-07-23T00:04:43.592Z</time>
      </trkpt>
      <trkpt lat="50.843390" lon="5.947340">
        <ele>202.670581</ele>
        <time>2026-07-23T00:04:55.579Z</time>
      </trkpt>
      <trkpt lat="50.844062" lon="5.947125">
        <ele>203.541432</ele>
        <time>2026-07-23T00:05:11.540Z</time>
      </trkpt>
      <trkpt lat="50.844442" lon="5.947082">
        <ele>203.017754</ele>
        <time>2026-07-23T00:05:15.722Z</time>
      </trkpt>
      <trkpt lat="50.844532" lon="5.947072">
        <ele>202.893736</ele>
        <time>2026-07-23T00:05:16.899Z</time>
      </trkpt>
      <trkpt lat="50.844595" lon="5.947052">
        <ele>202.805414</ele>
        <time>2026-07-23T00:05:17.422Z</time>
      </trkpt>
      <trkpt lat="50.844683" lon="5.946995">
        <ele>202.674723</ele>
        <time>2026-07-23T00:05:18.173Z</time>
      </trkpt>
      <trkpt lat="50.844607" lon="5.946761">
        <ele>202.446329</ele>
        <time>2026-07-23T00:05:19.568Z</time>
      </trkpt>
      <trkpt lat="50.844344" lon="5.946283">
        <ele>201.896034</ele>
        <time>2026-07-23T00:05:22.770Z</time>
      </trkpt>
      <trkpt lat="50.844259" lon="5.946128">
        <ele>201.717846</ele>
        <time>2026-07-23T00:05:23.816Z</time>
      </trkpt>
      <trkpt lat="50.843871" lon="5.945393">
        <ele>200.737414</ele>
        <time>2026-07-23T00:05:29.467Z</time>
      </trkpt>
      <trkpt lat="50.843585" lon="5.944691">
        <ele>199.651948</ele>
        <time>2026-07-23T00:05:33.979Z</time>
      </trkpt>
      <trkpt lat="50.843353" lon="5.944263">
        <ele>198.919057</ele>
        <time>2026-07-23T00:05:37.001Z</time>
      </trkpt>
      <trkpt lat="50.842172" lon="5.942065">
        <ele>195.646377</ele>
        <time>2026-07-23T00:05:53.312Z</time>
      </trkpt>
      <trkpt lat="50.841399" lon="5.940225">
        <ele>193.938560</ele>
        <time>2026-07-23T00:06:06.311Z</time>
      </trkpt>
      <trkpt lat="50.840931" lon="5.938973">
        <ele>193.165210</ele>
        <time>2026-07-23T00:06:15.757Z</time>
      </trkpt>
      <trkpt lat="50.840533" lon="5.937655">
        <ele>192.983594</ele>
        <time>2026-07-23T00:06:26.843Z</time>
      </trkpt>
      <trkpt lat="50.840115" lon="5.935893">
        <ele>192.918039</ele>
        <time>2026-07-23T00:06:40.648Z</time>
      </trkpt>
      <trkpt lat="50.839583" lon="5.933180">
        <ele>192.923191</ele>
        <time>2026-07-23T00:07:01.687Z</time>
      </trkpt>
      <trkpt lat="50.839590" lon="5.933053">
        <ele>192.922363</ele>
        <time>2026-07-23T00:07:02.724Z</time>
      </trkpt>
      <trkpt lat="50.839535" lon="5.932993">
        <ele>192.921675</ele>
        <time>2026-07-23T00:07:03.643Z</time>
      </trkpt>
      <trkpt lat="50.839445" lon="5.932674">
        <ele>192.919404</ele>
        <time>2026-07-23T00:07:06.920Z</time>
      </trkpt>
      <trkpt lat="50.839365" lon="5.932521">
        <ele>192.918113</ele>
        <time>2026-07-23T00:07:08.761Z</time>
      </trkpt>
      <trkpt lat="50.839299" lon="5.932461">
        <ele>192.917330</ele>
        <time>2026-07-23T00:07:09.767Z</time>
      </trkpt>
      <trkpt lat="50.839152" lon="5.932411">
        <ele>192.915783</ele>
        <time>2026-07-23T00:07:11.523Z</time>
      </trkpt>
      <trkpt lat="50.838832" lon="5.932364">
        <ele>192.912475</ele>
        <time>2026-07-23T00:07:15.334Z</time>
      </trkpt>
      <trkpt lat="50.838400" lon="5.932055">
        <ele>192.907596</ele>
        <time>2026-07-23T00:07:20.432Z</time>
      </trkpt>
      <trkpt lat="50.837834" lon="5.931871">
        <ele>192.962833</ele>
        <time>2026-07-23T00:07:25.629Z</time>
      </trkpt>
      <trkpt lat="50.837886" lon="5.931334">
        <ele>193.006513</ele>
        <time>2026-07-23T00:07:34.934Z</time>
      </trkpt>
      <trkpt lat="50.837888" lon="5.931027">
        <ele>193.031198</ele>
        <time>2026-07-23T00:07:38.741Z</time>
      </trkpt>
      <trkpt lat="50.837868" lon="5.930592">
        <ele>193.066266</ele>
        <time>2026-07-23T00:07:42.231Z</time>
      </trkpt>
      <trkpt lat="50.837842" lon="5.930427">
        <ele>193.079939</ele>
        <time>2026-07-23T00:07:43.293Z</time>
      </trkpt>
      <trkpt lat="50.837758" lon="5.930271">
        <ele>193.096422</ele>
        <time>2026-07-23T00:07:44.447Z</time>
      </trkpt>
      <trkpt lat="50.837633" lon="5.930130">
        <ele>193.115962</ele>
        <time>2026-07-23T00:07:45.755Z</time>
      </trkpt>
      <trkpt lat="50.837003" lon="5.929467">
        <ele>192.632405</ele>
        <time>2026-07-23T00:07:52.448Z</time>
      </trkpt>
      <trkpt lat="50.836414" lon="5.928841">
        <ele>192.043005</ele>
        <time>2026-07-23T00:07:59.978Z</time>
      </trkpt>
      <trkpt lat="50.834198" lon="5.926462">
        <ele>191.194070</ele>
        <time>2026-07-23T00:08:30.636Z</time>
      </trkpt>
      <trkpt lat="50.833650" lon="5.925933">
        <ele>190.944566</ele>
        <time>2026-07-23T00:08:37.632Z</time>
      </trkpt>
      <trkpt lat="50.833593" lon="5.925840">
        <ele>190.912748</ele>
        <time>2026-07-23T00:08:38.477Z</time>
      </trkpt>
      <trkpt lat="50.832467" lon="5.923398">
        <ele>189.761762</ele>
        <time>2026-07-23T00:08:58.603Z</time>
      </trkpt>
      <trkpt lat="50.832236" lon="5.922862">
        <ele>189.466198</ele>
        <time>2026-07-23T00:09:04.396Z</time>
      </trkpt>
      <trkpt lat="50.832175" lon="5.922605">
        <ele>189.298004</ele>
        <time>2026-07-23T00:09:06.315Z</time>
      </trkpt>
      <trkpt lat="50.832160" lon="5.922201">
        <ele>188.315323</ele>
        <time>2026-07-23T00:09:08.377Z</time>
      </trkpt>
      <trkpt lat="50.832209" lon="5.921511">
        <ele>186.629316</ele>
        <time>2026-07-23T00:09:11.737Z</time>
      </trkpt>
      <trkpt lat="50.832203" lon="5.921307">
        <ele>186.133430</ele>
        <time>2026-07-23T00:09:12.735Z</time>
      </trkpt>
      <trkpt lat="50.832132" lon="5.920867">
        <ele>185.030709</ele>
        <time>2026-07-23T00:09:14.966Z</time>
      </trkpt>
      <trkpt lat="50.832028" lon="5.920580">
        <ele>184.227265</ele>
        <time>2026-07-23T00:09:16.608Z</time>
      </trkpt>
      <trkpt lat="50.831915" lon="5.920325">
        <ele>183.470873</ele>
        <time>2026-07-23T00:09:18.752Z</time>
      </trkpt>
      <trkpt lat="50.831863" lon="5.920139">
        <ele>182.976959</ele>
        <time>2026-07-23T00:09:20.163Z</time>
      </trkpt>
      <trkpt lat="50.831792" lon="5.919556">
        <ele>181.219890</ele>
        <time>2026-07-23T00:09:24.253Z</time>
      </trkpt>
      <trkpt lat="50.831503" lon="5.917895">
        <ele>175.572018</ele>
        <time>2026-07-23T00:09:35.517Z</time>
      </trkpt>
      <trkpt lat="50.831376" lon="5.915912">
        <ele>170.672449</ele>
        <time>2026-07-23T00:09:45.783Z</time>
      </trkpt>
      <trkpt lat="50.831250" lon="5.912841">
        <ele>164.628606</ele>
        <time>2026-07-23T00:10:01.745Z</time>
      </trkpt>
      <trkpt lat="50.831265" lon="5.912406">
        <ele>163.770885</ele>
        <time>2026-07-23T00:10:03.880Z</time>
      </trkpt>
      <trkpt lat="50.831460" lon="5.910936">
        <ele>161.688962</ele>
        <time>2026-07-23T00:10:11.466Z</time>
      </trkpt>
      <trkpt lat="50.831587" lon="5.910260">
        <ele>161.404802</ele>
        <time>2026-07-23T00:10:18.100Z</time>
      </trkpt>
      <trkpt lat="50.831836" lon="5.909538">
        <ele>161.073361</ele>
        <time>2026-07-23T00:10:25.934Z</time>
      </trkpt>
      <trkpt lat="50.832012" lon="5.909028">
        <ele>160.839207</ele>
        <time>2026-07-23T00:10:31.177Z</time>
      </trkpt>
      <trkpt lat="50.832147" lon="5.908321">
        <ele>159.599460</ele>
        <time>2026-07-23T00:10:35.340Z</time>
      </trkpt>
      <trkpt lat="50.832227" lon="5.908091">
        <ele>159.051078</ele>
        <time>2026-07-23T00:10:36.713Z</time>
      </trkpt>
      <trkpt lat="50.832410" lon="5.907841">
        <ele>158.251829</ele>
        <time>2026-07-23T00:10:38.640Z</time>
      </trkpt>
      <trkpt lat="50.832892" lon="5.907462">
        <ele>156.472261</ele>
        <time>2026-07-23T00:10:42.952Z</time>
      </trkpt>
      <trkpt lat="50.833093" lon="5.907268">
        <ele>155.693853</ele>
        <time>2026-07-23T00:10:44.807Z</time>
      </trkpt>
      <trkpt lat="50.833259" lon="5.906934">
        <ele>154.784229</ele>
        <time>2026-07-23T00:10:46.873Z</time>
      </trkpt>
      <trkpt lat="50.833315" lon="5.906750">
        <ele>153.634480</ele>
        <time>2026-07-23T00:10:47.834Z</time>
      </trkpt>
      <trkpt lat="50.833340" lon="5.906564">
        <ele>152.564012</ele>
        <time>2026-07-23T00:10:48.706Z</time>
      </trkpt>
      <trkpt lat="50.833245" lon="5.906433">
        <ele>151.441196</ele>
        <time>2026-07-23T00:10:49.615Z</time>
      </trkpt>
      <trkpt lat="50.833167" lon="5.906269">
        <ele>150.285528</ele>
        <time>2026-07-23T00:10:50.538Z</time>
      </trkpt>
      <trkpt lat="50.833157" lon="5.906248">
        <ele>150.137481</ele>
        <time>2026-07-23T00:10:50.654Z</time>
      </trkpt>
      <trkpt lat="50.832942" lon="5.905579">
        <ele>145.912060</ele>
        <time>2026-07-23T00:10:53.958Z</time>
      </trkpt>
      <trkpt lat="50.832757" lon="5.904948">
        <ele>141.995983</ele>
        <time>2026-07-23T00:10:56.912Z</time>
      </trkpt>
      <trkpt lat="50.832618" lon="5.904632">
        <ele>139.828248</ele>
        <time>2026-07-23T00:10:58.577Z</time>
      </trkpt>
      <trkpt lat="50.831835" lon="5.903331">
        <ele>129.175067</ele>
        <time>2026-07-23T00:11:06.440Z</time>
      </trkpt>
      <trkpt lat="50.831556" lon="5.902706">
        <ele>124.611813</ele>
        <time>2026-07-23T00:11:09.791Z</time>
      </trkpt>
      <trkpt lat="50.831259" lon="5.902380">
        <ele>121.405408</ele>
        <time>2026-07-23T00:11:12.330Z</time>
      </trkpt>
      <trkpt lat="50.831223" lon="5.902340">
        <ele>121.130167</ele>
        <time>2026-07-23T00:11:12.641Z</time>
      </trkpt>
      <trkpt lat="50.831104" lon="5.902164">
        <ele>120.111048</ele>
        <time>2026-07-23T00:11:13.785Z</time>
      </trkpt>
      <trkpt lat="50.830773" lon="5.901077">
        <ele>115.341097</ele>
        <time>2026-07-23T00:11:19.090Z</time>
      </trkpt>
      <trkpt lat="50.830773" lon="5.900914">
        <ele>114.696792</ele>
        <time>2026-07-23T00:11:19.894Z</time>
      </trkpt>
      <trkpt lat="50.830808" lon="5.900745">
        <ele>113.993776</ele>
        <time>2026-07-23T00:11:20.827Z</time>
      </trkpt>
      <trkpt lat="50.831109" lon="5.900292">
        <ele>111.394789</ele>
        <time>2026-07-23T00:11:24.203Z</time>
      </trkpt>
      <trkpt lat="50.831123" lon="5.900188">
        <ele>110.974468</ele>
        <time>2026-07-23T00:11:24.711Z</time>
      </trkpt>
      <trkpt lat="50.831086" lon="5.900045">
        <ele>110.430642</ele>
        <time>2026-07-23T00:11:25.436Z</time>
      </trkpt>
      <trkpt lat="50.831066" lon="5.899980">
        <ele>110.246203</ele>
        <time>2026-07-23T00:11:25.793Z</time>
      </trkpt>
      <trkpt lat="50.830732" lon="5.900424">
        <ele>108.484813</ele>
        <time>2026-07-23T00:11:31.334Z</time>
      </trkpt>
      <trkpt lat="50.830567" lon="5.900561">
        <ele>107.732334</ele>
        <time>2026-07-23T00:11:33.714Z</time>
      </trkpt>
      <trkpt lat="50.830559" lon="5.900534">
        <ele>107.656256</ele>
        <time>2026-07-23T00:11:33.877Z</time>
      </trkpt>
      <trkpt lat="50.830360" lon="5.899597">
        <ele>105.134496</ele>
        <time>2026-07-23T00:11:38.478Z</time>
      </trkpt>
      <trkpt lat="50.830343" lon="5.899523">
        <ele>104.933626</ele>
        <time>2026-07-23T00:11:38.836Z</time>
      </trkpt>
      <trkpt lat="50.830073" lon="5.898231">
        <ele>101.424163</ele>
        <time>2026-07-23T00:11:45.125Z</time>
      </trkpt>
      <trkpt lat="50.829898" lon="5.897434">
        <ele>99.227020</ele>
        <time>2026-07-23T00:11:49.304Z</time>
      </trkpt>
      <trkpt lat="50.829864" lon="5.897176">
        <ele>98.540742</ele>
        <time>2026-07-23T00:11:50.666Z</time>
      </trkpt>
      <trkpt lat="50.830033" lon="5.897036">
        <ele>97.754418</ele>
        <time>2026-07-23T00:11:52.602Z</time>
      </trkpt>
      <trkpt lat="50.830500" lon="5.896346">
        <ele>95.041638</ele>
        <time>2026-07-23T00:11:57.934Z</time>
      </trkpt>
      <trkpt lat="50.830339" lon="5.895755">
        <ele>93.188774</ele>
        <time>2026-07-23T00:12:00.925Z</time>
      </trkpt>
      <trkpt lat="50.830135" lon="5.894914">
        <ele>90.595305</ele>
        <time>2026-07-23T00:12:05.036Z</time>
      </trkpt>
      <trkpt lat="50.830097" lon="5.894531">
        <ele>89.479203</ele>
        <time>2026-07-23T00:12:06.931Z</time>
      </trkpt>
      <trkpt lat="50.830122" lon="5.894427">
        <ele>89.158857</ele>
        <time>2026-07-23T00:12:07.499Z</time>
      </trkpt>
      <trkpt lat="50.830171" lon="5.894363">
        <ele>88.869336</ele>
        <time>2026-07-23T00:12:08.014Z</time>
      </trkpt>
      <trkpt lat="50.830085" lon="5.894050">
        <ele>87.886706</ele>
        <time>2026-07-23T00:12:09.740Z</time>
      </trkpt>
      <trkpt lat="50.830036" lon="5.893072">
        <ele>86.593728</ele>
        <time>2026-07-23T00:12:14.950Z</time>
      </trkpt>
      <trkpt lat="50.830017" lon="5.892807">
        <ele>86.275905</ele>
        <time>2026-07-23T00:12:16.530Z</time>
      </trkpt>
      <trkpt lat="50.829999" lon="5.892663">
        <ele>86.100975</ele>
        <time>2026-07-23T00:12:17.336Z</time>
      </trkpt>
      <trkpt lat="50.829984" lon="5.892608">
        <ele>86.029584</ele>
        <time>2026-07-23T00:12:17.657Z</time>
      </trkpt>
      <trkpt lat="50.829991" lon="5.892348">
        <ele>85.719465</ele>
        <time>2026-07-23T00:12:19.670Z</time>
      </trkpt>
      <trkpt lat="50.829889" lon="5.892187">
        <ele>85.447721</ele>
        <time>2026-07-23T00:12:21.511Z</time>
      </trkpt>
      <trkpt lat="50.829878" lon="5.892022">
        <ele>85.250001</ele>
        <time>2026-07-23T00:12:22.916Z</time>
      </trkpt>
      <trkpt lat="50.829695" lon="5.891021">
        <ele>84.308963</ele>
        <time>2026-07-23T00:12:29.487Z</time>
      </trkpt>
      <trkpt lat="50.829242" lon="5.888963">
        <ele>84.565968</ele>
        <time>2026-07-23T00:12:45.317Z</time>
      </trkpt>
      <trkpt lat="50.829237" lon="5.888831">
        <ele>84.581563</ele>
        <time>2026-07-23T00:12:46.949Z</time>
      </trkpt>
      <trkpt lat="50.829258" lon="5.888716">
        <ele>84.595680</ele>
        <time>2026-07-23T00:12:48.704Z</time>
      </trkpt>
      <trkpt lat="50.829444" lon="5.888374">
        <ele>84.736874</ele>
        <time>2026-07-23T00:12:54.986Z</time>
      </trkpt>
      <trkpt lat="50.829619" lon="5.888158">
        <ele>84.895056</ele>
        <time>2026-07-23T00:12:58.012Z</time>
      </trkpt>
      <trkpt lat="50.829834" lon="5.887919">
        <ele>85.082328</ele>
        <time>2026-07-23T00:13:01.180Z</time>
      </trkpt>
      <trkpt lat="50.830855" lon="5.886704">
        <ele>85.904483</ele>
        <time>2026-07-23T00:13:17.929Z</time>
      </trkpt>
      <trkpt lat="50.831537" lon="5.885886">
        <ele>85.934796</ele>
        <time>2026-07-23T00:13:30.043Z</time>
      </trkpt>
      <trkpt lat="50.831620" lon="5.885803">
        <ele>85.938274</ele>
        <time>2026-07-23T00:13:31.201Z</time>
      </trkpt>
      <trkpt lat="50.832246" lon="5.885467">
        <ele>85.961693</ele>
        <time>2026-07-23T00:13:37.400Z</time>
      </trkpt>
      <trkpt lat="50.832721" lon="5.885001">
        <ele>86.235373</ele>
        <time>2026-07-23T00:13:44.570Z</time>
      </trkpt>
      <trkpt lat="50.832784" lon="5.884932">
        <ele>86.276574</ele>
        <time>2026-07-23T00:13:45.698Z</time>
      </trkpt>
      <trkpt lat="50.832911" lon="5.884768">
        <ele>86.364717</ele>
        <time>2026-07-23T00:13:48.078Z</time>
      </trkpt>
      <trkpt lat="50.833206" lon="5.884277">
        <ele>86.594918</ele>
        <time>2026-07-23T00:13:54.583Z</time>
      </trkpt>
      <trkpt lat="50.833341" lon="5.884075">
        <ele>86.694820</ele>
        <time>2026-07-23T00:13:57.478Z</time>
      </trkpt>
      <trkpt lat="50.833549" lon="5.883854">
        <ele>86.829545</ele>
        <time>2026-07-23T00:14:01.092Z</time>
      </trkpt>
      <trkpt lat="50.834295" lon="5.883319">
        <ele>88.799887</ele>
        <time>2026-07-23T00:14:12.540Z</time>
      </trkpt>
      <trkpt lat="50.834554" lon="5.883220">
        <ele>89.589826</ele>
        <time>2026-07-23T00:14:17.033Z</time>
      </trkpt>
      <trkpt lat="50.834558" lon="5.882746">
        <ele>90.477446</ele>
        <time>2026-07-23T00:14:24.003Z</time>
      </trkpt>
      <trkpt lat="50.834561" lon="5.882126">
        <ele>91.638397</ele>
        <time>2026-07-23T00:14:35.654Z</time>
      </trkpt>
      <trkpt lat="50.834643" lon="5.881651">
        <ele>93.374843</ele>
        <time>2026-07-23T00:14:41.010Z</time>
      </trkpt>
      <trkpt lat="50.834654" lon="5.881453">
        <ele>94.768030</ele>
        <time>2026-07-23T00:14:45.615Z</time>
      </trkpt>
      <trkpt lat="50.834656" lon="5.881342">
        <ele>95.546372</ele>
        <time>2026-07-23T00:14:48.612Z</time>
      </trkpt>
      <trkpt lat="50.834663" lon="5.880953">
        <ele>98.274070</ele>
        <time>2026-07-23T00:14:58.316Z</time>
      </trkpt>
      <trkpt lat="50.834665" lon="5.880838">
        <ele>99.080437</ele>
        <time>2026-07-23T00:15:01.342Z</time>
      </trkpt>
      <trkpt lat="50.834767" lon="5.879510">
        <ele>108.457271</ele>
        <time>2026-07-23T00:15:51.004Z</time>
      </trkpt>
      <trkpt lat="50.834781" lon="5.878682">
        <ele>114.260836</ele>
        <time>2026-07-23T00:16:21.352Z</time>
      </trkpt>
      <trkpt lat="50.834737" lon="5.877902">
        <ele>119.744013</ele>
        <time>2026-07-23T00:16:40.605Z</time>
      </trkpt>
      <trkpt lat="50.834658" lon="5.877332">
        <ele>123.830039</ele>
        <time>2026-07-23T00:16:55.017Z</time>
      </trkpt>
      <trkpt lat="50.834513" lon="5.876265">
        <ele>131.472024</ele>
        <time>2026-07-23T00:17:31.477Z</time>
      </trkpt>
      <trkpt lat="50.834367" lon="5.875500">
        <ele>136.953517</ele>
        <time>2026-07-23T00:17:55.407Z</time>
      </trkpt>
      <trkpt lat="50.834306" lon="5.874903">
        <ele>141.089367</ele>
        <time>2026-07-23T00:18:13.751Z</time>
      </trkpt>
      <trkpt lat="50.834345" lon="5.873683">
        <ele>149.443385</ele>
        <time>2026-07-23T00:18:51.638Z</time>
      </trkpt>
      <trkpt lat="50.834318" lon="5.872849">
        <ele>153.321525</ele>
        <time>2026-07-23T00:19:12.881Z</time>
      </trkpt>
      <trkpt lat="50.834322" lon="5.872089">
        <ele>155.806432</ele>
        <time>2026-07-23T00:19:27.118Z</time>
      </trkpt>
      <trkpt lat="50.834212" lon="5.871331">
        <ele>158.349299</ele>
        <time>2026-07-23T00:19:34.584Z</time>
      </trkpt>
      <trkpt lat="50.834185" lon="5.871007">
        <ele>159.417802</ele>
        <time>2026-07-23T00:19:39.836Z</time>
      </trkpt>
      <trkpt lat="50.834186" lon="5.870760">
        <ele>160.225388</ele>
        <time>2026-07-23T00:19:43.844Z</time>
      </trkpt>
      <trkpt lat="50.834274" lon="5.870035">
        <ele>161.795577</ele>
        <time>2026-07-23T00:19:57.125Z</time>
      </trkpt>
      <trkpt lat="50.834274" lon="5.869755">
        <ele>162.252809</ele>
        <time>2026-07-23T00:20:02.500Z</time>
      </trkpt>
      <trkpt lat="50.834105" lon="5.868866">
        <ele>163.768859</ele>
        <time>2026-07-23T00:20:18.272Z</time>
      </trkpt>
      <trkpt lat="50.834087" lon="5.868718">
        <ele>164.014980</ele>
        <time>2026-07-23T00:20:20.218Z</time>
      </trkpt>
      <trkpt lat="50.834059" lon="5.868472">
        <ele>164.423163</ele>
        <time>2026-07-23T00:20:22.674Z</time>
      </trkpt>
      <trkpt lat="50.834210" lon="5.868564">
        <ele>164.841495</ele>
        <time>2026-07-23T00:20:24.231Z</time>
      </trkpt>
      <trkpt lat="50.834989" lon="5.869371">
        <ele>164.203067</ele>
        <time>2026-07-23T00:20:32.540Z</time>
      </trkpt>
      <trkpt lat="50.835292" lon="5.869637">
        <ele>163.439546</ele>
        <time>2026-07-23T00:20:35.595Z</time>
      </trkpt>
      <trkpt lat="50.835879" lon="5.869941">
        <ele>162.078473</ele>
        <time>2026-07-23T00:20:40.796Z</time>
      </trkpt>
      <trkpt lat="50.836549" lon="5.870213">
        <ele>160.306729</ele>
        <time>2026-07-23T00:20:46.333Z</time>
      </trkpt>
      <trkpt lat="50.837306" lon="5.870653">
        <ele>158.124833</ele>
        <time>2026-07-23T00:20:53.181Z</time>
      </trkpt>
      <trkpt lat="50.839352" lon="5.871329">
        <ele>152.376979</ele>
        <time>2026-07-23T00:21:10.723Z</time>
      </trkpt>
      <trkpt lat="50.839915" lon="5.871487">
        <ele>150.641041</ele>
        <time>2026-07-23T00:21:15.305Z</time>
      </trkpt>
      <trkpt lat="50.840276" lon="5.871642">
        <ele>149.447312</ele>
        <time>2026-07-23T00:21:18.365Z</time>
      </trkpt>
      <trkpt lat="50.840534" lon="5.871797">
        <ele>148.566642</ele>
        <time>2026-07-23T00:21:20.623Z</time>
      </trkpt>
      <trkpt lat="50.841348" lon="5.872486">
        <ele>145.541857</ele>
        <time>2026-07-23T00:21:28.069Z</time>
      </trkpt>
      <trkpt lat="50.841892" lon="5.872867">
        <ele>143.303045</ele>
        <time>2026-07-23T00:21:32.825Z</time>
      </trkpt>
      <trkpt lat="50.842034" lon="5.872940">
        <ele>142.741129</ele>
        <time>2026-07-23T00:21:34.045Z</time>
      </trkpt>
      <trkpt lat="50.842663" lon="5.873143">
        <ele>140.325034</ele>
        <time>2026-07-23T00:21:39.216Z</time>
      </trkpt>
      <trkpt lat="50.843149" lon="5.873396">
        <ele>137.166626</ele>
        <time>2026-07-23T00:21:43.135Z</time>
      </trkpt>
      <trkpt lat="50.843445" lon="5.873607">
        <ele>134.257584</ele>
        <time>2026-07-23T00:21:45.444Z</time>
      </trkpt>
      <trkpt lat="50.843615" lon="5.873684">
        <ele>132.672986</ele>
        <time>2026-07-23T00:21:46.733Z</time>
      </trkpt>
      <trkpt lat="50.843939" lon="5.873649">
        <ele>129.762605</ele>
        <time>2026-07-23T00:21:49.126Z</time>
      </trkpt>
      <trkpt lat="50.844485" lon="5.873611">
        <ele>124.864722</ele>
        <time>2026-07-23T00:21:52.823Z</time>
      </trkpt>
      <trkpt lat="50.845745" lon="5.873768">
        <ele>107.841721</ele>
        <time>2026-07-23T00:22:01.203Z</time>
      </trkpt>
      <trkpt lat="50.846318" lon="5.873904">
        <ele>99.579527</ele>
        <time>2026-07-23T00:22:05.061Z</time>
      </trkpt>
      <trkpt lat="50.846439" lon="5.873957">
        <ele>97.789302</ele>
        <time>2026-07-23T00:22:05.899Z</time>
      </trkpt>
      <trkpt lat="50.846451" lon="5.873961">
        <ele>97.614433</ele>
        <time>2026-07-23T00:22:05.980Z</time>
      </trkpt>
      <trkpt lat="50.846737" lon="5.874217">
        <ele>94.361437</ele>
        <time>2026-07-23T00:22:08.176Z</time>
      </trkpt>
      <trkpt lat="50.846756" lon="5.874224">
        <ele>94.169937</ele>
        <time>2026-07-23T00:22:08.313Z</time>
      </trkpt>
      <trkpt lat="50.847009" lon="5.874102">
        <ele>91.573705</ele>
        <time>2026-07-23T00:22:10.245Z</time>
      </trkpt>
      <trkpt lat="50.847171" lon="5.874170">
        <ele>89.928470</ele>
        <time>2026-07-23T00:22:11.392Z</time>
      </trkpt>
      <trkpt lat="50.847264" lon="5.874297">
        <ele>88.722998</ele>
        <time>2026-07-23T00:22:12.203Z</time>
      </trkpt>
      <trkpt lat="50.847294" lon="5.874434">
        <ele>87.824216</ele>
        <time>2026-07-23T00:22:12.802Z</time>
      </trkpt>
      <trkpt lat="50.847305" lon="5.874660">
        <ele>86.419254</ele>
        <time>2026-07-23T00:22:13.737Z</time>
      </trkpt>
      <trkpt lat="50.847335" lon="5.874708">
        <ele>86.000626</ele>
        <time>2026-07-23T00:22:14.019Z</time>
      </trkpt>
      <trkpt lat="50.847434" lon="5.874744">
        <ele>85.003470</ele>
        <time>2026-07-23T00:22:14.717Z</time>
      </trkpt>
      <trkpt lat="50.847596" lon="5.874767">
        <ele>83.406763</ele>
        <time>2026-07-23T00:22:16.280Z</time>
      </trkpt>
      <trkpt lat="50.847756" lon="5.874735">
        <ele>81.823593</ele>
        <time>2026-07-23T00:22:17.791Z</time>
      </trkpt>
      <trkpt lat="50.848235" lon="5.874520">
        <ele>79.569325</ele>
        <time>2026-07-23T00:22:22.138Z</time>
      </trkpt>
      <trkpt lat="50.848421" lon="5.874384">
        <ele>79.364728</ele>
        <time>2026-07-23T00:22:24.910Z</time>
      </trkpt>
      <trkpt lat="50.848473" lon="5.874341">
        <ele>79.306143</ele>
        <time>2026-07-23T00:22:25.709Z</time>
      </trkpt>
      <trkpt lat="50.848854" lon="5.874029">
        <ele>78.877789</ele>
        <time>2026-07-23T00:22:29.833Z</time>
      </trkpt>
      <trkpt lat="50.849947" lon="5.873346">
        <ele>78.055189</ele>
        <time>2026-07-23T00:22:42.908Z</time>
      </trkpt>
      <trkpt lat="50.850251" lon="5.873163">
        <ele>78.040980</ele>
        <time>2026-07-23T00:22:47.044Z</time>
      </trkpt>
      <trkpt lat="50.851152" lon="5.872730">
        <ele>77.999843</ele>
        <time>2026-07-23T00:22:57.472Z</time>
      </trkpt>
      <trkpt lat="50.851876" lon="5.872388">
        <ele>78.648742</ele>
        <time>2026-07-23T00:23:07.411Z</time>
      </trkpt>
      <trkpt lat="50.851535" lon="5.870855">
        <ele>79.787831</ele>
        <time>2026-07-23T00:23:25.497Z</time>
      </trkpt>
      <trkpt lat="50.851503" lon="5.870713">
        <ele>79.893497</ele>
        <time>2026-07-23T00:23:26.822Z</time>
      </trkpt>
      <trkpt lat="50.851351" lon="5.870056">
        <ele>80.985012</ele>
        <time>2026-07-23T00:23:32.815Z</time>
      </trkpt>
      <trkpt lat="50.851192" lon="5.869580">
        <ele>81.937346</ele>
        <time>2026-07-23T00:23:39.043Z</time>
      </trkpt>
      <trkpt lat="50.850824" lon="5.868714">
        <ele>83.783413</ele>
        <time>2026-07-23T00:23:56.427Z</time>
      </trkpt>
      <trkpt lat="50.850767" lon="5.868424">
        <ele>84.320542</ele>
        <time>2026-07-23T00:24:01.072Z</time>
      </trkpt>
      <trkpt lat="50.850755" lon="5.868076">
        <ele>84.936880</ele>
        <time>2026-07-23T00:24:05.060Z</time>
      </trkpt>
      <trkpt lat="50.850784" lon="5.867802">
        <ele>85.149713</ele>
        <time>2026-07-23T00:24:08.776Z</time>
      </trkpt>
      <trkpt lat="50.850884" lon="5.867345">
        <ele>85.410677</ele>
        <time>2026-07-23T00:24:15.512Z</time>
      </trkpt>
      <trkpt lat="50.851090" lon="5.866610">
        <ele>85.844564</ele>
        <time>2026-07-23T00:24:23.648Z</time>
      </trkpt>
      <trkpt lat="50.851485" lon="5.865474">
        <ele>86.544296</ele>
        <time>2026-07-23T00:24:31.083Z</time>
      </trkpt>
      <trkpt lat="50.851545" lon="5.865209">
        <ele>86.659737</ele>
        <time>2026-07-23T00:24:33.476Z</time>
      </trkpt>
      <trkpt lat="50.851647" lon="5.863880">
        <ele>87.181996</ele>
        <time>2026-07-23T00:24:49.180Z</time>
      </trkpt>
      <trkpt lat="50.851713" lon="5.863290">
        <ele>87.415740</ele>
        <time>2026-07-23T00:24:56.292Z</time>
      </trkpt>
      <trkpt lat="50.851838" lon="5.862724">
        <ele>87.649655</ele>
        <time>2026-07-23T00:25:00.050Z</time>
      </trkpt>
      <trkpt lat="50.852032" lon="5.862101">
        <ele>86.569444</ele>
        <time>2026-07-23T00:25:04.005Z</time>
      </trkpt>
      <trkpt lat="50.852123" lon="5.861772">
        <ele>85.935794</ele>
        <time>2026-07-23T00:25:05.871Z</time>
      </trkpt>
      <trkpt lat="50.852168" lon="5.861520">
        <ele>85.473798</ele>
        <time>2026-07-23T00:25:07.250Z</time>
      </trkpt>
      <trkpt lat="50.852309" lon="5.859667">
        <ele>82.431104</ele>
        <time>2026-07-23T00:25:16.402Z</time>
      </trkpt>
      <trkpt lat="50.852372" lon="5.859565">
        <ele>82.313543</ele>
        <time>2026-07-23T00:25:17.111Z</time>
      </trkpt>
      <trkpt lat="50.852434" lon="5.859210">
        <ele>82.010090</ele>
        <time>2026-07-23T00:25:19.437Z</time>
      </trkpt>
      <trkpt lat="50.852480" lon="5.859029">
        <ele>81.849343</ele>
        <time>2026-07-23T00:25:21.601Z</time>
      </trkpt>
      <trkpt lat="50.852632" lon="5.858541">
        <ele>81.401035</ele>
        <time>2026-07-23T00:25:27.134Z</time>
      </trkpt>
      <trkpt lat="50.852641" lon="5.858413">
        <ele>81.294930</ele>
        <time>2026-07-23T00:25:28.099Z</time>
      </trkpt>
      <trkpt lat="50.852910" lon="5.857935">
        <ele>80.767384</ele>
        <time>2026-07-23T00:25:31.573Z</time>
      </trkpt>
      <trkpt lat="50.853321" lon="5.857396">
        <ele>80.287610</ele>
        <time>2026-07-23T00:25:36.263Z</time>
      </trkpt>
      <trkpt lat="50.853496" lon="5.857170">
        <ele>80.268243</ele>
        <time>2026-07-23T00:25:39.216Z</time>
      </trkpt>
      <trkpt lat="50.853648" lon="5.856937">
        <ele>80.250100</ele>
        <time>2026-07-23T00:25:41.798Z</time>
      </trkpt>
      <trkpt lat="50.854000" lon="5.856286">
        <ele>80.203685</ele>
        <time>2026-07-23T00:25:48.358Z</time>
      </trkpt>
      <trkpt lat="50.854357" lon="5.855436">
        <ele>80.146104</ele>
        <time>2026-07-23T00:25:56.381Z</time>
      </trkpt>
      <trkpt lat="50.854551" lon="5.854922">
        <ele>79.654902</ele>
        <time>2026-07-23T00:26:03.168Z</time>
      </trkpt>
      <trkpt lat="50.854619" lon="5.854660">
        <ele>79.422550</ele>
        <time>2026-07-23T00:26:05.921Z</time>
      </trkpt>
      <trkpt lat="50.854765" lon="5.854054">
        <ele>78.890527</ele>
        <time>2026-07-23T00:26:09.812Z</time>
      </trkpt>
      <trkpt lat="50.854770" lon="5.854024">
        <ele>78.865077</ele>
        <time>2026-07-23T00:26:09.978Z</time>
      </trkpt>
      <trkpt lat="50.854803" lon="5.853816">
        <ele>78.689166</ele>
        <time>2026-07-23T00:26:11.111Z</time>
      </trkpt>
      <trkpt lat="50.854869" lon="5.853288">
        <ele>78.247681</ele>
        <time>2026-07-23T00:26:13.842Z</time>
      </trkpt>
      <trkpt lat="50.854922" lon="5.852450">
        <ele>77.584992</ele>
        <time>2026-07-23T00:26:18.185Z</time>
      </trkpt>
      <trkpt lat="50.854974" lon="5.852111">
        <ele>77.330409</ele>
        <time>2026-07-23T00:26:20.087Z</time>
      </trkpt>
      <trkpt lat="50.854989" lon="5.851664">
        <ele>77.003751</ele>
        <time>2026-07-23T00:26:22.463Z</time>
      </trkpt>
      <trkpt lat="50.855001" lon="5.851214">
        <ele>76.675072</ele>
        <time>2026-07-23T00:26:24.884Z</time>
      </trkpt>
      <trkpt lat="50.855179" lon="5.845331">
        <ele>77.118289</ele>
        <time>2026-07-23T00:27:16.556Z</time>
      </trkpt>
      <trkpt lat="50.855216" lon="5.844902">
        <ele>77.175462</ele>
        <time>2026-07-23T00:27:19.527Z</time>
      </trkpt>
      <trkpt lat="50.855342" lon="5.844225">
        <ele>77.262332</ele>
        <time>2026-07-23T00:27:24.122Z</time>
      </trkpt>
      <trkpt lat="50.855923" lon="5.842357">
        <ele>77.194676</ele>
        <time>2026-07-23T00:27:38.567Z</time>
      </trkpt>
      <trkpt lat="50.856067" lon="5.841847">
        <ele>77.176525</ele>
        <time>2026-07-23T00:27:44.779Z</time>
      </trkpt>
      <trkpt lat="50.856180" lon="5.841305">
        <ele>77.524742</ele>
        <time>2026-07-23T00:27:51.534Z</time>
      </trkpt>
      <trkpt lat="50.856205" lon="5.841020">
        <ele>77.778476</ele>
        <time>2026-07-23T00:27:55.023Z</time>
      </trkpt>
      <trkpt lat="50.856410" lon="5.840120">
        <ele>78.622195</ele>
        <time>2026-07-23T00:28:07.612Z</time>
      </trkpt>
      <trkpt lat="50.856569" lon="5.839638">
        <ele>79.101764</ele>
        <time>2026-07-23T00:28:15.402Z</time>
      </trkpt>
      <trkpt lat="50.856797" lon="5.839147">
        <ele>79.639258</ele>
        <time>2026-07-23T00:28:26.738Z</time>
      </trkpt>
      <trkpt lat="50.856850" lon="5.838954">
        <ele>79.701215</ele>
        <time>2026-07-23T00:28:30.345Z</time>
      </trkpt>
      <trkpt lat="50.856869" lon="5.838770">
        <ele>79.721781</ele>
        <time>2026-07-23T00:28:32.028Z</time>
      </trkpt>
      <trkpt lat="50.856986" lon="5.838425">
        <ele>79.764981</ele>
        <time>2026-07-23T00:28:34.865Z</time>
      </trkpt>
      <trkpt lat="50.857374" lon="5.837328">
        <ele>79.903685</ele>
        <time>2026-07-23T00:28:45.636Z</time>
      </trkpt>
      <trkpt lat="50.857557" lon="5.836948">
        <ele>79.956405</ele>
        <time>2026-07-23T00:28:51.822Z</time>
      </trkpt>
      <trkpt lat="50.857722" lon="5.836687">
        <ele>79.997150</ele>
        <time>2026-07-23T00:28:59.041Z</time>
      </trkpt>
      <trkpt lat="50.857731" lon="5.836609">
        <ele>79.997831</ele>
        <time>2026-07-23T00:29:00.360Z</time>
      </trkpt>
      <trkpt lat="50.858152" lon="5.836206">
        <ele>79.997831</ele>
        <time>2026-07-23T00:29:06.737Z</time>
      </trkpt>
      <trkpt lat="50.858329" lon="5.836057">
        <ele>79.997831</ele>
        <time>2026-07-23T00:29:08.242Z</time>
      </trkpt>
      <trkpt lat="50.858412" lon="5.835985">
        <ele>79.997831</ele>
        <time>2026-07-23T00:29:08.995Z</time>
      </trkpt>
      <trkpt lat="50.858440" lon="5.835959">
        <ele>79.997831</ele>
        <time>2026-07-23T00:29:09.349Z</time>
      </trkpt>
      <trkpt lat="50.858584" lon="5.835825">
        <ele>79.997831</ele>
        <time>2026-07-23T00:29:12.737Z</time>
      </trkpt>
      <trkpt lat="50.858663" lon="5.835743">
        <ele>79.997831</ele>
        <time>2026-07-23T00:29:14.213Z</time>
      </trkpt>
    </trkseg>
  </trk>
</gpx>